num__lat,num__lon,num__depth_km,num__abs_lat,num__nst,num__gap,num__dmin,num__rms,num__hour,num__dayofweek,num__update_lag_hours,num__is_reviewed,num__nst_missing,num__is_shallow,nom__region_Alaska,nom__region_CA,nom__region_Hawaii,nom__region_Indonesia,nom__region_Japan,nom__region_Montana,nom__region_Nevada,nom__region_New Mexico,nom__region_Oklahoma,nom__region_Other,nom__region_Papua New Guinea,nom__region_Puerto Rico,nom__region_Russia,nom__region_Texas,nom__region_Utah,nom__region_Washington,nom__net_ak,nom__net_av,nom__net_ci,nom__net_hv,nom__net_mb,nom__net_nc,nom__net_nm,nom__net_nn,nom__net_ok,nom__net_pr,nom__net_se,nom__net_tx,nom__net_us,nom__net_uu,nom__net_uw,mag,big_quake
0.01755241647181494,0.15333377097736575,-0.6524484779362982,0.0036464172868765593,-0.5217391304347826,1.5395189003436427,5.327438860521364,0.09133333333333335,0.0,-0.3333333333333333,-0.14787246254366102,-1.0,0.0,0.0,0.0,0.0,0.0,0.0,0.0,0.0,1.0,0.0,0.0,0.0,0.0,0.0,0.0,0.0,0.0,0.0,0.0,0.0,0.0,0.0,0.0,0.0,0.0,1.0,0.0,0.0,0.0,0.0,0.0,0.0,0.0,1.79,0
-0.2602175887456769,0.55902926579333,-0.07036117459040861,-0.273855464988843,-0.13043478260869565,-0.4536082474226804,0.17291050792797635,0.06666666666666672,-0.2727272727272727,0.3333333333333333,0.42123411083574913,0.0,0.0,0.0,0.0,0.0,0.0,0.0,0.0,0.0,0.0,0.0,0.0,0.0,0.0,0.0,0.0,1.0,0.0,0.0,0.0,0.0,0.0,0.0,0.0,0.0,0.0,0.0,0.0,0.0,0.0,1.0,0.0,0.0,0.0,1.5,0
0.7685327252700516,-1.0402376245115026,3.7681143405879647,0.7539018276229831,0.6956521739130435,1.2920962199312716,4.349207202364955,1.2,-0.09090909090909091,-0.6666666666666666,0.326356363747868,0.0,0.0,0.0,1.0,0.0,0.0,0.0,0.0,0.0,0.0,0.0,0.0,0.0,0.0,0.0,0.0,0.0,0.0,0.0,0.0,0.0,0.0,0.0,0.0,0.0,0.0,0.0,0.0,0.0,0.0,0.0,1.0,0.0,0.0,4.0,0
1.1626504859997273,-0.5462990125237002,-0.44859294946299894,1.1476391584594858,-0.391304347826087,0.054982817869415807,2.322870196183821,1.3999999999999997,-0.8181818181818182,-0.3333333333333333,-0.14963965223228748,-1.0,0.0,0.0,1.0,0.0,0.0,0.0,0.0,0.0,0.0,0.0,0.0,0.0,0.0,0.0,0.0,0.0,0.0,0.0,1.0,0.0,0.0,0.0,0.0,0.0,0.0,0.0,0.0,0.0,0.0,0.0,0.0,0.0,0.0,1.4,0
-0.2998705288991098,0.48394507065911346,0.04156437382527935,-0.31347012936460317,0.17391304347826086,-0.4536082474226804,-0.36457941413598494,0.06666666666666672,-0.7272727272727273,0.0,0.2899961706249063,0.0,0.0,0.0,0.0,0.0,0.0,0.0,0.0,0.0,0.0,0.0,0.0,0.0,0.0,0.0,0.0,1.0,0.0,0.0,0.0,0.0,0.0,0.0,0.0,0.0,0.0,0.0,0.0,0.0,0.0,1.0,0.0,0.0,0.0,1.6,0
0.034659593739127546,-0.013921118277178957,-0.46986483576660715,0.020737081516034667,-0.2608695652173913,-0.39862542955326463,-0.2957807041117979,-0.5666666666666665,-0.2727272727272727,0.0,-0.14954810609878874,-1.0,0.0,0.0,0.0,1.0,0.0,0.0,0.0,0.0,0.0,0.0,0.0,0.0,0.0,0.0,0.0,0.0,0.0,0.0,0.0,0.0,0.0,0.0,0.0,1.0,0.0,0.0,0.0,0.0,0.0,0.0,0.0,0.0,0.0,0.76,0
1.0819532744594078,-0.7945505988328119,0.42000886751018957,1.0670198414842547,-0.391304347826087,1.2371134020618557,0.7104004299919376,0.7333333333333333,0.2727272727272727,0.6666666666666666,-0.06638393065146417,0.0,0.0,0.0,1.0,0.0,0.0,0.0,0.0,0.0,0.0,0.0,0.0,0.0,0.0,0.0,0.0,0.0,0.0,0.0,1.0,0.0,0.0,0.0,0.0,0.0,0.0,0.0,0.0,0.0,0.0,0.0,0.0,0.0,0.0,1.0,0
1.0180757116079533,-0.8146736218737092,-0.7180367784016206,1.00320393770233,-0.6956521739130435,0.5910652920962199,-0.27406611126041386,-0.1666666666666666,0.0,0.0,0.6263755178320183,0.0,0.0,0.0,1.0,0.0,0.0,0.0,0.0,0.0,0.0,0.0,0.0,0.0,0.0,0.0,0.0,0.0,0.0,0.0,0.0,1.0,0.0,0.0,0.0,0.0,0.0,0.0,0.0,0.0,0.0,0.0,0.0,0.0,0.0,-0.83,0
-0.20868422578214,0.14805555761245826,-0.47695545777232745,-0.22237184561395018,0.8260869565217391,-0.563573883161512,-0.1219027143241064,0.03333333333333336,0.09090909090909091,0.0,-0.14244932627602613,0.0,0.0,0.0,0.0,1.0,0.0,0.0,0.0,0.0,0.0,0.0,0.0,0.0,0.0,0.0,0.0,0.0,0.0,0.0,0.0,0.0,1.0,0.0,0.0,0.0,0.0,0.0,0.0,0.0,0.0,0.0,0.0,0.0,0.0,0.67,0
-0.20393051073450627,0.1449678513150724,0.7568136536834669,-0.21762271918293805,1.9565217391304348,-0.8797250859106529,0.06869121203977424,0.03333333333333336,0.09090909090909091,-1.0,-0.10006794820625914,0.0,0.0,0.0,0.0,1.0,0.0,0.0,0.0,0.0,0.0,0.0,0.0,0.0,0.0,0.0,0.0,0.0,0.0,0.0,0.0,0.0,1.0,0.0,0.0,0.0,0.0,0.0,0.0,0.0,0.0,0.0,0.0,0.0,0.0,1.19,0
-0.2144041430752308,0.1542442032341925,-0.44504763592433283,-0.22808624164476463,0.6521739130434783,0.027491408934707903,0.30352055898951885,-0.13333333333333325,-0.7272727272727273,0.3333333333333333,3.3584508588334363,0.0,0.0,0.0,0.0,1.0,0.0,0.0,0.0,0.0,0.0,0.0,0.0,0.0,0.0,0.0,0.0,0.0,0.0,0.0,0.0,0.0,1.0,0.0,0.0,0.0,0.0,0.0,0.0,0.0,0.0,0.0,0.0,0.0,0.0,0.68,0
0.37047285937892377,0.0008116663085413125,-0.5904054910096419,0.3562261968192998,2.3043478260869565,-0.6323024054982818,0.19871002418704647,-0.19999999999999996,-0.6363636363636364,0.6666666666666666,2.656248565086239,0.0,0.0,0.0,0.0,0.0,0.0,0.0,0.0,0.0,0.0,0.0,0.0,0.0,0.0,0.0,0.0,0.0,0.0,1.0,0.0,0.0,0.0,0.0,0.0,0.0,0.0,0.0,0.0,0.0,0.0,0.0,0.0,0.0,1.0,1.83,0
-0.42842953487023966,0.618180896433081,0.021666301589516008,-0.4419050412354888,0.5652173913043478,-0.013745704467353952,0.7104004299919376,0.3999999999999999,0.7272727272727273,-0.3333333333333333,-0.04573704805826407,0.0,0.0,0.0,0.0,0.0,0.0,0.0,0.0,0.0,0.0,0.0,0.0,0.0,0.0,0.0,0.0,1.0,0.0,0.0,0.0,0.0,0.0,0.0,0.0,0.0,0.0,0.0,0.0,0.0,0.0,1.0,0.0,0.0,0.0,2.6,0
0.7332702081199634,-1.1784759998486607,-0.5389984446989838,0.7186733483087122,-0.6956521739130435,0.16494845360824742,-0.250201558720774,-0.06666666666666662,0.0,-1.0,0.6141042826046607,0.0,0.0,0.0,1.0,0.0,0.0,0.0,0.0,0.0,0.0,0.0,0.0,0.0,0.0,0.0,0.0,0.0,0.0,0.0,0.0,1.0,0.0,0.0,0.0,0.0,0.0,0.0,0.0,0.0,0.0,0.0,0.0,0.0,0.0,0.01,0
0.3034431583218987,-0.17626917204783818,0.23387990673022066,0.2892611974949887,1.8695652173913044,2.281786941580756,19.14630475678581,2.333333333333333,1.0,1.0,1.2825351483870184,0.0,0.0,0.0,0.0,0.0,0.0,0.0,0.0,0.0,0.0,0.0,0.0,1.0,0.0,0.0,0.0,0.0,0.0,0.0,0.0,0.0,0.0,0.0,0.0,0.0,0.0,0.0,0.0,0.0,0.0,0.0,1.0,0.0,0.0,4.2,0
-0.21071711530657813,0.15085654832507028,0.4333037932801874,-0.22440277285193064,0.34782608695652173,-0.23367697594501718,-0.13222252082773447,-0.19999999999999996,-0.6363636363636364,0.0,0.37844950796774934,0.0,0.0,0.0,0.0,1.0,0.0,0.0,0.0,0.0,0.0,0.0,0.0,0.0,0.0,0.0,0.0,0.0,0.0,0.0,0.0,0.0,1.0,0.0,0.0,0.0,0.0,0.0,0.0,0.0,0.0,0.0,0.0,0.0,0.0,0.49,0
-0.42740922529904013,0.6177309735154634,0.11728340772734008,-0.4408857165381007,0.0,0.027491408934707903,0.7104004299919376,0.3999999999999999,-0.09090909090909091,0.0,0.46298152039714713,0.0,0.0,0.0,0.0,0.0,0.0,0.0,0.0,0.0,0.0,0.0,0.0,0.0,0.0,0.0,0.0,1.0,0.0,0.0,0.0,0.0,0.0,0.0,0.0,0.0,0.0,0.0,0.0,0.0,0.0,1.0,0.0,0.0,0.0,1.9,0
0.7337803629055631,-1.174153211032342,-0.032018608669735014,0.7191830106574063,-0.7391304347826086,2.9140893470790377,-0.17699543133566245,-0.3666666666666666,0.6363636363636364,0.6666666666666666,1.4547297840843005,0.0,0.0,0.0,1.0,0.0,0.0,0.0,0.0,0.0,0.0,0.0,0.0,0.0,0.0,0.0,0.0,0.0,0.0,0.0,0.0,1.0,0.0,0.0,0.0,0.0,0.0,0.0,0.0,0.0,0.0,0.0,0.0,0.0,0.0,0.36,0
1.1015246671433245,-0.7254477318975145,-0.2092842856030388,1.086572342497788,-0.43478260869565216,0.39862542955326463,1.7853802741198601,1.7333333333333332,-0.09090909090909091,0.6666666666666666,-0.15004361849488448,-1.0,0.0,0.0,1.0,0.0,0.0,0.0,0.0,0.0,0.0,0.0,0.0,0.0,0.0,0.0,0.0,0.0,0.0,0.0,1.0,0.0,0.0,0.0,0.0,0.0,0.0,0.0,0.0,0.0,0.0,0.0,0.0,0.0,0.0,1.4,0
-0.8665597402848365,-0.8734194396858137,-0.6240859696269696,-0.8796123328820455,-0.13043478260869565,-0.48109965635738833,-0.2971244289169578,-0.2666666666666666,-0.7272727272727273,0.0,-0.048310094171864805,0.0,0.0,0.0,0.0,0.0,1.0,0.0,0.0,0.0,0.0,0.0,0.0,0.0,0.0,0.0,0.0,0.0,0.0,0.0,0.0,0.0,0.0,1.0,0.0,0.0,0.0,0.0,0.0,0.0,0.0,0.0,0.0,0.0,0.0,1.84,0
-0.10737992068687638,0.02887440539038104,-0.05506316695751169,-0.12116532648472371,-0.5652173913043478,0.43986254295532645,0.12158022037086803,-0.3999999999999999,0.9090909090909091,-0.3333333333333333,-0.08959573620423066,-1.0,0.0,0.0,0.0,1.0,0.0,0.0,0.0,0.0,0.0,0.0,0.0,0.0,0.0,0.0,0.0,0.0,0.0,0.0,0.0,0.0,0.0,0.0,0.0,1.0,0.0,0.0,0.0,0.0,0.0,0.0,0.0,0.0,0.0,1.49,0
-0.21397901408722947,0.1532561372190404,0.4962331085915103,-0.22766152302085138,1.3043478260869565,-0.7147766323024055,0.12915882827196987,0.03333333333333336,-0.45454545454545453,-1.0,0.23567596404074145,0.0,0.0,0.0,0.0,1.0,0.0,0.0,0.0,0.0,0.0,0.0,0.0,0.0,0.0,0.0,0.0,0.0,0.0,0.0,0.0,0.0,1.0,0.0,0.0,0.0,0.0,0.0,0.0,0.0,0.0,0.0,0.0,0.0,0.0,0.7,0
0.03393299596897235,-0.014662164557838234,-0.5124085893552799,0.020011185108618282,-0.4782608695652174,0.35738831615120276,-0.34113947863477556,-0.5666666666666665,-0.45454545454545453,0.6666666666666666,-0.14956446774575854,-1.0,0.0,0.0,0.0,1.0,0.0,0.0,0.0,0.0,0.0,0.0,0.0,0.0,0.0,0.0,0.0,0.0,0.0,0.0,0.0,0.0,0.0,0.0,0.0,1.0,0.0,0.0,0.0,0.0,0.0,0.0,0.0,0.0,0.0,0.47,0
-1.7865311406983702,2.7080199166597754,0.23387990673022066,-1.7586177190864125,2.1739130434782608,-0.5360824742268041,49.68648212846008,2.1,-0.9090909090909091,-1.0,-0.1343359760482625,0.0,0.0,0.0,0.0,0.0,0.0,0.0,0.0,0.0,0.0,0.0,0.0,1.0,0.0,0.0,0.0,0.0,0.0,0.0,0.0,0.0,0.0,0.0,0.0,0.0,0.0,0.0,0.0,0.0,0.0,0.0,1.0,0.0,0.0,5.3,1
-0.10996154515063324,0.12620341904501298,-0.46277420361766314,-0.1237444589848676,-0.6956521739130435,0.7972508591065293,0.1319537758667025,-0.3666666666666666,0.45454545454545453,-0.3333333333333333,0.07434175460959229,0.0,0.0,0.0,0.0,1.0,0.0,0.0,0.0,0.0,0.0,0.0,0.0,0.0,0.0,0.0,0.0,0.0,0.0,0.0,0.0,0.0,1.0,0.0,0.0,0.0,0.0,0.0,0.0,0.0,0.0,0.0,0.0,0.0,0.0,-0.09,0
0.03270395416004213,-0.012527264741671656,-0.5877465041651051,0.018783329656383112,-0.13043478260869565,0.5223367697594502,-0.3288255845202902,-0.5333333333333332,0.0,-0.3333333333333333,-0.1495259115988206,-1.0,0.0,0.0,0.0,1.0,0.0,0.0,0.0,0.0,0.0,0.0,0.0,0.0,0.0,0.0,0.0,0.0,0.0,0.0,0.0,0.0,0.0,0.0,0.0,1.0,0.0,0.0,0.0,0.0,0.0,0.0,0.0,0.0,0.0,1.29,0
1.22298788382384,-0.652507287135477,-0.2092842856030388,1.2079183144277479,-0.30434782608695654,-0.17869415807560138,0.17291050792797635,0.3999999999999999,-0.6363636363636364,-0.3333333333333333,-0.1500428770305203,-1.0,0.0,0.0,1.0,0.0,0.0,0.0,0.0,0.0,0.0,0.0,0.0,0.0,0.0,0.0,0.0,0.0,0.0,0.0,1.0,0.0,0.0,0.0,0.0,0.0,0.0,0.0,0.0,0.0,0.0,0.0,0.0,0.0,0.0,1.0,0
0.376215965525901,0.0025496038530470415,-0.39275426122900825,0.3619637593205049,-0.34782608695652173,1.3333333333333333,-0.35610319806503626,-0.3666666666666666,0.36363636363636365,-0.3333333333333333,0.06727925710971747,0.0,0.0,0.0,0.0,0.0,0.0,0.0,0.0,0.0,0.0,0.0,0.0,0.0,0.0,0.0,0.0,0.0,0.0,1.0,0.0,0.0,0.0,0.0,0.0,0.0,0.0,0.0,0.0,0.0,0.0,0.0,0.0,0.0,1.0,0.24,0
1.0184467332702076,-0.8152426420342259,-0.5460890717763159,1.0035746012286528,-0.6956521739130435,0.5085910652920962,-0.2819672131147541,-0.09999999999999998,-0.9090909090909091,0.3333333333333333,1.1071803915695555,0.0,0.0,0.0,1.0,0.0,0.0,0.0,0.0,0.0,0.0,0.0,0.0,0.0,0.0,0.0,0.0,0.0,0.0,0.0,0.0,1.0,0.0,0.0,0.0,0.0,0.0,0.0,0.0,0.0,0.0,0.0,0.0,0.0,0.0,-0.71,0
-0.8767396591732897,-0.8792198605167416,2.2210279828609805,-0.8897824254042672,0.6086956521739131,0.10996563573883161,-0.09201827465735019,-0.16666668333333326,0.5454545454545454,0.3333333333333333,0.0461903628935444,-1.0,0.0,0.0,0.0,0.0,1.0,0.0,0.0,0.0,0.0,0.0,0.0,0.0,0.0,0.0,0.0,0.0,0.0,0.0,0.0,0.0,0.0,1.0,0.0,0.0,0.0,0.0,0.0,0.0,0.0,0.0,0.0,0.0,0.0,1.95,0
-0.21398674370519466,0.1534943317048381,0.5015510788995093,-0.22766924517765133,0.9130434782608695,-0.3436426116838488,0.16887933351249665,-0.13333333333333325,0.9090909090909091,1.0,0.7877894923517685,0.0,0.0,0.0,0.0,1.0,0.0,0.0,0.0,0.0,0.0,0.0,0.0,0.0,0.0,0.0,0.0,0.0,0.0,0.0,0.0,0.0,1.0,0.0,0.0,0.0,0.0,0.0,0.0,0.0,0.0,0.0,0.0,0.0,0.0,0.84,0
1.0245376722255481,-0.8029668039976626,8.742632399528802,1.0096596607857855,1.434782608695652,0.20618556701030927,0.17291050792797635,1.0666666666666664,-1.0,0.0,-0.14747594387867768,-1.0,0.0,-1.0,1.0,0.0,0.0,0.0,0.0,0.0,0.0,0.0,0.0,0.0,0.0,0.0,0.0,0.0,0.0,0.0,1.0,0.0,0.0,0.0,0.0,0.0,0.0,0.0,0.0,0.0,0.0,0.0,0.0,0.0,0.0,2.1,0
-0.4285222902858032,0.6174398469217104,-0.1115931710450951,-0.4419977071170695,0.0,0.0,0.17291050792797635,0.7333333333333333,-0.8181818181818182,-1.0,0.40562762060538876,0.0,0.0,0.0,0.0,0.0,0.0,0.0,0.0,0.0,0.0,0.0,0.0,0.0,0.0,0.0,0.0,1.0,0.0,0.0,0.0,0.0,0.0,0.0,0.0,0.0,0.0,0.0,0.0,0.0,0.0,1.0,0.0,0.0,0.0,1.8,0
0.9351214516222518,-0.8696083279130511,-0.2092842856030388,0.9203297509419663,-0.43478260869565216,0.027491408934707903,-0.36457941413598494,-0.2666666666666666,-0.5454545454545454,1.0,1.872370132485718,-1.0,0.0,0.0,1.0,0.0,0.0,0.0,0.0,0.0,0.0,0.0,0.0,0.0,0.0,0.0,0.0,0.0,0.0,0.0,1.0,0.0,0.0,0.0,0.0,0.0,0.0,0.0,0.0,0.0,0.0,0.0,0.0,0.0,0.0,0.8,0
-0.23331851823223715,0.16914459162353476,-0.19776201660237405,-0.2469823593304327,1.6956521739130435,-0.8109965635738832,0.08626713249126575,0.2333333333333333,-0.45454545454545453,-1.0,0.3959130533676763,0.0,0.0,0.0,0.0,1.0,0.0,0.0,0.0,0.0,0.0,0.0,0.0,0.0,0.0,0.0,0.0,0.0,0.0,0.0,0.0,0.0,1.0,0.0,0.0,0.0,0.0,0.0,0.0,0.0,0.0,0.0,0.0,0.0,0.0,1.58,0
-0.8938839397862777,1.45459642230255,0.5396631994401696,-0.9069101571643692,-0.30434782608695654,1.9106529209621994,1.7875302338081158,0.3999999999999999,-0.2727272727272727,-1.0,-0.12385888685841623,0.0,0.0,0.0,0.0,0.0,0.0,0.0,0.0,0.0,0.0,0.0,0.0,0.0,0.0,1.0,0.0,0.0,0.0,0.0,0.0,0.0,0.0,0.0,0.0,0.0,0.0,0.0,0.0,1.0,0.0,0.0,0.0,0.0,0.0,2.9,0
1.026346402829038,-0.8060104002050773,10.462109465781849,1.01146664547661,1.0434782608695652,0.4536082474226804,0.7104004299919376,0.7333333333333333,-0.6363636363636364,0.3333333333333333,-0.1479548145190438,-1.0,0.0,-1.0,1.0,0.0,0.0,0.0,0.0,0.0,0.0,0.0,0.0,0.0,0.0,0.0,0.0,0.0,0.0,0.0,1.0,0.0,0.0,0.0,0.0,0.0,0.0,0.0,0.0,0.0,0.0,0.0,0.0,0.0,0.0,1.7,0
0.04990550542039369,0.08580563425373039,-0.08120983401872679,0.03596827678223367,0.34782608695652173,-0.20618556701030927,0.10303681805966133,-0.1253333333333333,-0.9090909090909091,-1.0,0.7290632244068221,0.0,0.0,0.0,0.0,0.0,0.0,0.0,0.0,0.0,1.0,0.0,0.0,0.0,0.0,0.0,0.0,0.0,0.0,0.0,0.0,0.0,0.0,0.0,0.0,0.0,0.0,1.0,0.0,0.0,0.0,0.0,0.0,0.0,0.0,2.8,0
0.07404510232081678,7.024638613603634,2.615267010652224,0.060084572463617404,0.6086956521739131,1.429553264604811,10.014350980919106,0.8999999999999999,-0.45454545454545453,-0.6666666666666666,0.014539012223727964,0.0,0.0,0.0,0.0,0.0,0.0,0.0,1.0,0.0,0.0,0.0,0.0,0.0,0.0,0.0,0.0,0.0,0.0,0.0,0.0,0.0,0.0,0.0,0.0,0.0,0.0,0.0,0.0,0.0,0.0,0.0,1.0,0.0,0.0,4.4,0
0.034659593739127546,-0.013409453079590314,-0.47075116330600525,0.020737081516034667,-0.391304347826087,-0.20618556701030927,-0.35031443160440734,-0.5333333333333332,0.0,-0.6666666666666666,-0.14957656185338777,-1.0,0.0,0.0,0.0,1.0,0.0,0.0,0.0,0.0,0.0,0.0,0.0,0.0,0.0,0.0,0.0,0.0,0.0,0.0,0.0,0.0,0.0,0.0,0.0,1.0,0.0,0.0,0.0,0.0,0.0,0.0,0.0,0.0,0.0,0.73,0
-2.915489767918219,7.964432310712884,48.737757593413136,-0.6307488413088491,1.7391304347826086,0.027491408934707903,28.654501478097284,2.133333333333333,-0.6363636363636364,0.3333333333333333,-0.13608850121946384,0.0,0.0,-1.0,0.0,0.0,0.0,0.0,0.0,0.0,0.0,0.0,0.0,1.0,0.0,0.0,0.0,0.0,0.0,0.0,0.0,0.0,0.0,0.0,0.0,0.0,0.0,0.0,0.0,0.0,0.0,0.0,1.0,0.0,0.0,5.0,1
1.159821445825038,-0.71036208113033,5.9063815685959415,1.1448128490712737,0.8695652173913043,-0.5773195876288659,1.2478903520558988,2.066666666666667,1.0,1.0,-0.14905076475726128,-1.0,0.0,-1.0,1.0,0.0,0.0,0.0,0.0,0.0,0.0,0.0,0.0,0.0,0.0,0.0,0.0,0.0,0.0,0.0,1.0,0.0,0.0,0.0,0.0,0.0,0.0,0.0,0.0,0.0,0.0,0.0,0.0,0.0,0.0,2.1,0
1.2396374809175033,-0.663940622453765,-0.2092842856030388,1.2245518401714879,-0.391304347826087,0.5223367697594502,1.2478903520558988,1.0666666666666664,-1.0,0.3333333333333333,-0.14976874941658605,-1.0,0.0,0.0,1.0,0.0,0.0,0.0,0.0,0.0,0.0,0.0,0.0,0.0,0.0,0.0,0.0,0.0,0.0,0.0,1.0,0.0,0.0,0.0,0.0,0.0,0.0,0.0,0.0,0.0,0.0,0.0,0.0,0.0,0.0,0.9,0
-0.21333745579624977,0.15085213731606523,-0.10203855105839,-0.22702058400658645,-0.30434782608695654,-0.013745704467353952,-0.28395592582639073,-0.3666666666666666,0.45454545454545453,-0.6666666666666666,-0.10691538808654692,0.0,0.0,0.0,0.0,1.0,0.0,0.0,0.0,0.0,0.0,0.0,0.0,0.0,0.0,0.0,0.0,0.0,0.0,0.0,0.0,0.0,1.0,0.0,0.0,0.0,0.0,0.0,0.0,0.0,0.0,0.0,0.0,0.0,0.0,0.25,0
-0.8578407750972534,-0.8735782166253587,1.4605584046329816,-0.8709017838464997,0.6521739130434783,-0.13745704467353953,0.343832303144316,-0.09999997999999999,0.0,0.3333333333333333,-0.1476513249162876,-1.0,0.0,0.0,0.0,0.0,1.0,0.0,0.0,0.0,0.0,0.0,0.0,0.0,0.0,0.0,0.0,0.0,0.0,0.0,0.0,0.0,0.0,1.0,0.0,0.0,0.0,0.0,0.0,0.0,0.0,0.0,0.0,0.0,0.0,1.84,0
0.7434578445960276,-1.1563283236784838,-0.1374916864450508,0.7288511509689923,-0.34782608695652173,-0.46735395189003437,-0.3072292394517603,0.30000000000000004,0.5454545454545454,0.6666666666666666,1.462870733263398,0.0,0.0,0.0,1.0,0.0,0.0,0.0,0.0,0.0,0.0,0.0,0.0,0.0,0.0,0.0,0.0,0.0,0.0,0.0,0.0,1.0,0.0,0.0,0.0,0.0,0.0,0.0,0.0,0.0,0.0,0.0,0.0,0.0,0.0,1.12,0
0.2841407563431164,0.30933969055144855,0.7559273252988004,0.26997742753803955,-0.5217391304347826,0.7010309278350515,0.009621069604944906,0.06666666666666672,-1.0,-1.0,0.6469967951891751,0.0,0.0,0.0,0.0,0.0,0.0,0.0,0.0,0.0,0.0,0.0,0.0,1.0,0.0,0.0,0.0,0.0,0.0,0.0,0.0,0.0,0.0,0.0,0.0,0.0,0.0,0.0,0.0,0.0,0.0,0.0,0.0,1.0,0.0,0.55,0
0.9361881389012328,-0.8641033886857276,-0.2092842856030388,0.9213954085801445,-0.5217391304347826,0.9759450171821306,0.17291050792797635,0.3999999999999999,0.18181818181818182,1.0,-0.1504413729338082,-1.0,0.0,0.0,1.0,0.0,0.0,0.0,0.0,0.0,0.0,0.0,0.0,0.0,0.0,0.0,0.0,0.0,0.0,0.0,1.0,0.0,0.0,0.0,0.0,0.0,0.0,0.0,0.0,0.0,0.0,0.0,0.0,0.0,0.0,0.6,0
-0.11779891182438391,0.676136937905388,-0.25960067505573103,-0.13157426048682563,-0.08695652173913043,-0.3192721756701031,-0.19065849492072023,0.23483225166666674,-0.9090909090909091,-0.6666666666666666,-0.14928261242545082,-1.0,0.0,0.0,0.0,0.0,0.0,0.0,0.0,0.0,0.0,0.0,1.0,0.0,0.0,0.0,0.0,0.0,0.0,0.0,0.0,0.0,0.0,0.0,0.0,0.0,0.0,0.0,1.0,0.0,0.0,0.0,0.0,0.0,0.0,1.64,0
-0.2095808614659244,0.14509135956697647,-0.05772213182506407,-0.22326761580256693,0.043478260869565216,-0.24742268041237114,-0.1470034936844934,-0.2666666666666666,0.5454545454545454,-1.0,-0.0995914502518584,0.0,0.0,0.0,0.0,1.0,0.0,0.0,0.0,0.0,0.0,0.0,0.0,0.0,0.0,0.0,0.0,0.0,0.0,0.0,0.0,0.0,1.0,0.0,0.0,0.0,0.0,0.0,0.0,0.0,0.0,0.0,0.0,0.0,0.0,0.51,0
-0.20427061392490914,0.14536484212473516,0.6424772920614858,-0.2179624940820704,-0.391304347826087,0.8797250859106529,0.016823434560601955,-0.3999999999999999,0.09090909090909091,-0.3333333333333333,0.17466964374495084,0.0,0.0,0.0,0.0,1.0,0.0,0.0,0.0,0.0,0.0,0.0,0.0,0.0,0.0,0.0,0.0,0.0,0.0,0.0,0.0,0.0,1.0,0.0,0.0,0.0,0.0,0.0,0.0,0.0,0.0,0.0,0.0,0.0,0.0,0.24,0
-0.0910626966938685,0.05530532529356845,0.22590293774392411,-0.1048638530119894,-0.43478260869565216,0.6735395189003437,-0.11174415479709755,-0.23333333333333328,-0.2727272727272727,-0.6666666666666666,-0.02320631871647151,-1.0,0.0,0.0,0.0,1.0,0.0,0.0,0.0,0.0,0.0,0.0,0.0,0.0,0.0,0.0,0.0,0.0,0.0,0.0,0.0,0.0,0.0,0.0,0.0,1.0,0.0,0.0,0.0,0.0,0.0,0.0,0.0,0.0,0.0,1.5,0
0.8903669636128215,-0.8788185146972274,6.09251052937591,0.8756184630792662,-0.043478260869565216,1.0996563573883162,2.8603601182477827,1.0666666666666664,-0.9090909090909091,0.0,-0.15001905130895096,-1.0,0.0,-1.0,1.0,0.0,0.0,0.0,0.0,0.0,0.0,0.0,0.0,0.0,0.0,0.0,0.0,0.0,0.0,0.0,1.0,0.0,0.0,0.0,0.0,0.0,0.0,0.0,0.0,0.0,0.0,0.0,0.0,0.0,0.0,1.8,0
1.1114958743164098,-0.6881041297352377,1.7140483091233072,1.0965339247677157,0.6521739130434783,0.054982817869415807,0.7104004299919376,2.3999999999999995,-0.09090909090909091,0.3333333333333333,-0.14876811854163174,-1.0,0.0,0.0,1.0,0.0,0.0,0.0,0.0,0.0,0.0,0.0,0.0,0.0,0.0,0.0,0.0,0.0,0.0,0.0,1.0,0.0,0.0,0.0,0.0,0.0,0.0,0.0,0.0,0.0,0.0,0.0,0.0,0.0,0.0,1.9,0
1.163578040155363,-0.7528665638182225,10.701418129641809,1.148565817275293,0.43478260869565216,0.013745704467353952,3.3978500403117433,1.0666666666666664,-0.36363636363636365,-1.0,-0.14836116994459211,-1.0,0.0,-1.0,1.0,0.0,0.0,0.0,0.0,0.0,0.0,0.0,0.0,0.0,0.0,0.0,0.0,0.0,0.0,0.0,1.0,0.0,0.0,0.0,0.0,0.0,0.0,0.0,0.0,0.0,0.0,0.0,0.0,0.0,0.0,2.2,0
-0.00599818353977961,0.11119981304515833,0.10929758898149478,-0.019881450046469785,0.08695652173913043,-0.054982817869415807,2.0057511421660843,0.5109999999999999,-0.7272727272727273,0.3333333333333333,-0.14832627168851753,-1.0,0.0,0.0,0.0,0.0,0.0,0.0,0.0,0.0,1.0,0.0,0.0,0.0,0.0,0.0,0.0,0.0,0.0,0.0,0.0,0.0,0.0,0.0,0.0,0.0,0.0,1.0,0.0,0.0,0.0,0.0,0.0,0.0,0.0,1.62,0
0.033616137774099455,-0.014084269610922599,-0.40693551707421005,0.019694632767328347,0.30434782608695654,-0.4536082474226804,-0.3098091910776673,-0.5333333333333332,1.0,-0.3333333333333333,-0.1495208696411441,-1.0,0.0,0.0,0.0,1.0,0.0,0.0,0.0,0.0,0.0,0.0,0.0,0.0,0.0,0.0,0.0,0.0,0.0,0.0,0.0,0.0,0.0,0.0,0.0,1.0,0.0,0.0,0.0,0.0,0.0,0.0,0.0,0.0,0.0,1.31,0
-0.18236487661597245,0.12467720993230055,0.10004432064557632,-0.1960779017154192,0.6956521739130435,-0.46735395189003437,-0.12598763773179253,-0.09999999999999998,0.36363636363636365,0.0,-0.023517074669996786,0.0,0.0,0.0,0.0,1.0,0.0,0.0,0.0,0.0,0.0,0.0,0.0,0.0,0.0,0.0,0.0,0.0,0.0,0.0,0.0,0.0,1.0,0.0,0.0,0.0,0.0,0.0,0.0,0.0,0.0,0.0,0.0,0.0,0.0,1.16,0
0.7229743569924056,-1.1829575849888716,0.5733436780574974,0.7083874354532519,-0.6956521739130435,3.2852233676975944,0.34275732330018804,-0.46666666666666656,-0.45454545454545453,0.0,0.8752381454811331,0.0,0.0,0.0,1.0,0.0,0.0,0.0,0.0,0.0,0.0,0.0,0.0,0.0,0.0,0.0,0.0,0.0,0.0,0.0,0.0,1.0,0.0,0.0,0.0,0.0,0.0,0.0,0.0,0.0,0.0,0.0,0.0,0.0,0.0,0.28,0
-0.09202883147500518,0.1169314781348983,-0.5248171905443195,-0.10582905521259253,0.13043478260869565,-0.21993127147766323,0.25084654662725075,-0.19999999999999996,-0.36363636363636365,1.0,0.287362950558905,0.0,0.0,0.0,0.0,1.0,0.0,0.0,0.0,0.0,0.0,0.0,0.0,0.0,0.0,0.0,0.0,0.0,0.0,0.0,0.0,0.0,1.0,0.0,0.0,0.0,0.0,0.0,0.0,0.0,0.0,0.0,0.0,0.0,0.0,0.68,0
-0.29810817600340167,0.4716118895055906,-0.25267006003246484,-0.3117094776145694,0.043478260869565216,-0.10996563573883161,-0.36457941413598494,0.06666666666666672,0.8181818181818182,0.6666666666666666,2.486465484564037,0.0,0.0,0.0,0.0,0.0,0.0,0.0,0.0,0.0,0.0,1.0,0.0,0.0,0.0,0.0,0.0,0.0,0.0,0.0,0.0,0.0,0.0,0.0,0.0,0.0,0.0,0.0,0.0,0.0,0.0,1.0,0.0,0.0,0.0,2.0,0
-0.42954259985700255,0.6180485661631931,-0.015169506077224476,-0.4430170318144574,0.5652173913043478,-0.06872852233676977,0.7104004299919376,0.7333333333333333,-0.36363636363636365,-1.0,0.07494659180694153,0.0,0.0,0.0,0.0,0.0,0.0,0.0,0.0,0.0,0.0,0.0,0.0,0.0,0.0,0.0,0.0,1.0,0.0,0.0,0.0,0.0,0.0,0.0,0.0,0.0,0.0,0.0,0.0,0.0,0.0,1.0,0.0,0.0,0.0,1.9,0
-0.11505536338866554,0.6414048587983523,-0.0701307292103953,-0.12883336031500783,1.3043478260869565,-0.4948453608247423,-0.20981268707336734,-0.23333333333333328,-0.18181818181818182,0.3333333333333333,4.405680297529219,0.0,0.0,0.0,0.0,0.0,0.0,0.0,0.0,0.0,0.0,0.0,1.0,0.0,0.0,0.0,0.0,0.0,0.0,0.0,0.0,0.0,0.0,0.0,0.0,0.0,0.0,0.0,1.0,0.0,0.0,0.0,0.0,0.0,0.0,1.4,0
-0.8755647539403691,-0.8774821372766086,-0.6923332541897058,-0.8886086542716507,0.7391304347826086,0.563573883161512,-0.10077936038699274,0.33333333666666665,-0.7272727272727273,0.6666666666666666,-0.14759728040263104,-1.0,0.0,0.0,0.0,0.0,1.0,0.0,0.0,0.0,0.0,0.0,0.0,0.0,0.0,0.0,0.0,0.0,0.0,0.0,0.0,0.0,0.0,1.0,0.0,0.0,0.0,0.0,0.0,0.0,0.0,0.0,0.0,0.0,0.0,1.76,0
1.0160969294092619,-0.8036284553471007,8.104475962568909,1.0012270655619395,0.9565217391304348,-0.20618556701030927,0.17291050792797635,1.0666666666666664,-0.2727272727272727,0.0,-0.14882051535670124,-1.0,0.0,-1.0,1.0,0.0,0.0,0.0,0.0,0.0,0.0,0.0,0.0,0.0,0.0,0.0,0.0,0.0,0.0,0.0,1.0,0.0,0.0,0.0,0.0,0.0,0.0,0.0,0.0,0.0,0.0,0.0,0.0,0.0,0.0,1.8,0
0.031057565348483307,-0.011759766945288318,-0.48670506958102505,0.017138530053893528,-0.5652173913043478,0.7285223367697594,-0.22870196183821553,-0.4999999999999999,0.7272727272727273,-0.3333333333333333,-0.14955980475875705,-1.0,0.0,0.0,0.0,1.0,0.0,0.0,0.0,0.0,0.0,0.0,0.0,0.0,0.0,0.0,0.0,0.0,0.0,0.0,0.0,0.0,0.0,0.0,0.0,1.0,0.0,0.0,0.0,0.0,0.0,0.0,0.0,0.0,0.0,0.8,0
-0.8660109751516962,-0.8733225859465436,-0.7313317029037155,-0.8790640974552056,-0.6086956521739131,0.2611683848797251,-0.35407148615963446,-0.2333333366666666,-0.36363636363636365,0.3333333333333333,-0.14757899094831434,-1.0,0.0,0.0,0.0,0.0,1.0,0.0,0.0,0.0,0.0,0.0,0.0,0.0,0.0,0.0,0.0,0.0,0.0,0.0,0.0,0.0,0.0,1.0,0.0,0.0,0.0,0.0,0.0,0.0,0.0,0.0,0.0,0.0,0.0,2.01,0
-0.18495429863379245,0.11739904508848316,-0.40427653022967297,-0.19866482424288437,0.6521739130434783,-0.21993127147766323,-0.16861058855146466,-0.13333333333333325,-0.18181818181818182,1.0,0.42456366480164087,0.0,0.0,0.0,0.0,1.0,0.0,0.0,0.0,0.0,0.0,0.0,0.0,0.0,0.0,0.0,0.0,0.0,0.0,0.0,0.0,0.0,1.0,0.0,0.0,0.0,0.0,0.0,0.0,0.0,0.0,0.0,0.0,0.0,0.0,0.89,0
-0.21789793039479088,0.15615417012957886,-0.3608464393810135,-0.23157665651763695,1.391304347826087,-0.8109965635738832,-0.013061005106154266,0.06666666666666672,-0.09090909090909091,-0.6666666666666666,0.08073535239105183,0.0,0.0,0.0,0.0,1.0,0.0,0.0,0.0,0.0,0.0,0.0,0.0,0.0,0.0,0.0,0.0,0.0,0.0,0.0,0.0,0.0,1.0,0.0,0.0,0.0,0.0,0.0,0.0,0.0,0.0,0.0,0.0,0.0,0.0,0.96,0
1.2278575431409278,-0.6558949420445996,-0.2092842856030388,1.2127832732107355,-0.5217391304347826,0.16494845360824742,0.7104004299919376,0.7333333333333333,0.7272727272727273,0.0,-0.14984246745137247,-1.0,0.0,0.0,1.0,0.0,0.0,0.0,0.0,0.0,0.0,0.0,0.0,0.0,0.0,0.0,0.0,0.0,0.0,0.0,1.0,0.0,0.0,0.0,0.0,0.0,0.0,0.0,0.0,0.0,0.0,0.0,0.0,0.0,0.0,1.1,0
0.03363931388997247,-0.01339612636173815,-0.5638156394696463,0.019717786512001265,-0.6086956521739131,0.563573883161512,-0.32796560064498786,-0.5333333333333332,1.0909090909090908,-0.6666666666666666,-0.14954691975580603,-1.0,0.0,0.0,0.0,1.0,0.0,0.0,0.0,0.0,0.0,0.0,0.0,0.0,0.0,0.0,0.0,0.0,0.0,0.0,0.0,0.0,0.0,0.0,0.0,1.0,0.0,0.0,0.0,0.0,0.0,0.0,0.0,0.0,0.0,0.74,0
0.4048078223733763,0.0082045173862523,0.32517173035087205,0.3905280173177636,0.21739130434782608,-0.041237113402061855,-0.20064498790647675,-0.33333333333333326,0.0,-1.0,0.4452950908093446,0.0,0.0,0.0,0.0,0.0,0.0,0.0,0.0,0.0,0.0,0.0,0.0,0.0,0.0,0.0,0.0,0.0,0.0,1.0,0.0,0.0,0.0,0.0,0.0,0.0,0.0,0.0,0.0,0.0,0.0,0.0,0.0,0.0,1.0,0.13,0
-0.02256276710208068,0.016148803279898493,-0.6161090144819467,-0.03643004431982485,-0.6086956521739131,0.7697594501718213,-0.0003224939532384009,-0.33333333333333326,1.0,0.6666666666666666,-0.14948196747750292,-1.0,0.0,0.0,0.0,1.0,0.0,0.0,0.0,0.0,0.0,0.0,0.0,0.0,0.0,0.0,0.0,0.0,0.0,0.0,0.0,0.0,0.0,0.0,0.0,1.0,0.0,0.0,0.0,0.0,0.0,0.0,0.0,0.0,0.0,1.03,0
1.2052252217434127,-0.7341815297100955,-0.2092842856030388,1.1901727981050385,0.21739130434782608,-0.46735395189003437,1.7853802741198601,1.3999999999999997,-0.6363636363636364,0.3333333333333333,-0.14953568245144205,-1.0,0.0,0.0,1.0,0.0,0.0,0.0,0.0,0.0,0.0,0.0,0.0,0.0,0.0,0.0,0.0,0.0,0.0,0.0,1.0,0.0,0.0,0.0,0.0,0.0,0.0,0.0,0.0,0.0,0.0,0.0,0.0,0.0,0.0,1.9,0
-0.10221646795107409,0.12154539354496988,0.25869710150088315,-0.11600685787287729,0.043478260869565216,-0.5498281786941581,0.02144584789035202,-0.13333333333333325,1.0909090909090908,0.3333333333333333,3.9019171166665396,0.0,0.0,0.0,0.0,1.0,0.0,0.0,0.0,0.0,0.0,0.0,0.0,0.0,0.0,0.0,0.0,0.0,0.0,0.0,0.0,0.0,1.0,0.0,0.0,0.0,0.0,0.0,0.0,0.0,0.0,0.0,0.0,0.0,0.0,0.85,0
0.6322982086610351,-1.3584284050616011,2.449700868396518,0.6177988140512926,0.13043478260869565,1.6357388316151202,2.8657350174684217,2.733333333333333,0.9090909090909091,0.6666666666666666,0.031543278119489156,0.0,0.0,0.0,1.0,0.0,0.0,0.0,0.0,0.0,0.0,0.0,0.0,0.0,0.0,0.0,0.0,0.0,0.0,0.0,0.0,0.0,0.0,0.0,0.0,0.0,0.0,0.0,0.0,0.0,0.0,0.0,1.0,0.0,0.0,3.5,0
0.03411079746861079,-0.014269632141051036,-0.5859738490863093,0.020188814981874324,-0.17391304347826086,-0.23367697594501718,-0.30309056705186777,-0.5333333333333332,1.0,0.3333333333333333,-0.14958064814588376,-1.0,0.0,0.0,0.0,1.0,0.0,0.0,0.0,0.0,0.0,0.0,0.0,0.0,0.0,0.0,0.0,0.0,0.0,0.0,0.0,0.0,0.0,0.0,0.0,1.0,0.0,0.0,0.0,0.0,0.0,0.0,0.0,0.0,0.0,1.06,0
-0.2034126263309458,0.146926339309409,0.7506093549908012,-0.21710533467744855,0.34782608695652173,-0.563573883161512,-0.26514377855415205,-0.13333333333333325,0.0,-0.6666666666666666,-0.001060195178877616,0.0,0.0,0.0,0.0,1.0,0.0,0.0,0.0,0.0,0.0,0.0,0.0,0.0,0.0,0.0,0.0,0.0,0.0,0.0,0.0,0.0,1.0,0.0,0.0,0.0,0.0,0.0,0.0,0.0,0.0,0.0,0.0,0.0,0.0,0.6,0
-0.2971342441399841,0.4729351922044664,-0.1117970265735684,-0.3107364858579719,-0.17391304347826086,-0.21993127147766323,-0.36457941413598494,0.06666666666666672,0.8181818181818182,0.3333333333333333,4.107692574556108,0.0,0.0,0.0,0.0,0.0,0.0,0.0,0.0,0.0,0.0,1.0,0.0,0.0,0.0,0.0,0.0,0.0,0.0,0.0,0.0,0.0,0.0,0.0,0.0,0.0,0.0,0.0,0.0,0.0,0.0,1.0,0.0,0.0,0.0,1.7,0
1.0181916558774078,-0.8149823925034556,-0.6816973146302934,1.003319770054306,-0.6956521739130435,0.24742268041237114,-0.2775597957538296,-0.06666666666666662,-0.2727272727272727,0.0,0.7595894770504156,0.0,0.0,0.0,1.0,0.0,0.0,0.0,0.0,0.0,0.0,0.0,0.0,0.0,0.0,0.0,0.0,0.0,0.0,0.0,0.0,1.0,0.0,0.0,0.0,0.0,0.0,0.0,0.0,0.0,0.0,0.0,0.0,0.0,0.0,-0.51,0
-0.9329416993565078,1.4660253466118431,0.7763128781461303,-0.9459302154666499,-0.34782608695652173,1.4570446735395188,-0.2939532383767804,-0.06666666666666662,0.45454545454545453,0.3333333333333333,-0.12930733177634884,0.0,0.0,0.0,0.0,0.0,0.0,0.0,0.0,0.0,0.0,0.0,0.0,0.0,0.0,1.0,0.0,0.0,0.0,0.0,0.0,0.0,0.0,0.0,0.0,0.0,0.0,0.0,0.0,1.0,0.0,0.0,0.0,0.0,0.0,2.16,0
-0.866180989004617,-0.8732297662989655,-0.6276312831656357,-0.8792339471989228,-0.043478260869565216,-0.41237113402061853,-0.32809459822628323,-0.09999999999999998,0.2727272727272727,0.6666666666666666,0.1571958167058405,0.0,0.0,0.0,0.0,0.0,1.0,0.0,0.0,0.0,0.0,0.0,0.0,0.0,0.0,0.0,0.0,0.0,0.0,0.0,0.0,0.0,0.0,1.0,0.0,0.0,0.0,0.0,0.0,0.0,0.0,0.0,0.0,0.0,0.0,1.33,0
-2.176085334982317,6.517355817200368,12.90890760449224,-1.3694395496236815,0.5652173913043478,-0.13745704467353953,29.992851384036545,1.7999999999999998,0.2727272727272727,-0.6666666666666666,1.2241398207032894,0.0,0.0,-1.0,0.0,0.0,0.0,0.0,0.0,0.0,0.0,0.0,0.0,1.0,0.0,0.0,0.0,0.0,0.0,0.0,0.0,0.0,0.0,0.0,0.0,0.0,0.0,0.0,0.0,0.0,0.0,0.0,1.0,0.0,0.0,4.9,1
-0.2984791976656561,0.4726705316646911,-0.057270104348884174,-0.3120801411408924,0.08695652173913043,-0.19243986254295534,-0.36457941413598494,0.3999999999999999,1.0,0.0,0.8650506228409821,0.0,0.0,0.0,0.0,0.0,0.0,0.0,0.0,0.0,0.0,1.0,0.0,0.0,0.0,0.0,0.0,0.0,0.0,0.0,0.0,0.0,0.0,0.0,0.0,0.0,0.0,0.0,0.0,0.0,0.0,1.0,0.0,0.0,0.0,1.5,0
-0.19969468009043728,0.1416243064959217,0.46077997320484954,-0.21339097725741965,-0.08695652173913043,0.43986254295532645,0.13711367911851655,-0.19999999999999996,0.6363636363636364,-0.6666666666666666,-0.10934215151958575,0.0,0.0,0.0,0.0,1.0,0.0,0.0,0.0,0.0,0.0,0.0,0.0,0.0,0.0,0.0,0.0,0.0,0.0,0.0,0.0,0.0,1.0,0.0,0.0,0.0,0.0,0.0,0.0,0.0,0.0,0.0,0.0,0.0,0.0,0.82,0
0.8670389765985796,-0.9373349600415176,7.271327280982381,0.8523129938617137,-0.2608695652173913,1.443298969072165,0.7104004299919376,0.7333333333333333,0.18181818181818182,-1.0,-0.1498958034546366,-1.0,0.0,-1.0,1.0,0.0,0.0,0.0,0.0,0.0,0.0,0.0,0.0,0.0,0.0,0.0,0.0,0.0,0.0,0.0,1.0,0.0,0.0,0.0,0.0,0.0,0.0,0.0,0.0,0.0,0.0,0.0,0.0,0.0,0.0,2.1,0
0.9264024425592746,-0.8734723717937682,-0.6258586263963027,0.911619158073378,-0.4782608695652174,0.8384879725085911,-0.36457941413598494,0.06666666666666672,0.2727272727272727,0.3333333333333333,0.5201532012021594,-1.0,0.0,0.0,1.0,0.0,0.0,0.0,0.0,0.0,0.0,0.0,0.0,0.0,0.0,0.0,0.0,0.0,0.0,0.0,1.0,0.0,0.0,0.0,0.0,0.0,0.0,0.0,0.0,0.0,0.0,0.0,0.0,0.0,0.0,0.6,0
-4.714328006338284,7.7730668608230475,0.23387990673022066,1.1663530332447134,0.2608695652173913,-0.054982817869415807,77.21134103735554,3.333333333333333,-0.36363636363636365,-0.3333333333333333,-0.11660036265763521,0.0,0.0,0.0,0.0,0.0,0.0,0.0,0.0,0.0,0.0,0.0,0.0,1.0,0.0,0.0,0.0,0.0,0.0,0.0,0.0,0.0,0.0,0.0,0.0,0.0,0.0,0.0,0.0,0.0,0.0,0.0,1.0,0.0,0.0,5.2,1
-1.6469064136505047,6.584222302574565,0.23387990673022066,-1.65920576132661,1.2608695652173914,0.24742268041237114,24.11271163665681,2.5999999999999996,-0.5454545454545454,0.3333333333333333,-0.11801868512441696,0.0,0.0,0.0,0.0,0.0,0.0,1.0,0.0,0.0,0.0,0.0,0.0,0.0,0.0,0.0,0.0,0.0,0.0,0.0,0.0,0.0,0.0,0.0,0.0,0.0,0.0,0.0,0.0,0.0,0.0,0.0,1.0,0.0,0.0,4.8,1
0.9045585421940503,-0.8834500741432925,1.0315754529300876,0.8897963429611173,-0.6521739130434783,2.281786941580756,1.2478903520558988,1.7333333333333332,0.0,-1.0,-0.14818038445561654,-1.0,0.0,0.0,1.0,0.0,0.0,0.0,0.0,0.0,0.0,0.0,0.0,0.0,0.0,0.0,0.0,0.0,0.0,0.0,1.0,0.0,0.0,0.0,0.0,0.0,0.0,0.0,0.0,0.0,0.0,0.0,0.0,0.0,0.0,1.5,0
0.0339407803132357,-0.015028245458875043,-0.41136715477119923,0.02001896193889076,0.043478260869565216,0.09621993127147767,-0.32478366030636924,-0.5333333333333332,0.8181818181818182,-0.3333333333333333,-0.09859017677445517,-1.0,0.0,0.0,0.0,1.0,0.0,0.0,0.0,0.0,0.0,0.0,0.0,0.0,0.0,0.0,0.0,0.0,0.0,0.0,0.0,0.0,0.0,0.0,0.0,1.0,0.0,0.0,0.0,0.0,0.0,0.0,0.0,0.0,0.0,1.22,0
1.035297300430924,-0.6751886953942093,2.0242632437565886,1.0204089030491497,-0.6521739130434783,0.16494845360824742,2.322870196183821,0.7333333333333333,0.18181818181818182,0.0,-0.15019021423817797,-1.0,0.0,0.0,1.0,0.0,0.0,0.0,0.0,0.0,0.0,0.0,0.0,0.0,0.0,0.0,0.0,0.0,0.0,0.0,1.0,0.0,0.0,0.0,0.0,0.0,0.0,0.0,0.0,0.0,0.0,0.0,0.0,0.0,0.0,1.7,0
0.9311793464607994,-0.8752191313562845,-0.2092842856030388,0.9163914509747855,-0.5652173913043478,0.43986254295532645,-0.36457941413598494,0.7333333333333333,1.0,-1.0,-0.14834106802182961,-1.0,0.0,0.0,1.0,0.0,0.0,0.0,0.0,0.0,0.0,0.0,0.0,0.0,0.0,0.0,0.0,0.0,0.0,0.0,1.0,0.0,0.0,0.0,0.0,0.0,0.0,0.0,0.0,0.0,0.0,0.0,0.0,0.0,0.0,0.6,0
0.8030841175674874,-0.9580314142519364,0.6150011121368238,0.7884198685118036,0.4782608695652174,1.745704467353952,3.935339962375705,1.3999999999999997,-0.09090909090909091,-1.0,-0.1482003380855062,-1.0,0.0,0.0,1.0,0.0,0.0,0.0,0.0,0.0,0.0,0.0,0.0,0.0,0.0,0.0,0.0,0.0,0.0,0.0,1.0,0.0,0.0,0.0,0.0,0.0,0.0,0.0,0.0,0.0,0.0,0.0,0.0,0.0,0.0,2.7,0
-0.3001024174380189,0.47433789306527474,-0.10271216063073657,-0.31370179406855514,1.173913043478261,-0.16494845360824742,0.17291050792797635,0.06666666666666672,0.18181818181818182,-0.3333333333333333,-0.05241202332744106,0.0,0.0,0.0,0.0,0.0,0.0,0.0,0.0,0.0,0.0,1.0,0.0,0.0,0.0,0.0,0.0,0.0,0.0,0.0,0.0,0.0,0.0,0.0,0.0,0.0,0.0,0.0,0.0,0.0,0.0,1.0,0.0,0.0,0.0,2.9,0
-0.29648495623103893,0.46954753729534415,-0.18904940858110217,-0.3100878246869067,0.21739130434782608,-0.16494845360824742,-0.36457941413598494,0.06666666666666672,1.0909090909090908,0.6666666666666666,2.3070083866663507,0.0,0.0,0.0,0.0,0.0,0.0,0.0,0.0,0.0,0.0,1.0,0.0,0.0,0.0,0.0,0.0,0.0,0.0,0.0,0.0,0.0,0.0,0.0,0.0,0.0,0.0,0.0,0.0,0.0,0.0,1.0,0.0,0.0,0.0,1.7,0
-1.5578890413341313,6.59599969659456,3.8936184398567435,-1.5702743147735876,1.9130434782608696,0.0,15.174254232733135,1.5999999999999999,-0.45454545454545453,-1.0,-0.12501817463032147,0.0,0.0,0.0,0.0,0.0,0.0,0.0,0.0,0.0,0.0,0.0,0.0,1.0,0.0,0.0,0.0,0.0,0.0,0.0,0.0,0.0,0.0,0.0,0.0,0.0,0.0,0.0,0.0,0.0,0.0,0.0,1.0,0.0,0.0,4.8,1
-0.1423409146456945,0.6454497539596958,0.3056725058882087,-0.15609257365889467,0.30434782608695654,1.168384879725086,0.017500943241064205,-0.19999999999999996,0.9090909090909091,0.0,0.8259016504284118,0.0,0.0,0.0,0.0,0.0,0.0,0.0,0.0,0.0,0.0,0.0,1.0,0.0,0.0,0.0,0.0,0.0,0.0,0.0,0.0,0.0,0.0,0.0,0.0,0.0,0.0,0.0,1.0,0.0,0.0,0.0,0.0,0.0,0.0,0.87,0
0.03153683327138498,-0.011794901019618149,-0.5345667989719428,0.017617335354039063,-0.5652173913043478,-0.23367697594501718,-0.31755442085460894,-0.5666666666666665,0.45454545454545453,-1.0,-0.14953462792434633,-1.0,0.0,0.0,0.0,1.0,0.0,0.0,0.0,0.0,0.0,0.0,0.0,0.0,0.0,0.0,0.0,0.0,0.0,0.0,0.0,0.0,0.0,0.0,0.0,1.0,0.0,0.0,0.0,0.0,0.0,0.0,0.0,0.0,0.0,0.74,0
0.3105219424529914,0.29587288008587104,0.07699978264424685,0.2963331486909561,-0.43478260869565216,-0.3024054982817869,-0.3009406073636119,0.4666666666666666,-0.2727272727272727,-0.3333333333333333,1.6663857299383216,0.0,0.0,0.0,0.0,0.0,0.0,0.0,0.0,1.0,0.0,0.0,0.0,0.0,0.0,0.0,0.0,0.0,0.0,0.0,0.0,0.0,0.0,0.0,1.0,0.0,0.0,0.0,0.0,0.0,0.0,0.0,0.0,0.0,0.0,0.49,0
0.1082301107267762,-0.08291369544933447,0.23387990673022066,0.09423658312019369,5.695652173913044,2.1443298969072164,4.044450416554689,0.6666666666666666,0.0,-0.6666666666666666,8.400497560485443,0.0,0.0,0.0,0.0,1.0,0.0,0.0,0.0,0.0,0.0,0.0,0.0,0.0,0.0,0.0,0.0,0.0,0.0,0.0,0.0,0.0,0.0,0.0,0.0,1.0,0.0,0.0,0.0,0.0,0.0,0.0,0.0,0.0,0.0,4.77,1
1.0790778565769368,-0.7377809130510378,3.4601152269163493,1.0641471991552522,1.3478260869565217,-0.6460481099656358,0.7104004299919376,2.066666666666667,-0.6363636363636364,0.3333333333333333,-0.1428309003148246,-1.0,0.0,0.0,1.0,0.0,0.0,0.0,0.0,0.0,0.0,0.0,0.0,0.0,0.0,0.0,0.0,0.0,0.0,0.0,1.0,0.0,0.0,0.0,0.0,0.0,0.0,0.0,0.0,0.0,0.0,0.0,0.0,0.0,0.0,2.1,0
-0.03605091270634586,0.005478544518403745,-0.19155773481508043,-0.04990517022718058,-0.5652173913043478,0.7697594501718213,-0.23117441547970977,-0.4333333333333333,0.36363636363636365,0.0,-0.149501229073986,-1.0,0.0,0.0,0.0,1.0,0.0,0.0,0.0,0.0,0.0,0.0,0.0,0.0,0.0,0.0,0.0,0.0,0.0,0.0,0.0,0.0,0.0,0.0,0.0,1.0,0.0,0.0,0.0,0.0,0.0,0.0,0.0,0.0,0.0,0.97,0
1.2389418153007763,-0.7091181765933867,-0.014292040976404621,1.2238568460596324,-0.2608695652173913,-0.3711340206185567,0.7104004299919376,1.7333333333333332,-0.36363636363636365,0.6666666666666666,-0.14971053622550412,-1.0,0.0,0.0,1.0,0.0,0.0,0.0,0.0,0.0,0.0,0.0,0.0,0.0,0.0,0.0,0.0,0.0,0.0,0.0,1.0,0.0,0.0,0.0,0.0,0.0,0.0,0.0,0.0,0.0,0.0,0.0,0.0,0.0,0.0,1.3,0
-0.693046822160815,5.738698043127832,8.553489922240967,-0.7062669015030615,0.9130434782608695,-0.21993127147766323,10.170223058317655,1.8666666666666665,0.45454545454545453,0.3333333333333333,1.3753833921712084,0.0,0.0,-1.0,0.0,0.0,0.0,0.0,0.0,0.0,0.0,0.0,0.0,1.0,0.0,0.0,0.0,0.0,0.0,0.0,0.0,0.0,0.0,0.0,0.0,0.0,0.0,0.0,0.0,0.0,0.0,0.0,1.0,0.0,0.0,4.5,1
-0.8674795624636165,-0.8723784081785853,3.2518279888982238,-0.8805312671844391,-0.30434782608695654,-0.09621993127147767,-0.2975544208546089,-0.16666668333333326,-0.09090909090909091,1.0,-0.14769086968237777,-1.0,0.0,0.0,0.0,0.0,1.0,0.0,0.0,0.0,0.0,0.0,0.0,0.0,0.0,0.0,0.0,0.0,0.0,0.0,0.0,0.0,0.0,1.0,0.0,0.0,0.0,0.0,0.0,0.0,0.0,0.0,0.0,0.0,0.0,1.77,0
0.034234462392235245,-0.014035808818714274,-0.4379570020848513,0.020312360535507445,-0.2608695652173913,-0.3848797250859107,-0.33360924482665943,-0.4333333333333333,-1.0,0.6666666666666666,-0.14955448269232077,-1.0,0.0,0.0,0.0,1.0,0.0,0.0,0.0,0.0,0.0,0.0,0.0,0.0,0.0,0.0,0.0,0.0,0.0,0.0,0.0,0.0,0.0,0.0,0.0,1.0,0.0,0.0,0.0,0.0,0.0,0.0,0.0,0.0,0.0,0.74,0
0.9138804614581904,-0.8715668159073877,1.7849545798966286,0.8991092640599799,-0.6521739130434783,2.1168384879725086,1.2478903520558988,-0.2666666666666666,0.6363636363636364,1.0,1.1837826897787207,-1.0,0.0,0.0,1.0,0.0,0.0,0.0,0.0,0.0,0.0,0.0,0.0,0.0,0.0,0.0,0.0,0.0,0.0,0.0,1.0,0.0,0.0,0.0,0.0,0.0,0.0,0.0,0.0,0.0,0.0,0.0,0.0,0.0,0.0,1.6,0
-0.8664515256333473,-0.8735738250006734,-0.5868601774709759,-0.8795042226868696,0.08695652173913043,-0.5773195876288659,-0.3281644719161515,-0.1666666666666666,-0.09090909090909091,0.6666666666666666,3.386786051326874,0.0,0.0,0.0,0.0,0.0,1.0,0.0,0.0,0.0,0.0,0.0,0.0,0.0,0.0,0.0,0.0,0.0,0.0,0.0,0.0,0.0,0.0,1.0,0.0,0.0,0.0,0.0,0.0,0.0,0.0,0.0,0.0,0.0,0.0,1.67,0
-0.21452781696264578,0.1540545298473447,-0.37059605161234527,-0.2282097961535358,1.565217391304348,-0.6460481099656358,0.2761085729642569,0.16666666666666669,-0.6363636363636364,0.6666666666666666,1.8453676480404766,0.0,0.0,0.0,0.0,1.0,0.0,0.0,0.0,0.0,0.0,0.0,0.0,0.0,0.0,0.0,0.0,0.0,0.0,0.0,0.0,0.0,1.0,0.0,0.0,0.0,0.0,0.0,0.0,0.0,0.0,0.0,0.0,0.0,0.0,0.95,0
0.9431757135403579,-0.8601334805890998,-0.1543319257537146,0.9283762383258941,-0.5652173913043478,0.6323024054982818,-0.12996506315506584,-0.1666666666666666,0.0,-1.0,0.6190490260645198,0.0,0.0,0.0,1.0,0.0,0.0,0.0,0.0,0.0,0.0,0.0,0.0,0.0,0.0,0.0,0.0,0.0,0.0,0.0,0.0,1.0,0.0,0.0,0.0,0.0,0.0,0.0,0.0,0.0,0.0,0.0,0.0,0.0,0.0,-0.19,0
0.09682890535927989,0.025094261679204918,-0.2598050187438657,0.08284638298963969,-0.5217391304347826,1.127147766323024,0.42176834184359047,-0.29999999999999993,-0.8181818181818182,1.0,-0.12025500755475986,-1.0,0.0,0.0,0.0,1.0,0.0,0.0,0.0,0.0,0.0,0.0,0.0,0.0,0.0,0.0,0.0,0.0,0.0,0.0,0.0,0.0,0.0,0.0,0.0,1.0,0.0,0.0,0.0,0.0,0.0,0.0,0.0,0.0,0.0,1.93,0
-0.297598021217802,0.4725911335027585,0.010888548431971144,-0.3111998152658754,-0.13043478260869565,-0.20618556701030927,-0.36457941413598494,0.06666666666666672,0.45454545454545453,-0.6666666666666666,1.23479067618613,0.0,0.0,0.0,0.0,0.0,0.0,0.0,0.0,0.0,0.0,1.0,0.0,0.0,0.0,0.0,0.0,0.0,0.0,0.0,0.0,0.0,0.0,0.0,0.0,0.0,0.0,0.0,0.0,0.0,0.0,1.0,0.0,0.0,0.0,1.5,0
-0.23324122205259926,0.16903431639861952,-0.32627963237901925,-0.24690513776244719,0.6956521739130435,-0.3711340206185567,0.0939532383767804,0.16666666666666669,-0.45454545454545453,0.0,-0.1477060779403366,-1.0,0.0,0.0,0.0,1.0,0.0,0.0,0.0,0.0,0.0,0.0,0.0,0.0,0.0,0.0,0.0,0.0,0.0,0.0,0.0,0.0,1.0,0.0,0.0,0.0,0.0,0.0,0.0,0.0,0.0,0.0,0.0,0.0,0.0,1.06,0
0.03336102358257797,-0.012924239397751685,-0.5017726483166466,0.019439764829780413,-0.391304347826087,-0.09621993127147767,-0.32489653319000267,-0.5333333333333332,0.45454545454545453,-0.6666666666666666,-0.1495556525583176,-1.0,0.0,0.0,0.0,1.0,0.0,0.0,0.0,0.0,0.0,0.0,0.0,0.0,0.0,0.0,0.0,0.0,0.0,0.0,0.0,0.0,0.0,0.0,0.0,1.0,0.0,0.0,0.0,0.0,0.0,0.0,0.0,0.0,0.0,0.88,0
0.01821097992231618,0.24851628750210886,-0.31653002014768755,0.004304345046099494,-0.2608695652173913,-0.2611683848797251,-0.3391615157215802,-0.3999999999999999,0.45454545454545453,-1.0,0.0748448299422028,0.0,0.0,0.0,0.0,0.0,0.0,0.0,0.0,0.0,0.0,0.0,0.0,0.0,0.0,0.0,0.0,0.0,1.0,0.0,0.0,0.0,0.0,0.0,0.0,0.0,0.0,0.0,0.0,0.0,0.0,0.0,0.0,1.0,0.0,1.29,0
0.6140439428781215,7.411895208613463,6.27651230203268,0.5995621685562058,0.6086956521739131,1.0584192439862543,9.218865896264443,1.1666666666666665,1.0909090909090908,0.6666666666666666,1.340654947913014,0.0,0.0,-1.0,0.0,0.0,0.0,0.0,0.0,0.0,0.0,0.0,0.0,0.0,0.0,0.0,1.0,0.0,0.0,0.0,0.0,0.0,0.0,0.0,0.0,0.0,0.0,0.0,0.0,0.0,0.0,0.0,1.0,0.0,0.0,4.3,0
-0.20478849832846924,0.14619411181602213,0.4465987190501852,-0.21847987858755957,0.5652173913043478,-0.19243986254295534,-0.06992743886052136,-0.033333333333333263,-0.6363636363636364,1.0,0.4336583843078757,0.0,0.0,0.0,0.0,1.0,0.0,0.0,0.0,0.0,0.0,0.0,0.0,0.0,0.0,0.0,0.0,0.0,0.0,0.0,0.0,0.0,1.0,0.0,0.0,0.0,0.0,0.0,0.0,0.0,0.0,0.0,0.0,0.0,0.0,0.59,0
-0.11202535314692331,0.1256829199834461,-0.21992022621903703,-0.12580627485003903,-0.13043478260869565,-0.12371134020618557,0.1317387798978769,-0.06666666666666662,-0.9090909090909091,1.0,0.6244761168087637,0.0,0.0,0.0,0.0,1.0,0.0,0.0,0.0,0.0,0.0,0.0,0.0,0.0,0.0,0.0,0.0,0.0,0.0,0.0,0.0,0.0,1.0,0.0,0.0,0.0,0.0,0.0,0.0,0.0,0.0,0.0,0.0,0.0,0.0,0.42,0
-0.8665674699028018,-0.8734856048207574,-0.6497894927822987,-0.8796200550388455,0.043478260869565216,-0.4261168384879725,-0.30921795216339687,-0.13333333333333325,-0.7272727272727273,0.0,-0.13433231815739916,0.0,0.0,0.0,0.0,0.0,1.0,0.0,0.0,0.0,0.0,0.0,0.0,0.0,0.0,0.0,0.0,0.0,0.0,0.0,0.0,0.0,0.0,1.0,0.0,0.0,0.0,0.0,0.0,0.0,0.0,0.0,0.0,0.0,0.0,1.77,0
0.03414175792874748,-0.01319319679441828,-0.48581874204162684,0.020219745556820053,0.21739130434782608,-0.5498281786941581,-0.30002687449610316,-0.5333333333333332,-0.7272727272727273,-0.3333333333333333,-0.11640861997305549,-1.0,0.0,0.0,0.0,1.0,0.0,0.0,0.0,0.0,0.0,0.0,0.0,0.0,0.0,0.0,0.0,0.0,0.0,0.0,0.0,0.0,0.0,0.0,0.0,1.0,0.0,0.0,0.0,0.0,0.0,0.0,0.0,0.0,0.0,1.33,0
0.034713730315136915,-0.0132594265437716,-0.49911366569845295,0.02079116583565298,-0.5652173913043478,0.7285223367697594,-0.3474388605213652,-0.5666666666666665,-0.2727272727272727,0.3333333333333333,-0.1190678242457752,-1.0,0.0,0.0,0.0,1.0,0.0,0.0,0.0,0.0,0.0,0.0,0.0,0.0,0.0,0.0,0.0,0.0,0.0,0.0,0.0,0.0,0.0,0.0,0.0,1.0,0.0,0.0,0.0,0.0,0.0,0.0,0.0,0.0,0.0,1.12,0
-0.26415969390712934,0.5446317324295606,0.08760027012485842,-0.27779376495602387,1.4782608695652173,-0.7422680412371134,-0.36457941413598494,0.06666666666666672,-0.45454545454545453,0.0,0.28435687277963095,0.0,0.0,0.0,0.0,0.0,0.0,0.0,0.0,0.0,0.0,0.0,0.0,0.0,0.0,0.0,0.0,1.0,0.0,0.0,0.0,0.0,0.0,0.0,0.0,0.0,0.0,0.0,0.0,0.0,0.0,1.0,0.0,0.0,0.0,1.2,0
0.03261903404081278,-0.012602177049604044,-0.3909816002333318,0.01869849150796326,-0.5652173913043478,-0.08247422680412371,-0.25417898414404727,-0.5333333333333332,0.0,-0.6666666666666666,-0.14950406311555578,-1.0,0.0,0.0,0.0,1.0,0.0,0.0,0.0,0.0,0.0,0.0,0.0,0.0,0.0,0.0,0.0,0.0,0.0,0.0,0.0,0.0,0.0,0.0,0.0,1.0,0.0,0.0,0.0,0.0,0.0,0.0,0.0,0.0,0.0,0.73,0
0.033314671350836225,-0.013568162174040749,-0.34843783607880213,0.019393457340438857,-0.4782608695652174,-0.17869415807560138,-0.35181940338618645,-0.5666666666666665,0.6363636363636364,1.0,-0.14953966988202283,-1.0,0.0,0.0,0.0,1.0,0.0,0.0,0.0,0.0,0.0,0.0,0.0,0.0,0.0,0.0,0.0,0.0,0.0,0.0,0.0,0.0,0.0,0.0,0.0,1.0,0.0,0.0,0.0,0.0,0.0,0.0,0.0,0.0,0.0,0.78,0
1.0701269589750504,-0.6594413932775866,-0.5372257879296508,1.055204941582712,0.17391304347826086,-0.3024054982817869,1.2478903520558988,1.0666666666666664,-0.5454545454545454,0.0,-0.14986449718148187,-1.0,0.0,0.0,1.0,0.0,0.0,0.0,0.0,0.0,0.0,0.0,0.0,0.0,0.0,0.0,0.0,0.0,0.0,0.0,1.0,0.0,0.0,0.0,0.0,0.0,0.0,0.0,0.0,0.0,0.0,0.0,0.0,0.0,0.0,1.7,0
0.906599161336449,-0.8686026178619052,5.046643035469418,0.8918349923558931,0.4782608695652174,0.9484536082474226,1.7853802741198601,1.0666666666666664,-0.5454545454545454,-0.3333333333333333,-0.14702322221488864,-1.0,0.0,0.0,1.0,0.0,0.0,0.0,0.0,0.0,0.0,0.0,0.0,0.0,0.0,0.0,0.0,0.0,0.0,0.0,1.0,0.0,0.0,0.0,0.0,0.0,0.0,0.0,0.0,0.0,0.0,0.0,0.0,0.0,0.0,2.0,0
-0.8661191520609096,-0.8732650543709533,-0.6932195836309581,-0.8791721699445372,-0.2608695652173913,-0.35738831615120276,-0.3378177909164203,-0.23333333333333328,0.8181818181818182,0.3333333333333333,-0.06781901021287665,0.0,0.0,0.0,0.0,0.0,1.0,0.0,0.0,0.0,0.0,0.0,0.0,0.0,0.0,0.0,0.0,0.0,0.0,0.0,0.0,0.0,0.0,1.0,0.0,0.0,0.0,0.0,0.0,0.0,0.0,0.0,0.0,0.0,0.0,1.99,0
1.2466868925003358,-0.6598913161952042,-0.2092842856030388,1.2315944471716231,-0.5217391304347826,0.43986254295532645,0.7104004299919376,2.3999999999999995,1.0909090909090908,0.0,-0.15026745834794075,-1.0,0.0,0.0,1.0,0.0,0.0,0.0,0.0,0.0,0.0,0.0,0.0,0.0,0.0,0.0,0.0,0.0,0.0,0.0,1.0,0.0,0.0,0.0,0.0,0.0,0.0,0.0,0.0,0.0,0.0,0.0,0.0,0.0,0.0,1.1,0
-0.14408780846006775,0.646173159611522,0.022933751179589165,-0.15783778124977482,1.173913043478261,0.6460481099656358,-0.11791994291857028,0.19999999999999996,-0.9090909090909091,1.0,1.9763552698819684,0.0,0.0,0.0,0.0,0.0,0.0,0.0,0.0,0.0,0.0,0.0,1.0,0.0,0.0,0.0,0.0,0.0,0.0,0.0,0.0,0.0,0.0,0.0,0.0,0.0,0.0,0.0,1.0,0.0,0.0,0.0,0.0,0.0,0.0,1.01,0
-0.8782778411177043,-0.877856914736053,2.1111234254539077,-0.8913191225884121,0.8260869565217391,1.0859106529209621,-0.3209137328675087,-0.19999999999999996,0.45454545454545453,0.0,0.2915758522143218,0.0,0.0,0.0,0.0,0.0,1.0,0.0,0.0,0.0,0.0,0.0,0.0,0.0,0.0,0.0,0.0,0.0,0.0,0.0,0.0,0.0,0.0,1.0,0.0,0.0,0.0,0.0,0.0,0.0,0.0,0.0,0.0,0.0,0.0,1.41,0
0.032742698964441846,-0.013881340043603106,-0.3732550283136588,0.018822037061600988,-0.13043478260869565,-0.13745704467353953,-0.3191185165278151,-0.5333333333333332,-1.0,-0.3333333333333333,-0.1495511708181607,-1.0,0.0,0.0,0.0,1.0,0.0,0.0,0.0,0.0,0.0,0.0,0.0,0.0,0.0,0.0,0.0,0.0,0.0,0.0,0.0,0.0,0.0,0.0,0.0,1.0,0.0,0.0,0.0,0.0,0.0,0.0,0.0,0.0,0.0,1.05,0
0.40236526309687154,0.009395489815240621,0.038001333718919984,0.3880878157694741,-0.391304347826087,1.470790378006873,-0.2233808116097823,-0.3666666666666666,0.09090909090909091,-0.6666666666666666,0.18803727408914434,0.0,0.0,0.0,0.0,0.0,0.0,0.0,0.0,0.0,0.0,0.0,0.0,0.0,0.0,0.0,0.0,0.0,0.0,1.0,0.0,0.0,0.0,0.0,0.0,0.0,0.0,0.0,0.0,0.0,0.0,0.0,0.0,0.0,1.0,-0.16,0
0.03427320719663496,-0.015098917447494866,-0.454797246465127,0.02035106794072532,0.0,-0.27491408934707906,-0.3606084385917764,-0.4999999999999999,-0.18181818181818182,1.0,-0.14956746655718706,-1.0,0.0,0.0,0.0,1.0,0.0,0.0,0.0,0.0,0.0,0.0,0.0,0.0,0.0,0.0,0.0,0.0,0.0,0.0,0.0,0.0,0.0,0.0,0.0,1.0,0.0,0.0,0.0,0.0,0.0,0.0,0.0,0.0,0.0,0.77,0
-0.9095132273087418,1.4734137866805648,8.688566368064144,-0.9225243582107214,-0.17391304347826086,1.3745704467353952,0.6378392905133028,0.09999999999999998,0.9090909090909091,-0.3333333333333333,-0.1240506789739536,0.0,0.0,-1.0,0.0,0.0,0.0,0.0,0.0,0.0,0.0,0.0,0.0,0.0,0.0,1.0,0.0,0.0,0.0,0.0,0.0,0.0,0.0,0.0,0.0,0.0,0.0,0.0,0.0,1.0,0.0,0.0,0.0,0.0,0.0,3.14,0
1.1427080716535565,-0.7168727304087994,5.206182144709391,1.12771599391963,3.1739130434782608,-0.8934707903780069,2.322870196183821,2.3999999999999995,-0.18181818181818182,0.0,5.453582112587435,-1.0,0.0,0.0,1.0,0.0,0.0,0.0,0.0,0.0,0.0,0.0,0.0,0.0,0.0,0.0,0.0,0.0,0.0,0.0,1.0,0.0,0.0,0.0,0.0,0.0,0.0,0.0,0.0,0.0,0.0,0.0,0.0,0.0,0.0,2.6,0
1.0701733366828325,-0.6599971804111148,-0.2092842856030388,1.0552512745235025,-0.391304347826087,-0.15120274914089346,1.2478903520558988,1.0666666666666664,-0.09090909090909091,0.6666666666666666,-0.14991186851586075,-1.0,0.0,0.0,1.0,0.0,0.0,0.0,0.0,0.0,0.0,0.0,0.0,0.0,0.0,0.0,0.0,0.0,0.0,0.0,1.0,0.0,0.0,0.0,0.0,0.0,0.0,0.0,0.0,0.0,0.0,0.0,0.0,0.0,0.0,1.3,0
1.0605267734642196,-0.6576946337150703,1.084755156010079,1.0456140228391073,0.2608695652173913,-0.23367697594501718,0.17291050792797635,1.7333333333333332,-0.5454545454545454,1.0,-0.0767166814450813,-1.0,0.0,0.0,1.0,0.0,0.0,0.0,0.0,0.0,0.0,0.0,0.0,0.0,0.0,0.0,0.0,0.0,0.0,0.0,1.0,0.0,0.0,0.0,0.0,0.0,0.0,0.0,0.0,0.0,0.0,0.0,0.0,0.0,0.0,2.0,0
-0.3049256990473253,0.48323048720172046,-0.5491734945549555,-0.3185204199107528,0.9130434782608695,-0.3436426116838488,-0.36457941413598494,0.06666666666666672,0.2727272727272727,-0.3333333333333333,-0.011738270642377178,0.0,0.0,0.0,0.0,0.0,0.0,0.0,0.0,0.0,0.0,0.0,0.0,0.0,0.0,0.0,0.0,1.0,0.0,0.0,0.0,0.0,0.0,0.0,0.0,0.0,0.0,0.0,0.0,0.0,0.0,1.0,0.0,0.0,0.0,2.0,0
-0.8660959632070185,-0.8732518213439648,-0.665743403706296,-0.8791490034741419,0.21739130434782608,-0.4948453608247423,-0.33838215533458743,-0.23333333333333328,-0.09090909090909091,0.3333333333333333,0.3814291401847006,0.0,0.0,0.0,0.0,0.0,1.0,0.0,0.0,0.0,0.0,0.0,0.0,0.0,0.0,0.0,0.0,0.0,0.0,0.0,0.0,0.0,0.0,1.0,0.0,0.0,0.0,0.0,0.0,0.0,0.0,0.0,0.0,0.0,0.0,1.61,0
-0.22602948849253063,0.16135033872715596,0.27110569888621444,-0.23970036546954596,1.2608695652173914,-0.7147766323024055,-0.047890352055898956,0.09999999999999998,0.7272727272727273,0.0,-0.11892023988332948,0.0,0.0,0.0,0.0,1.0,0.0,0.0,0.0,0.0,0.0,0.0,0.0,0.0,0.0,0.0,0.0,0.0,0.0,0.0,0.0,0.0,1.0,0.0,0.0,0.0,0.0,0.0,0.0,0.0,0.0,0.0,0.0,0.0,0.0,1.12,0
0.4351697617345249,0.009298447617314194,0.9890316904660947,0.42086064922185595,0.043478260869565216,0.09621993127147767,-0.11083042192958881,0.06666666666666672,-0.9090909090909091,-0.3333333333333333,0.8212613522364896,0.0,0.0,0.0,0.0,0.0,0.0,0.0,0.0,0.0,0.0,0.0,0.0,0.0,0.0,0.0,0.0,0.0,0.0,1.0,0.0,0.0,0.0,0.0,0.0,0.0,0.0,0.0,0.0,0.0,0.0,0.0,0.0,0.0,1.0,1.24,0
-0.28071653558522935,0.4899793309659873,0.10972302660613466,-0.29433462481818334,1.0869565217391304,-0.7147766323024055,-0.36457941413598494,0.3999999999999999,-0.2727272727272727,1.0,1.695830762769066,0.0,0.0,0.0,0.0,0.0,0.0,0.0,0.0,0.0,0.0,1.0,0.0,0.0,0.0,0.0,0.0,0.0,0.0,0.0,0.0,0.0,0.0,0.0,0.0,0.0,0.0,0.0,0.0,0.0,0.0,1.0,0.0,0.0,0.0,1.8,0
-0.9298421225530928,1.4654033943433715,0.01584312410225701,-0.9428336305904955,-0.7391304347826086,0.563573883161512,0.028701961838215516,0.19999999999999996,0.7272727272727273,-1.0,-0.13407643056682397,0.0,0.0,0.0,0.0,0.0,0.0,0.0,0.0,0.0,0.0,0.0,0.0,0.0,0.0,1.0,0.0,0.0,0.0,0.0,0.0,0.0,0.0,0.0,0.0,0.0,0.0,0.0,0.0,1.0,0.0,0.0,0.0,0.0,0.0,1.8,0
-0.8660186670273808,-0.873154779146038,-0.6240859696269696,-0.8790717819061565,1.0434782608695652,-0.6735395189003437,-0.3270303681805966,-0.19999999999999996,-0.36363636363636365,0.0,1.27673337098407,0.0,0.0,0.0,0.0,0.0,1.0,0.0,0.0,0.0,0.0,0.0,0.0,0.0,0.0,0.0,0.0,0.0,0.0,0.0,0.0,0.0,0.0,1.0,0.0,0.0,0.0,0.0,0.0,0.0,0.0,0.0,0.0,0.0,0.0,3.41,0
0.9363736497323601,-0.8648709042510754,-0.2092842856030388,0.9215807403433062,-0.5652173913043478,0.7972508591065293,0.17291050792797635,-0.2666666666666666,-0.6363636363636364,1.0,-0.15047027356702575,-1.0,0.0,0.0,1.0,0.0,0.0,0.0,0.0,0.0,0.0,0.0,0.0,0.0,0.0,0.0,0.0,0.0,0.0,0.0,1.0,0.0,0.0,0.0,0.0,0.0,0.0,0.0,0.0,0.0,0.0,0.0,0.0,0.0,0.0,0.7,0
1.0163751956559526,-0.8157410860508197,-0.566474624623646,1.0015050632066818,-0.6521739130434783,0.5498281786941581,-0.21816715936576186,0.09999999999999998,0.45454545454545453,0.0,0.47091614475916915,0.0,0.0,0.0,1.0,0.0,0.0,0.0,0.0,0.0,0.0,0.0,0.0,0.0,0.0,0.0,0.0,0.0,0.0,0.0,0.0,1.0,0.0,0.0,0.0,0.0,0.0,0.0,0.0,0.0,0.0,0.0,0.0,0.0,0.0,-1.03,0
-0.2111422442945749,0.14766738882077926,-0.059494788594397066,-0.22482749147583928,-0.17391304347826086,-0.39862542955326463,-0.1540983606557377,-0.3666666666666666,-0.5454545454545454,1.0,0.4022678643243956,0.0,0.0,0.0,0.0,1.0,0.0,0.0,0.0,0.0,0.0,0.0,0.0,0.0,0.0,0.0,0.0,0.0,0.0,0.0,0.0,0.0,1.0,0.0,0.0,0.0,0.0,0.0,0.0,0.0,0.0,0.0,0.0,0.0,0.0,0.02,0
-1.9112315213820548,1.2344879555913317,11.291978732345111,-1.6340377078892852,2.6956521739130435,0.13745704467353953,15.10975544208546,1.1333333333333333,-0.09090909090909091,-0.6666666666666666,-0.1258374927527523,0.0,0.0,-1.0,0.0,0.0,0.0,0.0,0.0,0.0,0.0,0.0,0.0,1.0,0.0,0.0,0.0,0.0,0.0,0.0,0.0,0.0,0.0,0.0,0.0,0.0,0.0,0.0,0.0,0.0,0.0,0.0,1.0,0.0,0.0,4.5,1
1.0184544628881682,-0.8152646970792244,-0.8607356483329301,1.0035823233854482,-0.6956521739130435,0.5223367697594502,-0.28062348830959416,0.03333333333333336,0.9090909090909091,0.3333333333333333,0.17514123155756206,0.0,0.0,0.0,1.0,0.0,0.0,0.0,0.0,0.0,0.0,0.0,0.0,0.0,0.0,0.0,0.0,0.0,0.0,0.0,0.0,1.0,0.0,0.0,0.0,0.0,0.0,0.0,0.0,0.0,0.0,0.0,0.0,0.0,0.0,-1.06,0
1.0188795918761695,-0.8123093210517265,9.841679596515286,1.0040070420093614,0.17391304347826086,0.013745704467353952,-0.36457941413598494,0.3999999999999999,-0.2727272727272727,-1.0,-0.14941879471367386,-1.0,0.0,-1.0,1.0,0.0,0.0,0.0,0.0,0.0,0.0,0.0,0.0,0.0,0.0,0.0,0.0,0.0,0.0,0.0,1.0,0.0,0.0,0.0,0.0,0.0,0.0,0.0,0.0,0.0,0.0,0.0,0.0,0.0,0.0,1.2,0
-0.8631973564706565,-0.8816371494458326,1.6635275911973155,-0.8762531946747442,0.391304347826087,-0.5360824742268041,-0.2657887664606288,0.09999999999999998,0.8181818181818182,1.0,1.382490558779779,0.0,0.0,0.0,0.0,0.0,1.0,0.0,0.0,0.0,0.0,0.0,0.0,0.0,0.0,0.0,0.0,0.0,0.0,0.0,0.0,0.0,0.0,1.0,0.0,0.0,0.0,0.0,0.0,0.0,0.0,0.0,0.0,0.0,0.0,2.27,0
-0.2110340296430857,0.14758357964984165,-0.11001550652038866,-0.22471938128066343,0.0,-0.43986254295532645,-0.17291050792797635,-0.29999999999999993,-0.09090909090909091,0.6666666666666666,1.5053953787253127,0.0,0.0,0.0,0.0,1.0,0.0,0.0,0.0,0.0,0.0,0.0,0.0,0.0,0.0,0.0,0.0,0.0,0.0,0.0,0.0,0.0,1.0,0.0,0.0,0.0,0.0,0.0,0.0,0.0,0.0,0.0,0.0,0.0,0.0,0.12,0
-0.8731608340257769,-0.8756558212469137,2.193551965227894,-0.8862070547878724,0.8260869565217391,0.7147766323024055,-0.17984412792260146,-0.23333333333333328,-0.7272727272727273,-1.0,0.9681404996869232,0.0,0.0,0.0,0.0,0.0,1.0,0.0,0.0,0.0,0.0,0.0,0.0,0.0,0.0,0.0,0.0,0.0,0.0,0.0,0.0,0.0,0.0,1.0,0.0,0.0,0.0,0.0,0.0,0.0,0.0,0.0,0.0,0.0,0.0,1.58,0
-0.2143345765135581,0.1541295170002985,-0.1933303746790415,-0.22801674223357907,0.5652173913043478,0.013745704467353952,0.28255845202902435,-0.19999999999999996,0.0,0.3333333333333333,0.02980409930684326,0.0,0.0,0.0,0.0,1.0,0.0,0.0,0.0,0.0,0.0,0.0,0.0,0.0,0.0,0.0,0.0,0.0,0.0,0.0,0.0,0.0,1.0,0.0,0.0,0.0,0.0,0.0,0.0,0.0,0.0,0.0,0.0,0.0,0.0,0.66,0
0.020390732188060635,0.15443475882283053,-0.6506935477346585,0.006481993263246735,-0.391304347826087,1.6219931271477663,5.365063155065842,0.18499999999999994,0.2727272727272727,1.0,-0.14690696060258351,-1.0,0.0,0.0,0.0,0.0,0.0,0.0,0.0,0.0,1.0,0.0,0.0,0.0,0.0,0.0,0.0,0.0,0.0,0.0,0.0,0.0,0.0,0.0,0.0,0.0,0.0,1.0,0.0,0.0,0.0,0.0,0.0,0.0,0.0,1.68,0
-0.057044581515162084,0.022990255618055233,-0.19776200645915049,-0.07087857448570742,0.2608695652173913,-0.19243986254295534,0.06707874227358239,-0.33333333333333326,-0.2727272727272727,-0.6666666666666666,-0.11423912819740498,-1.0,0.0,0.0,0.0,1.0,0.0,0.0,0.0,0.0,0.0,0.0,0.0,0.0,0.0,0.0,0.0,0.0,0.0,0.0,0.0,0.0,0.0,0.0,0.0,1.0,0.0,0.0,0.0,0.0,0.0,0.0,0.0,0.0,0.0,1.68,0
0.032889540003944256,-0.011989148028331873,-0.47252381838480073,0.018968736359911965,-0.4782608695652174,0.27491408934707906,-0.28497715667831225,-0.4999999999999999,-1.0,-1.0,-0.14949875752610536,-1.0,0.0,0.0,0.0,1.0,0.0,0.0,0.0,0.0,0.0,0.0,0.0,0.0,0.0,0.0,0.0,0.0,0.0,0.0,0.0,0.0,0.0,0.0,0.0,1.0,0.0,0.0,0.0,0.0,0.0,0.0,0.0,0.0,0.0,0.96,0
1.117942375698079,-0.6977377733830541,2.431974300703187,1.1029742035375762,-0.21739130434782608,1.4158075601374571,1.7853802741198601,1.0666666666666664,0.18181818181818182,-0.6666666666666666,-0.14951268057916628,-1.0,0.0,0.0,1.0,0.0,0.0,0.0,0.0,0.0,0.0,0.0,0.0,0.0,0.0,0.0,0.0,0.0,0.0,0.0,1.0,0.0,0.0,0.0,0.0,0.0,0.0,0.0,0.0,0.0,0.0,0.0,0.0,0.0,0.0,1.6,0
-0.8661578001507262,-0.8732429993259547,-0.6214269844729701,-0.8792107807285277,-0.17391304347826086,-0.3848797250859107,-0.33174952969631816,-0.29999999999999993,-0.45454545454545453,0.0,-0.08251022035509416,0.0,0.0,0.0,0.0,0.0,1.0,0.0,0.0,0.0,0.0,0.0,0.0,0.0,0.0,0.0,0.0,0.0,0.0,0.0,0.0,0.0,0.0,1.0,0.0,0.0,0.0,0.0,0.0,0.0,0.0,0.0,0.0,0.0,0.0,2.55,0
1.0038995922626504,-0.7549573820824466,3.5753379169229973,0.9890415021340742,1.0869565217391304,0.7285223367697594,-0.36457941413598494,1.7333333333333332,-0.45454545454545453,-1.0,-0.1480343324528568,-1.0,0.0,0.0,1.0,0.0,0.0,0.0,0.0,0.0,0.0,0.0,0.0,0.0,0.0,0.0,0.0,0.0,0.0,0.0,1.0,0.0,0.0,0.0,0.0,0.0,0.0,0.0,0.0,0.0,0.0,0.0,0.0,0.0,0.0,2.1,0
0.03461324150738119,-0.01318451423581251,-0.47341014592419894,0.0206907740266885,-0.5217391304347826,0.013745704467353952,-0.3315936576189196,-0.5666666666666665,-0.7272727272727273,-0.3333333333333333,-0.14951304307285543,-1.0,0.0,0.0,0.0,1.0,0.0,0.0,0.0,0.0,0.0,0.0,0.0,0.0,0.0,0.0,0.0,0.0,0.0,0.0,0.0,0.0,0.0,0.0,0.0,1.0,0.0,0.0,0.0,0.0,0.0,0.0,0.0,0.0,0.0,0.41,0
1.093779589943765,-0.7125587636104638,-0.2092842856030388,1.0788347413857973,-0.6086956521739131,0.5773195876288659,0.17291050792797635,2.3999999999999995,-0.18181818181818182,-1.0,-0.15014472128018838,-1.0,0.0,0.0,1.0,0.0,0.0,0.0,0.0,0.0,0.0,0.0,0.0,0.0,0.0,0.0,0.0,0.0,0.0,0.0,1.0,0.0,0.0,0.0,0.0,0.0,0.0,0.0,0.0,0.0,0.0,0.0,0.0,0.0,0.0,0.9,0
-0.4294034667336573,0.6179956340552383,-0.011110122075451834,-0.44287803299208645,0.6956521739130435,-0.041237113402061855,0.7104004299919376,0.7333333333333333,-0.36363636363636365,-0.3333333333333333,1.3350073950978176,0.0,0.0,0.0,0.0,0.0,0.0,0.0,0.0,0.0,0.0,0.0,0.0,0.0,0.0,0.0,0.0,1.0,0.0,0.0,0.0,0.0,0.0,0.0,0.0,0.0,0.0,0.0,0.0,0.0,0.0,1.0,0.0,0.0,0.0,2.1,0
-0.4190612378983174,7.0160927247742935,0.23387990673022066,-0.4325457871958354,0.391304347826087,0.7835051546391752,42.43036818059661,1.7666666666666664,1.0,0.6666666666666666,-0.012736067475761677,0.0,0.0,0.0,0.0,0.0,0.0,0.0,0.0,0.0,0.0,0.0,0.0,1.0,0.0,0.0,0.0,0.0,0.0,0.0,0.0,0.0,0.0,0.0,0.0,0.0,0.0,0.0,0.0,0.0,0.0,0.0,1.0,0.0,0.0,4.3,0
-0.16479545498463827,0.0912991048576727,-0.4636605320023297,-0.17852543931267179,-0.08695652173913043,-0.027491408934707903,0.10427304488040848,0.09999999999999998,1.0,1.0,1.0181247874391588,0.0,0.0,0.0,0.0,1.0,0.0,0.0,0.0,0.0,0.0,0.0,0.0,0.0,0.0,0.0,0.0,0.0,0.0,0.0,0.0,0.0,1.0,0.0,0.0,0.0,0.0,0.0,0.0,0.0,0.0,0.0,0.0,0.0,0.0,0.87,0
-0.8938298324605308,1.5303731458491792,0.8445601637654522,-0.9068561020667789,-0.2608695652173913,2.556701030927835,1.4032249395323837,0.09999999999999998,-0.7272727272727273,1.0,-0.061724502678945796,0.0,0.0,0.0,0.0,0.0,0.0,0.0,0.0,0.0,0.0,0.0,0.0,1.0,0.0,0.0,0.0,0.0,0.0,0.0,0.0,0.0,0.0,0.0,0.0,0.0,0.0,0.0,0.0,1.0,0.0,0.0,0.0,0.0,0.0,3.25,0
-0.8772497990978672,-0.8792638790696575,2.0269221883376924,-0.890292072906284,0.30434782608695654,0.3024054982817869,-0.11298038161784467,0.1999999833333333,-0.09090909090909091,0.0,-0.14768724474548617,-1.0,0.0,0.0,0.0,0.0,1.0,0.0,0.0,0.0,0.0,0.0,0.0,0.0,0.0,0.0,0.0,0.0,0.0,0.0,0.0,0.0,0.0,1.0,0.0,0.0,0.0,0.0,0.0,0.0,0.0,0.0,0.0,0.0,0.0,1.77,0
-0.3150685037392033,6.69312746808665,10.590892980073894,-0.3286534340616051,1.608695652173913,0.5085910652920962,0.9898951894651974,2.6666666666666665,-1.0,0.6666666666666666,0.24598073691234976,0.0,0.0,-1.0,0.0,0.0,0.0,0.0,1.0,0.0,0.0,0.0,0.0,0.0,0.0,0.0,0.0,0.0,0.0,0.0,0.0,0.0,0.0,0.0,0.0,0.0,0.0,0.0,0.0,0.0,0.0,0.0,1.0,0.0,0.0,4.5,1
-0.27009604050319885,0.5390738610942819,0.08760027012485842,-0.2837243813771903,-0.4782608695652174,-0.12371134020618557,-0.36457941413598494,-0.2666666666666666,-0.18181818181818182,-0.3333333333333333,0.3065154364415574,0.0,0.0,0.0,0.0,0.0,0.0,0.0,0.0,0.0,0.0,0.0,0.0,0.0,0.0,0.0,0.0,1.0,0.0,0.0,0.0,0.0,0.0,0.0,0.0,0.0,0.0,0.0,0.0,0.0,0.0,1.0,0.0,0.0,0.0,0.6,0
-1.0976691337030666,0.8284484020736601,9.559295373160532,-1.1104986434285813,0.9130434782608695,1.0996563573883162,10.95495834453104,1.3999999999999997,0.0,0.3333333333333333,-0.13441195143011325,0.0,0.0,-1.0,0.0,0.0,0.0,0.0,0.0,0.0,0.0,0.0,0.0,1.0,0.0,0.0,0.0,0.0,0.0,0.0,0.0,0.0,0.0,0.0,0.0,0.0,0.0,0.0,0.0,0.0,0.0,0.0,1.0,0.0,0.0,4.2,0
1.1110320972385919,-0.7667877082103968,7.333370267909037,1.0960705953598122,1.9130434782608696,-0.5910652920962199,2.322870196183821,1.3999999999999997,-0.6363636363636364,1.0,-0.10828058875088085,-1.0,0.0,-1.0,1.0,0.0,0.0,0.0,0.0,0.0,0.0,0.0,0.0,0.0,0.0,0.0,0.0,0.0,0.0,0.0,1.0,0.0,0.0,0.0,0.0,0.0,0.0,0.0,0.0,0.0,0.0,0.0,0.0,0.0,0.0,2.6,0
1.0973042957351813,-0.7196252000224608,0.4731885705901807,1.082356044885865,-0.5652173913043478,0.5085910652920962,0.7104004299919376,1.7333333333333332,0.0,-0.6666666666666666,-0.14995348938217065,-1.0,0.0,0.0,1.0,0.0,0.0,0.0,0.0,0.0,0.0,0.0,0.0,0.0,0.0,0.0,0.0,0.0,0.0,0.0,1.0,0.0,0.0,0.0,0.0,0.0,0.0,0.0,0.0,0.0,0.0,0.0,0.0,0.0,0.0,1.1,0
1.016668921138569,-0.8149471044314942,-0.6604254333982968,1.0017985051650191,-0.6521739130434783,0.17869415807560138,-0.20161246976619188,-0.33333333333333326,-1.0,0.0,1.1035483695740314,0.0,0.0,0.0,1.0,0.0,0.0,0.0,0.0,0.0,0.0,0.0,0.0,0.0,0.0,0.0,0.0,0.0,0.0,0.0,0.0,1.0,0.0,0.0,0.0,0.0,0.0,0.0,0.0,0.0,0.0,0.0,0.0,0.0,0.0,-0.25,0
0.0346364176232542,-0.013735755747050896,-0.4645468705302198,0.02071392777136142,0.391304347826087,-0.7560137457044673,-0.30335931201289973,-0.4999999999999999,-0.2727272727272727,0.3333333333333333,-0.10847577512550761,-1.0,0.0,0.0,0.0,1.0,0.0,0.0,0.0,0.0,0.0,0.0,0.0,0.0,0.0,0.0,0.0,0.0,0.0,0.0,0.0,0.0,0.0,0.0,0.0,1.0,0.0,0.0,0.0,0.0,0.0,0.0,0.0,0.0,0.0,1.56,0
-0.8656940230729082,-0.8732165332719771,-0.6471305076282992,-0.8787474513206239,0.13043478260869565,-0.3024054982817869,-0.3285245901639344,-0.23333333333333328,0.0,0.0,0.40632949077253167,0.0,0.0,0.0,0.0,0.0,1.0,0.0,0.0,0.0,0.0,0.0,0.0,0.0,0.0,0.0,0.0,0.0,0.0,0.0,0.0,0.0,0.0,1.0,0.0,0.0,0.0,0.0,0.0,0.0,0.0,0.0,0.0,0.0,0.0,1.91,0
0.03364709823423582,-0.01400491506369738,-0.3936405828515253,0.019725563342273746,-0.34782608695652173,0.0,-0.31227089492072024,-0.5666666666666665,0.6363636363636364,0.3333333333333333,-0.14951795321464498,-1.0,0.0,0.0,0.0,1.0,0.0,0.0,0.0,0.0,0.0,0.0,0.0,0.0,0.0,0.0,0.0,0.0,0.0,0.0,0.0,0.0,0.0,0.0,0.0,1.0,0.0,0.0,0.0,0.0,0.0,0.0,0.0,0.0,0.0,0.98,0
1.1891785348509127,-0.6749240348544343,-0.2092842856030388,1.1741416005915732,-0.43478260869565216,0.054982817869415807,2.322870196183821,1.3999999999999997,-0.2727272727272727,1.0,-0.14937526251700292,-1.0,0.0,0.0,1.0,0.0,0.0,0.0,0.0,0.0,0.0,0.0,0.0,0.0,0.0,0.0,0.0,0.0,0.0,0.0,1.0,0.0,0.0,0.0,0.0,0.0,0.0,0.0,0.0,0.0,0.0,0.0,0.0,0.0,0.0,1.8,0
-0.8747531475925241,-0.8758453740202253,2.0260358396665823,-0.8877978313427403,0.13043478260869565,1.5807560137457044,-0.254555227089492,-0.20000000999999995,-0.09090909090909091,-1.0,-0.1475134125445481,-1.0,0.0,0.0,0.0,0.0,1.0,0.0,0.0,0.0,0.0,0.0,0.0,0.0,0.0,0.0,0.0,0.0,0.0,0.0,0.0,0.0,0.0,1.0,0.0,0.0,0.0,0.0,0.0,0.0,0.0,0.0,0.0,0.0,0.0,1.77,0
-0.8708033005468706,-0.8723343314727355,-0.16674052313904586,-0.8838517969643638,0.6086956521739131,0.15120274914089346,-0.16533190002687448,-0.19999999999999996,0.7272727272727273,-0.3333333333333333,7.141070247870345,0.0,0.0,0.0,0.0,0.0,1.0,0.0,0.0,0.0,0.0,0.0,0.0,0.0,0.0,0.0,0.0,0.0,0.0,0.0,0.0,0.0,0.0,1.0,0.0,0.0,0.0,0.0,0.0,0.0,0.0,0.0,0.0,0.0,0.0,1.28,0
-0.7067978125181166,7.0486962566691975,2.449700868396518,-0.7200046184474039,3.391304347826087,0.15120274914089346,41.30163934426229,1.2999999999999996,-0.36363636363636365,-1.0,-0.12452580933852703,0.0,0.0,0.0,0.0,0.0,0.0,0.0,0.0,0.0,0.0,0.0,0.0,1.0,0.0,0.0,0.0,0.0,0.0,0.0,0.0,0.0,0.0,0.0,0.0,0.0,0.0,0.0,0.0,0.0,0.0,0.0,1.0,0.0,0.0,4.9,1
0.3419366557807867,1.2213634394238808,1.67558165722878,0.32771753835098966,-0.43478260869565216,-0.12371134020618557,3.7418435904326786,2.166666666666666,0.9090909090909091,-0.3333333333333333,1.3265512082250384,0.0,0.0,0.0,0.0,0.0,0.0,0.0,0.0,0.0,0.0,0.0,0.0,1.0,0.0,0.0,0.0,0.0,0.0,0.0,0.0,0.0,0.0,0.0,0.0,0.0,0.0,0.0,0.0,0.0,0.0,0.0,1.0,0.0,0.0,1.6,0
-0.17169027420819963,0.06642101411880655,0.16917793464956474,-0.18541360317684055,1.2608695652173914,-0.48109965635738833,-0.03595807578607901,0.06666666666666672,0.36363636363636365,-1.0,0.5343537431821271,0.0,0.0,0.0,0.0,1.0,0.0,0.0,0.0,0.0,0.0,0.0,0.0,0.0,0.0,0.0,0.0,0.0,0.0,0.0,0.0,0.0,1.0,0.0,0.0,0.0,0.0,0.0,0.0,0.0,0.0,0.0,0.0,0.0,0.0,2.69,0
0.05172660341262689,0.2783876404247422,-0.21282959914170488,0.037787616923936715,-0.17391304347826086,-0.35738831615120276,0.15893576995431333,0.03333333333333336,-0.2727272727272727,1.0,1.8128989235325623,0.0,0.0,0.0,0.0,0.0,0.0,0.0,0.0,0.0,0.0,0.0,0.0,0.0,0.0,0.0,0.0,0.0,1.0,0.0,0.0,0.0,0.0,0.0,0.0,0.0,0.0,0.0,0.0,0.0,0.0,0.0,0.0,1.0,0.0,1.3,0
-2.035226960907456,7.319285192535333,11.97657877666153,-1.5101619573921712,0.6521739130434783,0.054982817869415807,13.787530233808116,1.0999999999999999,1.0,-1.0,0.08425963137596586,0.0,0.0,-1.0,0.0,0.0,0.0,0.0,0.0,0.0,0.0,0.0,0.0,0.0,1.0,0.0,0.0,0.0,0.0,0.0,0.0,0.0,0.0,0.0,0.0,0.0,0.0,0.0,0.0,0.0,0.0,0.0,1.0,0.0,0.0,4.8,1
-0.8663587938067056,-0.8729474186469413,-0.5257035235779637,-0.8794115803714412,-0.5217391304347826,0.13745704467353953,-0.3133619994625101,-0.0333333266666666,-0.18181818181818182,0.3333333333333333,-0.14755757086668214,-1.0,0.0,0.0,0.0,0.0,1.0,0.0,0.0,0.0,0.0,0.0,0.0,0.0,0.0,0.0,0.0,0.0,0.0,0.0,0.0,0.0,0.0,1.0,0.0,0.0,0.0,0.0,0.0,0.0,0.0,0.0,0.0,0.0,0.0,1.78,0
1.1383949448298496,-0.7673964274518796,7.2536007132890505,1.123407030426126,-0.30434782608695654,0.5773195876288659,1.2478903520558988,0.3999999999999999,0.2727272727272727,0.3333333333333333,-0.14966435123410798,-1.0,0.0,-1.0,1.0,0.0,0.0,0.0,0.0,0.0,0.0,0.0,0.0,0.0,0.0,0.0,0.0,0.0,0.0,0.0,1.0,0.0,0.0,0.0,0.0,0.0,0.0,0.0,0.0,0.0,0.0,0.0,0.0,0.0,0.0,1.7,0
-0.2984791976656561,0.4718236179374106,-0.0527232397355449,-0.3120801411408924,0.2608695652173913,-0.17869415807560138,-0.36457941413598494,0.06666666666666672,0.6363636363636364,0.6666666666666666,2.6287195750344785,0.0,0.0,0.0,0.0,0.0,0.0,0.0,0.0,0.0,0.0,1.0,0.0,0.0,0.0,0.0,0.0,0.0,0.0,0.0,0.0,0.0,0.0,0.0,0.0,0.0,0.0,0.0,0.0,0.0,0.0,1.0,0.0,0.0,0.0,2.0,0
-0.30028792826914597,0.4809014744516991,-0.12997562174307867,-0.31388712583171646,0.43478260869565216,-0.43986254295532645,-0.36457941413598494,-0.2666666666666666,1.0,0.0,0.8138515528284279,0.0,0.0,0.0,0.0,0.0,0.0,0.0,0.0,0.0,0.0,0.0,0.0,0.0,0.0,0.0,0.0,1.0,0.0,0.0,0.0,0.0,0.0,0.0,0.0,0.0,0.0,0.0,0.0,0.0,0.0,1.0,0.0,0.0,0.0,1.6,0
1.246733270208118,-0.7034015089342427,0.5352315575168372,1.2316407801124136,-0.5652173913043478,0.0,1.2478903520558988,0.3999999999999999,-0.18181818181818182,0.3333333333333333,-0.14966392283247532,-1.0,0.0,0.0,1.0,0.0,0.0,0.0,0.0,0.0,0.0,0.0,0.0,0.0,0.0,0.0,0.0,0.0,0.0,0.0,1.0,0.0,0.0,0.0,0.0,0.0,0.0,0.0,0.0,0.0,0.0,0.0,0.0,0.0,0.0,0.9,0
0.03476008254688327,-0.013899109000721398,-0.4796144386999836,0.020837473324999148,-0.043478260869565216,-0.3711340206185567,-0.2843859177640419,-0.5333333333333332,-0.09090909090909091,0.6666666666666666,-0.14951151071316945,-1.0,0.0,0.0,0.0,1.0,0.0,0.0,0.0,0.0,0.0,0.0,0.0,0.0,0.0,0.0,0.0,0.0,0.0,0.0,0.0,0.0,0.0,0.0,0.0,1.0,0.0,0.0,0.0,0.0,0.0,0.0,0.0,0.0,0.0,1.09,0
-0.905837021005237,1.4253134979800266,11.844781745861619,-0.9188517004374038,0.30434782608695654,0.7010309278350515,-0.010373555495834458,1.0333333333333332,-0.2727272727272727,1.0,0.0058933400134329175,0.0,0.0,-1.0,0.0,0.0,0.0,0.0,0.0,0.0,0.0,0.0,0.0,1.0,0.0,0.0,0.0,0.0,0.0,0.0,0.0,0.0,0.0,0.0,0.0,0.0,0.0,0.0,0.0,1.0,0.0,0.0,0.0,0.0,0.0,3.99,0
0.3025604359504533,0.269190686667555,-0.24651007775903258,0.2883793271886134,-0.6956521739130435,1.3333333333333333,0.7152378392905132,-0.3666666666666666,-0.6363636363636364,1.0,2.0842300634248208,0.0,0.0,0.0,0.0,0.0,0.0,0.0,0.0,0.0,0.0,0.0,0.0,1.0,0.0,0.0,0.0,0.0,0.0,0.0,0.0,0.0,0.0,0.0,1.0,0.0,0.0,0.0,0.0,0.0,0.0,0.0,0.0,0.0,0.0,0.06,0
1.0273667124002375,-0.7994468188186525,8.627409709522155,1.0124859701739977,6.043478260869565,-0.3848797250859107,0.7104004299919376,2.3999999999999995,0.0,-1.0,-0.12794959518661442,-1.0,0.0,-1.0,1.0,0.0,0.0,0.0,0.0,0.0,0.0,0.0,0.0,0.0,0.0,0.0,0.0,0.0,0.0,0.0,1.0,0.0,0.0,0.0,0.0,0.0,0.0,0.0,0.0,0.0,0.0,0.0,0.0,0.0,0.0,3.0,0
0.033028596699178375,-0.012800664377631082,-0.6524484779362982,0.019107658827945524,0.08695652173913043,-0.08247422680412371,-0.32482665950013434,-0.46666666666666656,-1.0,-0.3333333333333333,-0.06421382922733646,-1.0,0.0,0.0,0.0,1.0,0.0,0.0,0.0,0.0,0.0,0.0,0.0,0.0,0.0,0.0,0.0,0.0,0.0,0.0,0.0,0.0,0.0,0.0,0.0,1.0,0.0,0.0,0.0,0.0,0.0,0.0,0.0,0.0,0.0,1.3,0
1.087472221685441,-0.6385067445813705,0.482051854436846,1.0725334614383077,0.391304347826087,0.054982817869415807,0.7104004299919376,2.066666666666667,0.2727272727272727,0.6666666666666666,-0.14808284069926075,-1.0,0.0,0.0,1.0,0.0,0.0,0.0,0.0,0.0,0.0,0.0,0.0,0.0,0.0,0.0,0.0,0.0,0.0,0.0,1.0,0.0,0.0,0.0,0.0,0.0,0.0,0.0,0.0,0.0,0.0,0.0,0.0,0.0,0.0,2.0,0
0.0347059459708739,-0.013921118277178957,-0.4849324145022287,0.020783389005380834,-0.5652173913043478,0.20618556701030927,-0.29040580489115825,-0.5666666666666665,-0.2727272727272727,0.0,-0.14954883108616707,-1.0,0.0,0.0,0.0,1.0,0.0,0.0,0.0,0.0,0.0,0.0,0.0,0.0,0.0,0.0,0.0,0.0,0.0,0.0,0.0,0.0,0.0,0.0,0.0,1.0,0.0,0.0,0.0,0.0,0.0,0.0,0.0,0.0,0.0,0.38,0
-0.206257125741561,0.11593900111074118,0.028251721487588245,-0.219947088379256,3.0,0.6185567010309279,-0.1013705993012631,0.26666666666666666,-0.09090909090909091,-0.6666666666666666,0.9832916648897269,0.0,0.0,0.0,0.0,1.0,0.0,0.0,0.0,0.0,0.0,0.0,0.0,0.0,0.0,0.0,0.0,0.0,0.0,0.0,0.0,0.0,1.0,0.0,0.0,0.0,0.0,0.0,0.0,0.0,0.0,0.0,0.0,0.0,0.0,2.23,0
-0.07070274427479807,0.029152449185613185,-0.18801242465748952,-0.08452355343604243,0.43478260869565216,-0.6048109965635738,-0.3246009137328675,0.0,0.8181818181818182,0.3333333333333333,-0.11306962469425978,-1.0,0.0,0.0,0.0,1.0,0.0,0.0,0.0,0.0,0.0,0.0,0.0,0.0,0.0,0.0,0.0,0.0,0.0,0.0,0.0,0.0,0.0,0.0,0.0,1.0,0.0,0.0,0.0,0.0,0.0,0.0,0.0,0.0,0.0,1.89,0
0.9365591605634873,-0.8654266913846037,-0.2092842856030388,0.9217660721064675,-0.6521739130434783,0.6735395189003437,-0.36457941413598494,-0.5999999999999999,-0.18181818181818182,-0.6666666666666666,0.6291632096405594,-1.0,0.0,0.0,1.0,0.0,0.0,0.0,0.0,0.0,0.0,0.0,0.0,0.0,0.0,0.0,0.0,0.0,0.0,0.0,1.0,0.0,0.0,0.0,0.0,0.0,0.0,0.0,0.0,0.0,0.0,0.0,0.0,0.0,0.0,0.8,0
-1.3508914181916556,4.295297684512792,0.23387990673022066,-1.3634765001439617,1.0434782608695652,0.4948453608247423,19.97403923676431,1.3999999999999997,0.7272727272727273,-1.0,-0.1344906455146327,0.0,0.0,0.0,0.0,0.0,0.0,0.0,0.0,0.0,0.0,0.0,0.0,1.0,0.0,0.0,0.0,0.0,0.0,0.0,0.0,0.0,0.0,0.0,0.0,0.0,0.0,0.0,0.0,0.0,0.0,0.0,1.0,0.0,0.0,4.6,1
1.017032213182863,-0.8154455484480618,-0.7029691958622899,1.0021614465345468,-0.6956521739130435,0.46735395189003437,-0.15377586670249932,-0.29999999999999993,1.0,0.3333333333333333,0.11524722314695877,0.0,0.0,0.0,1.0,0.0,0.0,0.0,0.0,0.0,0.0,0.0,0.0,0.0,0.0,0.0,0.0,0.0,0.0,0.0,0.0,1.0,0.0,0.0,0.0,0.0,0.0,0.0,0.0,0.0,0.0,0.0,0.0,0.0,0.0,-1.02,0
-0.20874606272585208,0.14628674300494351,0.43862176358818655,-0.22243362286834037,-0.043478260869565216,-0.39862542955326463,-0.3234184359043268,-0.23333333333333328,-0.9090909090909091,1.0,0.5714145212673339,0.0,0.0,0.0,0.0,1.0,0.0,0.0,0.0,0.0,0.0,0.0,0.0,0.0,0.0,0.0,0.0,0.0,0.0,0.0,0.0,0.0,1.0,0.0,0.0,0.0,0.0,0.0,0.0,0.0,0.0,0.0,0.0,0.0,0.0,0.29,0
-0.21237898316875753,0.15452209680095624,-0.25360070483636477,-0.22606303656358379,0.21739130434782608,-0.19243986254295534,0.3368449341574845,-0.13333333333333325,-1.0,0.0,0.7712946783821498,0.0,0.0,0.0,0.0,1.0,0.0,0.0,0.0,0.0,0.0,0.0,0.0,0.0,0.0,0.0,0.0,0.0,0.0,0.0,0.0,0.0,1.0,0.0,0.0,0.0,0.0,0.0,0.0,0.0,0.0,0.0,0.0,0.0,0.0,0.62,0
-0.1904191385340789,0.14678077601253234,0.5378905426708366,-0.2041243890993473,1.6521739130434783,-0.5773195876288659,0.04907282988443966,-0.09999999999999998,0.45454545454545453,-1.0,-0.1404943813334007,-1.0,0.0,0.0,0.0,1.0,0.0,0.0,0.0,0.0,0.0,0.0,0.0,0.0,0.0,0.0,0.0,0.0,0.0,0.0,0.0,0.0,1.0,0.0,0.0,0.0,0.0,0.0,0.0,0.0,0.0,0.0,0.0,0.0,0.0,1.29,0
0.03458228104724944,-0.01347568282891693,-0.4610015392409125,0.020659843451747713,-0.391304347826087,-0.06872852233676977,-0.3368288094598226,-0.5666666666666665,0.09090909090909091,0.6666666666666666,-0.1495422897227763,-1.0,0.0,0.0,0.0,1.0,0.0,0.0,0.0,0.0,0.0,0.0,0.0,0.0,0.0,0.0,0.0,0.0,0.0,0.0,0.0,0.0,0.0,0.0,0.0,1.0,0.0,0.0,0.0,0.0,0.0,0.0,0.0,0.0,0.0,0.77,0
0.03464420196751755,-0.014048933616612875,-0.4849324145022287,0.020721704601633896,-0.043478260869565216,-0.3024054982817869,-0.2928245095404461,-0.4999999999999999,-0.45454545454545453,-0.3333333333333333,-0.11791540737697813,-1.0,0.0,0.0,0.0,1.0,0.0,0.0,0.0,0.0,0.0,0.0,0.0,0.0,0.0,0.0,0.0,0.0,0.0,0.0,0.0,0.0,0.0,0.0,0.0,1.0,0.0,0.0,0.0,0.0,0.0,0.0,0.0,0.0,0.0,1.29,0
0.40649287908945103,0.013907952018407044,-0.619654327703637,0.39221144749981635,-0.30434782608695654,-0.027491408934707903,-0.24208546089760813,-0.4333333333333333,1.0909090909090908,0.6666666666666666,2.3414695906907044,0.0,0.0,0.0,0.0,0.0,0.0,0.0,0.0,0.0,0.0,0.0,0.0,0.0,0.0,0.0,0.0,0.0,0.0,1.0,0.0,0.0,0.0,0.0,0.0,0.0,0.0,0.0,0.0,0.0,0.0,0.0,0.0,0.0,1.0,-0.13,0
-0.21261087170766663,0.1543721224950749,-0.18446709083237625,-0.22629470126753573,1.391304347826087,-0.7422680412371134,0.3088954582101585,0.06666666666666672,-1.0,0.0,0.7632043629806338,0.0,0.0,0.0,0.0,1.0,0.0,0.0,0.0,0.0,0.0,0.0,0.0,0.0,0.0,0.0,0.0,0.0,0.0,0.0,0.0,0.0,1.0,0.0,0.0,0.0,0.0,0.0,0.0,0.0,0.0,0.0,0.0,0.0,0.0,1.28,0
0.7070436143693595,-1.2151138405715551,0.10713494772290848,0.692472070291762,-0.6521739130434783,2.790378006872852,-0.19779629131953774,0.5,-1.0,0.0,1.1417642667537182,0.0,0.0,0.0,1.0,0.0,0.0,0.0,0.0,0.0,0.0,0.0,0.0,0.0,0.0,0.0,0.0,0.0,0.0,0.0,0.0,1.0,0.0,0.0,0.0,0.0,0.0,0.0,0.0,0.0,0.0,0.0,0.0,0.0,0.0,-0.31,0
-0.8497246323600458,-0.8810328412133552,0.8436738353807856,-0.862793475375144,0.5217391304347826,0.054982817869415807,-0.14539102391830155,-0.13333333333333325,-0.6363636363636364,0.6666666666666666,3.803415371875253,0.0,0.0,0.0,0.0,0.0,1.0,0.0,0.0,0.0,0.0,0.0,0.0,0.0,0.0,0.0,0.0,0.0,0.0,0.0,0.0,0.0,0.0,1.0,0.0,0.0,0.0,0.0,0.0,0.0,0.0,0.0,0.0,0.0,0.0,2.42,0
1.010438849059883,-0.7938889474833745,5.986151123215929,0.9955744467855152,0.5652173913043478,-0.027491408934707903,1.2478903520558988,1.3999999999999997,-0.2727272727272727,0.0,-0.14701524735372712,-1.0,0.0,-1.0,1.0,0.0,0.0,0.0,0.0,0.0,0.0,0.0,0.0,0.0,0.0,0.0,0.0,0.0,0.0,0.0,1.0,0.0,0.0,0.0,0.0,0.0,0.0,0.0,0.0,0.0,0.0,0.0,0.0,0.0,0.0,2.0,0
1.0166534619026433,-0.8154058493670957,-0.2092842856030388,1.0017830608514238,-0.6521739130434783,0.39862542955326463,-0.36457941413598494,-0.2666666666666666,0.2727272727272727,-0.3333333333333333,0.5732159336556143,-1.0,0.0,0.0,1.0,0.0,0.0,0.0,0.0,0.0,0.0,0.0,0.0,0.0,0.0,0.0,0.0,0.0,0.0,0.0,1.0,0.0,0.0,0.0,0.0,0.0,0.0,0.0,0.0,0.0,0.0,0.0,0.0,0.0,0.0,0.5,0
0.6415660205994286,7.989413619062264,-0.03822290736240067,0.6270576800525652,-0.6521739130434783,0.3711340206185567,-0.22687449610319801,0.06666666666666672,-0.45454545454545453,-0.6666666666666666,0.6457338342221701,0.0,0.0,0.0,1.0,0.0,0.0,0.0,0.0,0.0,0.0,0.0,0.0,0.0,0.0,0.0,0.0,0.0,0.0,0.0,0.0,1.0,0.0,0.0,0.0,0.0,0.0,0.0,0.0,0.0,0.0,0.0,0.0,0.0,0.0,1.06,0
1.2751628050783568,-0.5969815058906462,-0.3510968271496818,1.260042872816906,-0.30434782608695654,0.6185567010309279,1.2478903520558988,1.3999999999999997,0.09090909090909091,0.3333333333333333,-0.10994873527743729,0.0,0.0,0.0,1.0,0.0,0.0,0.0,0.0,0.0,0.0,0.0,0.0,0.0,0.0,0.0,0.0,0.0,0.0,0.0,1.0,0.0,0.0,0.0,0.0,0.0,0.0,0.0,0.0,0.0,0.0,0.0,0.0,0.0,0.0,1.4,0
0.6500144930336802,-1.425629244917706,0.669953471986148,0.6354979974332113,-0.7391304347826086,1.8969072164948453,-0.2610051061542596,-0.23333333333333328,-1.0,0.6666666666666666,1.5493734261569279,0.0,0.0,0.0,1.0,0.0,0.0,0.0,0.0,0.0,0.0,0.0,0.0,0.0,0.0,0.0,0.0,0.0,0.0,0.0,0.0,1.0,0.0,0.0,0.0,0.0,0.0,0.0,0.0,0.0,0.0,0.0,0.0,0.0,0.0,0.84,0
-0.20626485535952618,0.1396040643756201,0.4696432570515147,-0.21995481053605598,0.5217391304347826,-0.4948453608247423,-0.3177586670249933,-0.19999999999999996,-0.09090909090909091,0.3333333333333333,0.10425283898569536,0.0,0.0,0.0,0.0,1.0,0.0,0.0,0.0,0.0,0.0,0.0,0.0,0.0,0.0,0.0,0.0,0.0,0.0,0.0,0.0,0.0,1.0,0.0,0.0,0.0,0.0,0.0,0.0,0.0,0.0,0.0,0.0,0.0,0.0,0.74,0
1.2273010106475468,-0.6429795077035712,-0.2092842856030388,1.2122272779212517,-0.6086956521739131,0.39862542955326463,0.7104004299919376,1.7333333333333332,-0.9090909090909091,-0.3333333333333333,-0.14982285983818608,-1.0,0.0,0.0,1.0,0.0,0.0,0.0,0.0,0.0,0.0,0.0,0.0,0.0,0.0,0.0,0.0,0.0,0.0,0.0,1.0,0.0,0.0,0.0,0.0,0.0,0.0,0.0,0.0,0.0,0.0,0.0,0.0,0.0,0.0,0.8,0
-0.20383775531894258,0.14519281277388163,0.7745402213767973,-0.2175300533013572,-0.30434782608695654,0.0,0.029131953775866668,-0.3999999999999999,0.09090909090909091,-1.0,0.16665014642870785,0.0,0.0,0.0,0.0,1.0,0.0,0.0,0.0,0.0,0.0,0.0,0.0,0.0,0.0,0.0,0.0,0.0,0.0,0.0,0.0,0.0,1.0,0.0,0.0,0.0,0.0,0.0,0.0,0.0,0.0,0.0,0.0,0.0,0.0,0.16,0
1.1885756246497494,-0.6748975688004567,-0.11178816328972174,1.1735392723612985,-0.17391304347826086,-0.3024054982817869,2.322870196183821,1.3999999999999997,0.45454545454545453,0.6666666666666666,0.26296172082707536,0.0,0.0,0.0,1.0,0.0,0.0,0.0,0.0,0.0,0.0,0.0,0.0,0.0,0.0,0.0,0.0,0.0,0.0,0.0,1.0,0.0,0.0,0.0,0.0,0.0,0.0,0.0,0.0,0.0,0.0,0.0,0.0,0.0,0.0,1.6,0
-0.22371833272140598,0.11504356628448416,0.8179703122254566,-0.2373914405868276,1.2173913043478262,0.5498281786941581,1.3279763504434292,0.06666666666666672,0.8181818181818182,-1.0,-0.09077987127082922,0.0,0.0,0.0,0.0,1.0,0.0,0.0,0.0,0.0,0.0,0.0,0.0,0.0,0.0,0.0,0.0,0.0,0.0,0.0,0.0,0.0,1.0,0.0,0.0,0.0,0.0,0.0,0.0,0.0,0.0,0.0,0.0,0.0,0.0,2.81,0
0.7332315600301422,-1.1738047413216288,0.1408154263402361,0.7186347375247173,-0.30434782608695654,0.9347079037800687,-0.1872614888470841,0.06666666666666672,0.18181818181818182,0.6666666666666666,1.582367436974407,0.0,0.0,0.0,1.0,0.0,0.0,0.0,0.0,0.0,0.0,0.0,0.0,0.0,0.0,0.0,0.0,0.0,0.0,0.0,0.0,1.0,0.0,0.0,0.0,0.0,0.0,0.0,0.0,0.0,0.0,0.0,0.0,0.0,0.0,0.98,0
-0.20907070668032454,0.14617646778005458,0.4182362107408566,-0.2227579534538728,1.173913043478261,-0.6735395189003437,-0.29518946519752753,-0.06666666666666662,-0.2727272727272727,1.0,0.11735553587407059,0.0,0.0,0.0,0.0,1.0,0.0,0.0,0.0,0.0,0.0,0.0,0.0,0.0,0.0,0.0,0.0,0.0,0.0,0.0,0.0,0.0,1.0,0.0,0.0,0.0,0.0,0.0,0.0,0.0,0.0,0.0,0.0,0.0,0.0,0.64,0
0.03386346762135265,-0.014671049036397567,-0.42909372669087303,0.019941723874598867,0.9130434782608695,-0.563573883161512,-0.3346627250739048,-0.46666666666666656,-0.9090909090909091,0.3333333333333333,-0.12028066222176086,-1.0,0.0,0.0,0.0,1.0,0.0,0.0,0.0,0.0,0.0,0.0,0.0,0.0,0.0,0.0,0.0,0.0,0.0,0.0,0.0,0.0,0.0,0.0,0.0,1.0,0.0,0.0,0.0,0.0,0.0,0.0,0.0,0.0,0.0,1.88,0
0.7337880925235237,-1.1742634862572574,-0.0036561003604063842,0.7191907328142016,-0.7391304347826086,2.9003436426116838,-0.18392905133028753,-0.3666666666666666,0.6363636363636364,0.6666666666666666,1.4512673102733882,0.0,0.0,0.0,1.0,0.0,0.0,0.0,0.0,0.0,0.0,0.0,0.0,0.0,0.0,0.0,0.0,0.0,0.0,0.0,0.0,1.0,0.0,0.0,0.0,0.0,0.0,0.0,0.0,0.0,0.0,0.0,0.0,0.0,0.0,0.07,0
-0.2963922008154754,0.4694946051873889,-0.20268113913727326,-0.309995158805326,0.5217391304347826,-0.13745704467353953,-0.36457941413598494,0.06666666666666672,0.9090909090909091,-0.3333333333333333,0.9002884366403894,0.0,0.0,0.0,0.0,0.0,0.0,0.0,0.0,0.0,0.0,1.0,0.0,0.0,0.0,0.0,0.0,0.0,0.0,0.0,0.0,0.0,0.0,0.0,0.0,0.0,0.0,0.0,0.0,0.0,0.0,1.0,0.0,0.0,0.0,2.0,0
-0.2028870123094159,0.14449587335248248,0.6929980099874774,-0.21658022801515484,0.17391304347826086,0.054982817869415807,0.09787691480784737,-0.29999999999999993,-0.36363636363636365,-0.3333333333333333,0.29393024872541557,0.0,0.0,0.0,0.0,1.0,0.0,0.0,0.0,0.0,0.0,0.0,0.0,0.0,0.0,0.0,0.0,0.0,0.0,0.0,0.0,0.0,1.0,0.0,0.0,0.0,0.0,0.0,0.0,0.0,0.0,0.0,0.0,0.0,0.0,0.62,0
-0.2982473091267471,0.4725382013948036,-0.07544869951839446,-0.31184847643694047,0.6521739130434783,-0.19243986254295534,-0.36457941413598494,0.3999999999999999,0.2727272727272727,-0.6666666666666666,0.301270416391187,0.0,0.0,0.0,0.0,0.0,0.0,0.0,0.0,0.0,0.0,1.0,0.0,0.0,0.0,0.0,0.0,0.0,0.0,0.0,0.0,0.0,0.0,0.0,0.0,0.0,0.0,0.0,0.0,0.0,0.0,1.0,0.0,0.0,0.0,1.8,0
-0.4286150457013667,0.6172016524359127,-0.019335249485157167,-0.44209037299865017,-0.2608695652173913,0.0,0.17291050792797635,0.3999999999999999,0.09090909090909091,1.0,1.4851022570187606,0.0,0.0,0.0,0.0,0.0,0.0,0.0,0.0,0.0,0.0,0.0,0.0,0.0,0.0,0.0,0.0,1.0,0.0,0.0,0.0,0.0,0.0,0.0,0.0,0.0,0.0,0.0,0.0,0.0,0.0,1.0,0.0,0.0,0.0,1.8,0
0.376710661075575,0.02051564349480296,-0.7552625705576145,0.3624579773556037,-0.2608695652173913,0.28865979381443296,0.14017737167428104,0.09999999999999998,0.18181818181818182,0.0,1.7132019546631865,0.0,0.0,0.0,0.0,0.0,0.0,0.0,0.0,0.0,0.0,0.0,0.0,0.0,0.0,0.0,0.0,0.0,0.0,1.0,0.0,0.0,0.0,0.0,0.0,0.0,0.0,0.0,0.0,0.0,0.0,0.0,0.0,0.0,1.0,1.11,0
1.226976366693074,-0.7149142424144628,-0.5726789233163115,1.211902947335719,-0.30434782608695654,0.4261168384879725,0.17291050792797635,1.0666666666666664,0.0,0.6666666666666666,-0.14994187310713164,-1.0,0.0,0.0,1.0,0.0,0.0,0.0,0.0,0.0,0.0,0.0,0.0,0.0,0.0,0.0,0.0,0.0,0.0,0.0,1.0,0.0,0.0,0.0,0.0,0.0,0.0,0.0,0.0,0.0,0.0,0.0,0.0,0.0,0.0,1.3,0
-0.8664979033411291,-0.8734150286768083,-0.6214269844729701,-0.87955055562766,0.0,-0.21993127147766323,-0.2973931738779898,-0.2666666666666666,-0.7272727272727273,0.0,-0.14108788236447078,0.0,0.0,0.0,0.0,0.0,1.0,0.0,0.0,0.0,0.0,0.0,0.0,0.0,0.0,0.0,0.0,0.0,0.0,0.0,0.0,0.0,0.0,1.0,0.0,0.0,0.0,0.0,0.0,0.0,0.0,0.0,0.0,0.0,0.0,1.71,0
-0.2094881060503607,0.14515311369291514,-0.11267449167438824,-0.22317494992098608,0.043478260869565216,-0.23367697594501718,-0.16173071754904594,-0.13333333333333325,0.7272727272727273,0.3333333333333333,-0.11495495437158063,0.0,0.0,0.0,0.0,1.0,0.0,0.0,0.0,0.0,0.0,0.0,0.0,0.0,0.0,0.0,0.0,0.0,0.0,0.0,0.0,0.0,1.0,0.0,0.0,0.0,0.0,0.0,0.0,0.0,0.0,0.0,0.0,0.0,0.0,0.51,0
-0.2678699105296727,0.5437318865943249,-0.14609793506016264,-0.2815004002192528,0.782608695652174,-0.5223367697594502,-0.36457941413598494,0.06666666666666672,0.7272727272727273,-0.6666666666666666,1.0435315417107465,0.0,0.0,0.0,0.0,0.0,0.0,0.0,0.0,0.0,0.0,0.0,0.0,0.0,0.0,0.0,0.0,1.0,0.0,0.0,0.0,0.0,0.0,0.0,0.0,0.0,0.0,0.0,0.0,0.0,0.0,1.0,0.0,0.0,0.0,1.7,0
-0.14768208081315673,0.07088495522299677,0.17892754688089654,-0.16142858416102795,0.4782608695652174,-0.4261168384879725,-0.005482397205052442,0.03333333333333336,-0.9090909090909091,-0.3333333333333333,0.6593934038020243,0.0,0.0,0.0,0.0,1.0,0.0,0.0,0.0,0.0,0.0,0.0,0.0,0.0,0.0,0.0,0.0,0.0,0.0,0.0,0.0,0.0,1.0,0.0,0.0,0.0,0.0,0.0,0.0,0.0,0.0,0.0,0.0,0.0,0.0,1.46,0
1.1111712303619374,-0.6709011946498513,1.1911145621700612,1.0962095941821832,5.608695652173913,-0.8934707903780069,1.2478903520558988,3.066666666666667,-0.09090909090909091,-0.3333333333333333,1.2434119954113079,-1.0,0.0,0.0,1.0,0.0,0.0,0.0,0.0,0.0,0.0,0.0,0.0,0.0,0.0,0.0,0.0,0.0,0.0,0.0,1.0,0.0,0.0,0.0,0.0,0.0,0.0,0.0,0.0,0.0,0.0,0.0,0.0,0.0,0.0,3.1,0
0.1807107383717533,0.25765148713335734,-0.5248171905443195,0.1666472474187308,-0.6956521739130435,0.865979381443299,0.5147540983606557,-0.13333333333333325,0.5454545454545454,1.0,1.3150868345187927,0.0,0.0,0.0,0.0,0.0,0.0,0.0,0.0,0.0,0.0,0.0,0.0,0.0,0.0,0.0,0.0,0.0,1.0,0.0,0.0,0.0,0.0,0.0,0.0,0.0,0.0,0.0,0.0,0.0,0.0,0.0,0.0,1.0,0.0,0.13,0
0.03185369146625787,-0.01717202975362766,-0.23144249521970175,0.017933887695329,0.4782608695652174,-0.3436426116838488,-0.03144316044074174,-0.4333333333333333,0.09090909090909091,0.0,-0.11817330515982956,-1.0,0.0,0.0,0.0,1.0,0.0,0.0,0.0,0.0,0.0,0.0,0.0,0.0,0.0,0.0,0.0,0.0,0.0,0.0,0.0,0.0,0.0,0.0,0.0,1.0,0.0,0.0,0.0,0.0,0.0,0.0,0.0,0.0,0.0,1.67,0
0.6440039421051598,7.451745146087409,2.776756042338463,0.6294932483067802,1.6521739130434783,0.5085910652920962,72.86842246707873,2.1999999999999993,-1.0,0.6666666666666666,-0.0744815453577211,0.0,0.0,0.0,0.0,0.0,0.0,0.0,0.0,0.0,0.0,0.0,0.0,0.0,0.0,0.0,1.0,0.0,0.0,0.0,0.0,0.0,0.0,0.0,0.0,0.0,0.0,0.0,0.0,0.0,0.0,0.0,1.0,0.0,0.0,4.8,1
-0.42824402403911244,0.6163547387086322,0.014894752730663841,-0.4417197094723273,-0.391304347826087,-0.027491408934707903,0.17291050792797635,0.06666666666666672,0.0,-0.6666666666666666,0.48878782509911833,0.0,0.0,0.0,0.0,0.0,0.0,0.0,0.0,0.0,0.0,0.0,0.0,0.0,0.0,0.0,0.0,1.0,0.0,0.0,0.0,0.0,0.0,0.0,0.0,0.0,0.0,0.0,0.0,0.0,0.0,1.0,0.0,0.0,0.0,1.6,0
-3.54276681675008,1.2469296475661626,0.23387990673022066,-0.004077283942876851,0.08695652173913043,1.5257731958762886,10.82058586401505,2.5666666666666664,0.9090909090909091,0.6666666666666666,1.4021445711583707,0.0,0.0,0.0,0.0,0.0,0.0,0.0,0.0,0.0,0.0,0.0,0.0,1.0,0.0,0.0,0.0,0.0,0.0,0.0,0.0,0.0,0.0,0.0,0.0,0.0,0.0,0.0,0.0,0.0,0.0,0.0,1.0,0.0,0.0,4.1,0
0.9935573634273106,-0.806036866259055,6.4293153155491884,0.9787092563378234,0.2608695652173913,0.8247422680412371,1.2478903520558988,1.0666666666666664,-0.8181818181818182,1.0,-0.1498476577019218,-1.0,0.0,-1.0,1.0,0.0,0.0,0.0,0.0,0.0,0.0,0.0,0.0,0.0,0.0,0.0,0.0,0.0,0.0,0.0,1.0,0.0,0.0,0.0,0.0,0.0,0.0,0.0,0.0,0.0,0.0,0.0,0.0,0.0,0.0,2.0,0
-0.42833677945467596,0.6168575937342052,-0.015612670269557725,-0.44181237535390794,0.43478260869565216,-0.027491408934707903,0.17291050792797635,0.3999999999999999,0.5454545454545454,-1.0,0.11288119388384006,0.0,0.0,0.0,0.0,0.0,0.0,0.0,0.0,0.0,0.0,0.0,0.0,0.0,0.0,0.0,0.0,1.0,0.0,0.0,0.0,0.0,0.0,0.0,0.0,0.0,0.0,0.0,0.0,0.0,0.0,1.0,0.0,0.0,0.0,2.6,0
1.1886220023575313,-0.6744211798288614,-0.12951473098305205,1.1735856053020892,-0.4782608695652174,0.8934707903780069,2.322870196183821,1.0666666666666664,-0.6363636363636364,0.6666666666666666,-0.1478195384650437,-1.0,0.0,0.0,1.0,0.0,0.0,0.0,0.0,0.0,0.0,0.0,0.0,0.0,0.0,0.0,0.0,0.0,0.0,0.0,1.0,0.0,0.0,0.0,0.0,0.0,0.0,0.0,0.0,0.0,0.0,0.0,0.0,0.0,0.0,1.5,0
0.03398713254498172,-0.013828437012128278,-0.47252381838480073,0.020065269428236596,-0.391304347826087,0.09621993127147767,-0.3518516527815103,-0.3999999999999999,-0.5454545454545454,1.0,-0.1495109669726357,-1.0,0.0,0.0,0.0,1.0,0.0,0.0,0.0,0.0,0.0,0.0,0.0,0.0,0.0,0.0,0.0,0.0,0.0,0.0,0.0,0.0,0.0,0.0,0.0,1.0,0.0,0.0,0.0,0.0,0.0,0.0,0.0,0.0,0.0,0.71,0
0.03261124969654976,-0.013043372178553506,-0.4388433296242495,0.01869071467769111,-0.30434782608695654,-0.08247422680412371,-0.32383767804353664,-0.5666666666666665,-0.7272727272727273,-1.0,-0.14952027646965274,-1.0,0.0,0.0,0.0,1.0,0.0,0.0,0.0,0.0,0.0,0.0,0.0,0.0,0.0,0.0,0.0,0.0,0.0,0.0,0.0,0.0,0.0,0.0,0.0,1.0,0.0,0.0,0.0,0.0,0.0,0.0,0.0,0.0,0.0,0.81,0
0.8230729096214401,-0.9710791788628523,5.711389323969307,0.8083893659924498,-0.43478260869565216,2.6941580756013748,1.2478903520558988,0.3999999999999999,-0.2727272727272727,0.0,-0.14962342240120463,-1.0,0.0,-1.0,1.0,0.0,0.0,0.0,0.0,0.0,0.0,0.0,0.0,0.0,0.0,0.0,0.0,0.0,0.0,0.0,1.0,0.0,0.0,0.0,0.0,0.0,0.0,0.0,0.0,0.0,0.0,0.0,0.0,0.0,0.0,1.7,0
-0.19577576378287584,0.1388453708282823,0.12042987349290629,-0.20947584376063408,-0.08695652173913043,-0.10996563573883161,0.02590701424348296,-0.23333333333333328,0.18181818181818182,1.0,0.18500883704004348,0.0,0.0,0.0,0.0,1.0,0.0,0.0,0.0,0.0,0.0,0.0,0.0,0.0,0.0,0.0,0.0,0.0,0.0,0.0,0.0,0.0,1.0,0.0,0.0,0.0,0.0,0.0,0.0,0.0,0.0,0.0,0.0,0.0,0.0,0.28,0
0.7428472047769038,-1.1567606025601083,0.6327276798301542,0.7282411005819224,-0.5652173913043478,-0.06872852233676977,-0.27325987637731786,-0.19999999999999996,0.9090909090909091,0.3333333333333333,0.17372140968506602,0.0,0.0,0.0,1.0,0.0,0.0,0.0,0.0,0.0,0.0,0.0,0.0,0.0,0.0,0.0,0.0,0.0,0.0,0.0,0.0,1.0,0.0,0.0,0.0,0.0,0.0,0.0,0.0,0.0,0.0,0.0,0.0,0.0,0.0,0.39,0
-0.00879633119043023,0.0018791191781100448,-0.07101706266667362,-0.022676896730257485,0.43478260869565216,-0.4261168384879725,-0.18624025799516258,-0.3666666666666666,0.18181818181818182,-1.0,-0.14735424486103516,-1.0,0.0,0.0,0.0,1.0,0.0,0.0,0.0,0.0,0.0,0.0,0.0,0.0,0.0,0.0,0.0,0.0,0.0,0.0,0.0,0.0,0.0,0.0,0.0,1.0,0.0,0.0,0.0,0.0,0.0,0.0,0.0,0.0,0.0,1.7,0
0.3072909621441963,0.27765100192235026,0.5892975889814948,0.2931052871492306,-0.6086956521739131,0.7422680412371134,-0.2632088148347218,-0.3666666666666666,0.36363636363636365,1.0,1.4346105604866302,0.0,0.0,0.0,0.0,0.0,0.0,0.0,0.0,0.0,0.0,0.0,0.0,1.0,0.0,0.0,0.0,0.0,0.0,0.0,0.0,0.0,0.0,0.0,1.0,0.0,0.0,0.0,0.0,0.0,0.0,0.0,0.0,0.0,0.0,0.27,0
1.0938723453593284,-0.7833819240542996,8.326058058735537,1.0789274072673778,0.8260869565217391,0.10996563573883161,0.7104004299919376,1.3999999999999997,0.18181818181818182,0.0,-0.14920790577151213,-1.0,0.0,-1.0,1.0,0.0,0.0,0.0,0.0,0.0,0.0,0.0,0.0,0.0,0.0,0.0,0.0,0.0,0.0,0.0,1.0,0.0,0.0,0.0,0.0,0.0,0.0,0.0,0.0,0.0,0.0,0.0,0.0,0.0,0.0,1.9,0
0.30478347407679257,7.180714227119849,4.432683363410921,0.2906002194838302,0.5217391304347826,0.5085910652920962,24.612577264176295,2.033333333333333,0.18181818181818182,0.0,1.7095032503058432,0.0,0.0,0.0,0.0,0.0,0.0,0.0,0.0,0.0,0.0,0.0,0.0,0.0,0.0,0.0,1.0,0.0,0.0,0.0,0.0,0.0,0.0,0.0,0.0,0.0,0.0,0.0,0.0,0.0,0.0,0.0,1.0,0.0,0.0,4.3,0
-2.72543855919921,-1.370830397955466,0.23387990673022066,-0.8206165993736767,0.9565217391304348,1.3333333333333333,39.855791453910236,3.1333333333333333,0.09090909090909091,-0.6666666666666666,1.2778634121060548,0.0,0.0,0.0,0.0,0.0,0.0,0.0,0.0,0.0,0.0,0.0,0.0,1.0,0.0,0.0,0.0,0.0,0.0,0.0,0.0,0.0,0.0,0.0,0.0,0.0,0.0,0.0,0.0,0.0,0.0,0.0,1.0,0.0,0.0,5.4,1
-3.5464584822895104,7.0962266430074195,0.23387990673022066,-0.0003891818559640127,0.2608695652173913,-0.3161512027491409,4.220209621069604,1.6999999999999997,0.45454545454545453,0.3333333333333333,0.08371790103450222,0.0,0.0,0.0,0.0,0.0,0.0,0.0,0.0,0.0,0.0,0.0,0.0,1.0,0.0,0.0,0.0,0.0,0.0,0.0,0.0,0.0,0.0,0.0,0.0,0.0,0.0,0.0,0.0,0.0,0.0,0.0,1.0,0.0,0.0,4.7,1
-0.17001294711008982,0.11946780830773464,-0.4636605320023297,-0.18373789515158748,-0.13043478260869565,0.16494845360824742,0.014350980919107722,-0.06666666666666662,0.9090909090909091,0.3333333333333333,4.1802627071678735,0.0,0.0,0.0,0.0,1.0,0.0,0.0,0.0,0.0,0.0,0.0,0.0,0.0,0.0,0.0,0.0,0.0,0.0,0.0,0.0,0.0,1.0,0.0,0.0,0.0,0.0,0.0,0.0,0.0,0.0,0.0,0.0,0.0,0.0,0.91,0
1.2341649113992519,-0.6769354549567255,0.3668291644301985,1.2190845531582253,-0.5652173913043478,-0.20618556701030927,0.17291050792797635,0.3999999999999999,-0.8181818181818182,0.3333333333333333,-0.14990112552107288,-1.0,0.0,0.0,1.0,0.0,0.0,0.0,0.0,0.0,0.0,0.0,0.0,0.0,0.0,0.0,0.0,0.0,0.0,0.0,1.0,0.0,0.0,0.0,0.0,0.0,0.0,0.0,0.0,0.0,0.0,0.0,0.0,0.0,0.0,0.7,0
1.0233782295310034,-0.8019610939465167,8.41469089720219,1.0085013372660265,0.08695652173913043,-0.24742268041237114,0.17291050792797635,0.3999999999999999,-0.36363636363636365,-0.6666666666666666,9.315399419417751,0.0,0.0,-1.0,1.0,0.0,0.0,0.0,0.0,0.0,0.0,0.0,0.0,0.0,0.0,0.0,0.0,0.0,0.0,0.0,1.0,0.0,0.0,0.0,0.0,0.0,0.0,0.0,0.0,0.0,0.0,0.0,0.0,0.0,0.0,1.4,0
-0.2983864422500924,0.47624344895165605,0.038152009544313255,-0.3119874752593116,0.391304347826087,-0.24742268041237114,-0.36457941413598494,0.3999999999999999,0.09090909090909091,0.3333333333333333,0.1527598660926892,0.0,0.0,0.0,0.0,0.0,0.0,0.0,0.0,0.0,0.0,1.0,0.0,0.0,0.0,0.0,0.0,0.0,0.0,0.0,0.0,0.0,0.0,0.0,0.0,0.0,0.0,0.0,0.0,0.0,0.0,1.0,0.0,0.0,0.0,1.5,0
-0.09811977043034585,0.12420082096070523,-0.21460225591103788,-0.11191411476972539,0.043478260869565216,-0.21993127147766323,-0.07874227358237033,0.06666666666666672,-0.5454545454545454,1.0,0.36832280188244787,0.0,0.0,0.0,0.0,1.0,0.0,0.0,0.0,0.0,0.0,0.0,0.0,0.0,0.0,0.0,0.0,0.0,0.0,0.0,0.0,0.0,1.0,0.0,0.0,0.0,0.0,0.0,0.0,0.0,0.0,0.0,0.0,0.0,0.0,0.56,0
0.9548319774295135,-0.8050840883158643,3.6994238907763095,0.9400212507778704,1.173913043478261,-0.20618556701030927,0.7104004299919376,1.3999999999999997,-0.9090909090909091,0.3333333333333333,-0.1493005558630642,-1.0,0.0,0.0,1.0,0.0,0.0,0.0,0.0,0.0,0.0,0.0,0.0,0.0,0.0,0.0,0.0,0.0,0.0,0.0,1.0,0.0,0.0,0.0,0.0,0.0,0.0,0.0,0.0,0.0,0.0,0.0,0.0,0.0,0.0,2.0,0
-0.22888944713907586,0.15249744367167628,-0.1552182541383811,-0.242557563484953,1.3043478260869565,-0.7285223367697594,0.14791722655200215,0.09999999999999998,0.6363636363636364,-1.0,-0.14777047000112012,-1.0,0.0,0.0,0.0,1.0,0.0,0.0,0.0,0.0,0.0,0.0,0.0,0.0,0.0,0.0,0.0,0.0,0.0,0.0,0.0,0.0,1.0,0.0,0.0,0.0,0.0,0.0,0.0,0.0,0.0,0.0,0.0,0.0,0.0,0.8,0
-0.013265570349186582,4.193821540352196,0.23387990673022066,-0.027141821868319663,2.4347826086956523,-0.5498281786941581,1.0328943832303144,1.333333333333333,0.0,1.0,1.0405333893616762,0.0,0.0,0.0,0.0,0.0,0.0,0.0,0.0,0.0,0.0,0.0,0.0,1.0,0.0,0.0,0.0,0.0,0.0,0.0,0.0,0.0,0.0,0.0,0.0,0.0,0.0,0.0,0.0,0.0,0.0,0.0,1.0,0.0,0.0,4.7,1
0.9976386017121085,-0.7899719714947013,5.312541550869374,0.9827865551273752,0.08695652173913043,0.3436426116838488,2.322870196183821,1.0666666666666664,0.18181818181818182,0.0,-0.14963554946280563,-1.0,0.0,0.0,1.0,0.0,0.0,0.0,0.0,0.0,0.0,0.0,0.0,0.0,0.0,0.0,0.0,0.0,0.0,0.0,1.0,0.0,0.0,0.0,0.0,0.0,0.0,0.0,0.0,0.0,0.0,0.0,0.0,0.0,0.0,1.7,0
1.238802682177431,-0.7268239667043452,0.021161094410256088,1.2237178472372614,-0.391304347826087,1.140893470790378,1.7853802741198601,2.3999999999999995,0.6363636363636364,0.6666666666666666,-0.14978606672873634,-1.0,0.0,0.0,1.0,0.0,0.0,0.0,0.0,0.0,0.0,0.0,0.0,0.0,0.0,0.0,0.0,0.0,0.0,0.0,1.0,0.0,0.0,0.0,0.0,0.0,0.0,0.0,0.0,0.0,0.0,0.0,0.0,0.0,0.0,1.4,0
-0.30330247927496257,0.4809014744516991,-0.07317969885364818,-0.3168987669830901,0.7391304347826086,-0.2611683848797251,-0.36457941413598494,0.3999999999999999,0.2727272727272727,1.0,1.7106988698315937,0.0,0.0,0.0,0.0,0.0,0.0,0.0,0.0,0.0,0.0,0.0,0.0,0.0,0.0,0.0,0.0,1.0,0.0,0.0,0.0,0.0,0.0,0.0,0.0,0.0,0.0,0.0,0.0,0.0,0.0,1.0,0.0,0.0,0.0,1.5,0
-0.8766700423672142,-0.8787304065155909,1.8292709991299547,-0.8897128757971784,-0.08695652173913043,-0.06872852233676977,-0.15576457941413596,-0.0333333266666666,0.18181818181818182,1.0,-0.1475022081941559,-1.0,0.0,0.0,0.0,0.0,1.0,0.0,0.0,0.0,0.0,0.0,0.0,0.0,0.0,0.0,0.0,0.0,0.0,0.0,0.0,0.0,0.0,1.0,0.0,0.0,0.0,0.0,0.0,0.0,0.0,0.0,0.0,0.0,0.0,1.71,0
0.6251745927457519,-1.4397612355399096,3.7036782670227093,0.610682074345893,0.5217391304347826,1.3333333333333333,1.3231389411448533,2.133333333333333,-0.9090909090909091,0.6666666666666666,-0.00971341384870152,0.0,0.0,0.0,1.0,0.0,0.0,0.0,0.0,0.0,0.0,0.0,0.0,0.0,0.0,0.0,0.0,0.0,0.0,0.0,0.0,0.0,0.0,0.0,0.0,0.0,0.0,0.0,0.0,0.0,0.0,0.0,1.0,0.0,0.0,4.1,0
-0.2144814392548641,0.15400600874839482,-0.37059605161234527,-0.22816346321274553,1.6956521739130435,-0.6460481099656358,0.2664337543671056,0.19999999999999996,-0.6363636363636364,0.6666666666666666,1.8470928708460899,0.0,0.0,0.0,0.0,1.0,0.0,0.0,0.0,0.0,0.0,0.0,0.0,0.0,0.0,0.0,0.0,0.0,0.0,0.0,0.0,0.0,1.0,0.0,0.0,0.0,0.0,0.0,0.0,0.0,0.0,0.0,0.0,0.0,0.0,1.04,0
1.1890857794353493,-0.6752416275021645,-0.2092842856030388,1.1740489347099927,-0.043478260869565216,-0.16494845360824742,2.322870196183821,1.3999999999999997,0.45454545454545453,0.6666666666666666,-0.14960234833627575,-1.0,0.0,0.0,1.0,0.0,0.0,0.0,0.0,0.0,0.0,0.0,0.0,0.0,0.0,0.0,0.0,0.0,0.0,0.0,1.0,0.0,0.0,0.0,0.0,0.0,0.0,0.0,0.0,0.0,0.0,0.0,0.0,0.0,0.0,1.7,0
-0.2103074455545026,0.1496082327791216,0.45280301774285087,-0.2239934985416127,-0.13043478260869565,-0.054982817869415807,-0.29690943294813216,-0.29999999999999993,0.6363636363636364,0.3333333333333333,-0.1121692398013441,0.0,0.0,0.0,0.0,1.0,0.0,0.0,0.0,0.0,0.0,0.0,0.0,0.0,0.0,0.0,0.0,0.0,0.0,0.0,0.0,0.0,1.0,0.0,0.0,0.0,0.0,0.0,0.0,0.0,0.0,0.0,0.0,0.0,0.0,0.43,0
-0.2028947419273811,0.14478258893723003,0.8002437445321263,-0.2165879501719548,0.6956521739130435,-0.7697594501718213,0.08744961031980646,-0.13333333333333325,0.6363636363636364,0.3333333333333333,2.4627988647702757,0.0,0.0,0.0,0.0,1.0,0.0,0.0,0.0,0.0,0.0,0.0,0.0,0.0,0.0,0.0,0.0,0.0,0.0,0.0,0.0,0.0,1.0,0.0,0.0,0.0,0.0,0.0,0.0,0.0,0.0,0.0,0.0,0.0,0.0,1.01,0
-0.8763531841723412,-0.8784170267260486,2.340682517655432,-0.8893963234558883,0.34782608695652173,0.6460481099656358,-0.1527008868583714,-0.2333333366666666,0.9090909090909091,0.3333333333333333,-0.14756366735145438,-1.0,0.0,0.0,0.0,0.0,1.0,0.0,0.0,0.0,0.0,0.0,0.0,0.0,0.0,0.0,0.0,0.0,0.0,0.0,0.0,0.0,0.0,1.0,0.0,0.0,0.0,0.0,0.0,0.0,0.0,0.0,0.0,0.0,0.0,1.78,0
-0.20495854992367085,0.14614117970806684,0.5334589007475041,-0.2186497660371259,0.8695652173913043,-0.6048109965635738,-0.049771566783122834,-0.13333333333333325,0.36363636363636365,-0.6666666666666666,0.08923185844825754,0.0,0.0,0.0,0.0,1.0,0.0,0.0,0.0,0.0,0.0,0.0,0.0,0.0,0.0,0.0,0.0,0.0,0.0,0.0,0.0,0.0,1.0,0.0,0.0,0.0,0.0,0.0,0.0,0.0,0.0,0.0,0.0,0.0,0.0,1.14,0
-0.8697598445818379,-0.8685584862338063,-0.5673609549101668,-0.8828093482156528,0.8695652173913043,0.7285223367697594,-0.10217683418435902,0.16666668,-0.36363636363636365,-0.3333333333333333,0.6497787694836188,-1.0,0.0,0.0,0.0,0.0,1.0,0.0,0.0,0.0,0.0,0.0,0.0,0.0,0.0,0.0,0.0,0.0,0.0,0.0,0.0,0.0,0.0,1.0,0.0,0.0,0.0,0.0,0.0,0.0,0.0,0.0,0.0,0.0,0.0,2.29,0
-0.12881408336393207,0.11873116980536942,-0.08519831174972611,-0.14257879941615012,1.0869565217391304,-0.3711340206185567,-0.05278151034668101,0.06666666666666672,-1.0,1.0,0.7636254323545647,0.0,0.0,0.0,0.0,1.0,0.0,0.0,0.0,0.0,0.0,0.0,0.0,0.0,0.0,0.0,0.0,0.0,0.0,0.0,0.0,0.0,1.0,0.0,0.0,0.0,0.0,0.0,0.0,0.0,0.0,0.0,0.0,0.0,0.0,1.69,0
0.03384029150547964,-0.01339612636173815,-0.3617327703014859,0.01991857012992595,0.30434782608695654,-0.6460481099656358,-0.30604676162321953,-0.4999999999999999,0.45454545454545453,0.6666666666666666,-0.14956110644064088,-1.0,0.0,0.0,0.0,1.0,0.0,0.0,0.0,0.0,0.0,0.0,0.0,0.0,0.0,0.0,0.0,0.0,0.0,0.0,0.0,0.0,0.0,0.0,0.0,1.0,0.0,0.0,0.0,0.0,0.0,0.0,0.0,0.0,0.0,1.08,0
0.8324829465303658,-0.7128604766258078,0.23387990673022066,0.8177903196788143,0.13043478260869565,2.1580756013745703,13.29303950550927,1.0333333333333332,-0.36363636363636365,0.6666666666666666,-0.13424047543815473,0.0,0.0,0.0,1.0,0.0,0.0,0.0,0.0,0.0,0.0,0.0,0.0,0.0,0.0,0.0,0.0,0.0,0.0,0.0,0.0,0.0,0.0,0.0,0.0,0.0,0.0,0.0,0.0,0.0,0.0,0.0,1.0,0.0,0.0,3.0,0
-0.11096484956231138,0.15876460525355243,0.46025703945789626,-0.12474679493729783,-0.6086956521739131,0.9347079037800687,0.731900026874496,-0.12699999999999997,0.9090909090909091,0.3333333333333333,-0.12598108968461724,0.0,0.0,0.0,0.0,0.0,0.0,0.0,0.0,0.0,0.0,0.0,0.0,1.0,0.0,0.0,0.0,0.0,0.0,0.0,0.0,0.0,0.0,0.0,0.0,0.0,0.0,1.0,0.0,0.0,0.0,0.0,0.0,0.0,0.0,1.5,0
1.035482811262051,-0.6916505809682254,-0.38654996253634255,1.0205942348123112,-0.2608695652173913,0.3436426116838488,2.8603601182477827,2.066666666666667,-0.2727272727272727,-0.6666666666666666,9.307884299116003,0.0,0.0,0.0,1.0,0.0,0.0,0.0,0.0,0.0,0.0,0.0,0.0,0.0,0.0,0.0,0.0,0.0,0.0,0.0,1.0,0.0,0.0,0.0,0.0,0.0,0.0,0.0,0.0,0.0,0.0,0.0,0.0,0.0,0.0,1.5,0
1.1888538908964401,-0.6745535100987489,-0.2092842856030388,1.1738172700060407,0.34782608695652173,-0.46735395189003437,2.322870196183821,1.7333333333333332,0.45454545454545453,0.6666666666666666,-0.14792993427037876,-1.0,0.0,0.0,1.0,0.0,0.0,0.0,0.0,0.0,0.0,0.0,0.0,0.0,0.0,0.0,0.0,0.0,0.0,0.0,1.0,0.0,0.0,0.0,0.0,0.0,0.0,0.0,0.0,0.0,0.0,0.0,0.0,0.0,0.0,1.8,0
-0.21218574271966525,0.15435888946808607,-0.09849323751972393,-0.22586998264362249,-0.08695652173913043,0.21993127147766323,0.3126578876646062,-0.1666666666666666,0.18181818181818182,1.0,-0.06349246678590817,0.0,0.0,0.0,0.0,1.0,0.0,0.0,0.0,0.0,0.0,0.0,0.0,0.0,0.0,0.0,0.0,0.0,0.0,0.0,0.0,0.0,1.0,0.0,0.0,0.0,0.0,0.0,0.0,0.0,0.0,0.0,0.0,0.0,0.0,0.36,0
-0.8775280894052617,-0.8791802842031193,2.0074230247343685,-0.8905700945885048,0.5217391304347826,1.0309278350515463,0.068798710024187,-0.0333333266666666,0.2727272727272727,0.6666666666666666,-0.1477366757030989,-1.0,0.0,0.0,0.0,0.0,1.0,0.0,0.0,0.0,0.0,0.0,0.0,0.0,0.0,0.0,0.0,0.0,0.0,0.0,0.0,0.0,0.0,1.0,0.0,0.0,0.0,0.0,0.0,0.0,0.0,0.0,0.0,0.0,0.0,1.79,0
0.9324779222786894,-0.38501487958471026,0.056614229796916875,0.9176887733169156,-0.30434782608695654,1.0996563573883162,1.7853802741198601,2.733333333333333,-0.09090909090909091,-0.6666666666666666,1.117433805676204,-1.0,0.0,0.0,1.0,0.0,0.0,0.0,0.0,0.0,0.0,0.0,0.0,0.0,0.0,0.0,0.0,0.0,0.0,0.0,1.0,0.0,0.0,0.0,0.0,0.0,0.0,0.0,0.0,0.0,0.0,0.0,0.0,0.0,0.0,3.2,0
0.3011149973912526,0.3053344943828331,0.07434079749024719,0.28693528386731226,-0.30434782608695654,0.8247422680412371,0.06030636925557642,-0.09999999999999998,-0.7272727272727273,-1.0,0.4616615161050572,0.0,0.0,0.0,0.0,0.0,0.0,0.0,0.0,1.0,0.0,0.0,0.0,0.0,0.0,0.0,0.0,0.0,0.0,0.0,0.0,0.0,0.0,0.0,0.0,0.0,0.0,0.0,0.0,0.0,0.0,0.0,0.0,1.0,0.0,0.51,0
0.7353649345881047,-1.173046047774291,0.16031465080289958,0.720766052801074,-0.6086956521739131,2.584192439862543,-0.10115560333243752,-0.3666666666666666,1.0909090909090908,-0.3333333333333333,0.11735990227532635,0.0,0.0,0.0,1.0,0.0,0.0,0.0,0.0,0.0,0.0,0.0,0.0,0.0,0.0,0.0,0.0,0.0,0.0,0.0,0.0,1.0,0.0,0.0,0.0,0.0,0.0,0.0,0.0,0.0,0.0,0.0,0.0,0.0,0.0,0.09,0
1.247753579779317,-0.662432057377046,-0.4751828010029945,1.2326601048098011,-0.13043478260869565,-0.20618556701030927,0.17291050792797635,1.3999999999999997,-0.5454545454545454,0.0,-0.14769002935609837,-1.0,0.0,0.0,1.0,0.0,0.0,0.0,0.0,0.0,0.0,0.0,0.0,0.0,0.0,0.0,0.0,0.0,0.0,0.0,1.0,0.0,0.0,0.0,0.0,0.0,0.0,0.0,0.0,0.0,0.0,0.0,0.0,0.0,0.0,1.3,0
-0.09815068890220206,0.1142054745752138,-0.39009527607500866,-0.11194500339692064,-0.391304347826087,1.0721649484536082,0.031819403386186475,-0.13333333333333325,0.7272727272727273,1.0,-0.12978384620773545,0.0,0.0,0.0,0.0,1.0,0.0,0.0,0.0,0.0,0.0,0.0,0.0,0.0,0.0,0.0,0.0,0.0,0.0,0.0,0.0,0.0,1.0,0.0,0.0,0.0,0.0,0.0,0.0,0.0,0.0,0.0,0.0,0.0,0.0,0.42,0
-0.20890838470308848,0.14624263291499834,0.3907600308161945,-0.22259578816110676,0.43478260869565216,-0.48109965635738833,-0.31088954582101586,-0.09999999999999998,-0.36363636363636365,-1.0,0.18173952293449583,0.0,0.0,0.0,0.0,1.0,0.0,0.0,0.0,0.0,0.0,0.0,0.0,0.0,0.0,0.0,0.0,0.0,0.0,0.0,0.0,0.0,1.0,0.0,0.0,0.0,0.0,0.0,0.0,0.0,0.0,0.0,0.0,0.0,0.0,0.5,0
-0.10334499217376263,0.6775663104614134,0.010525153794257931,-0.11713429276544103,3.0869565217391304,-0.6597938144329897,0.45278236280569734,0.09999999999999998,0.18181818181818182,0.0,-0.13832095155812707,0.0,0.0,0.0,0.0,0.0,0.0,0.0,0.0,0.0,0.0,0.0,1.0,0.0,0.0,0.0,0.0,0.0,0.0,0.0,0.0,0.0,0.0,0.0,0.0,0.0,0.0,0.0,1.0,0.0,0.0,0.0,0.0,0.0,0.0,1.42,0
0.6240986299252141,7.466473505125897,0.23387990673022066,0.6096071501195565,3.391304347826087,0.6872852233676976,10.594840096748186,2.966666666666667,0.8181818181818182,0.6666666666666666,-0.12986596750531607,0.0,0.0,0.0,0.0,0.0,0.0,0.0,0.0,0.0,0.0,0.0,0.0,0.0,0.0,0.0,1.0,0.0,0.0,0.0,0.0,0.0,0.0,0.0,0.0,0.0,0.0,0.0,0.0,0.0,0.0,0.0,1.0,0.0,0.0,5.1,1
-2.2246474328006323,6.382048116240311,1.612475076240524,-1.3209243273220925,0.0,0.563573883161512,26.04767535608707,2.8,0.2727272727272727,1.0,0.030766931976209694,0.0,0.0,0.0,0.0,0.0,0.0,1.0,0.0,0.0,0.0,0.0,0.0,0.0,0.0,0.0,0.0,0.0,0.0,0.0,0.0,0.0,0.0,0.0,0.0,0.0,0.0,0.0,0.0,0.0,0.0,0.0,1.0,0.0,0.0,4.2,0
-0.23757753773019682,0.177993075670009,-0.22966983845036876,-0.251237267726346,-0.2608695652173913,-0.08247422680412371,-0.017790916420317156,-0.06666666666666662,0.2727272727272727,-1.0,0.02044785708086542,0.0,0.0,0.0,0.0,1.0,0.0,0.0,0.0,0.0,0.0,0.0,0.0,0.0,0.0,0.0,0.0,0.0,0.0,0.0,0.0,0.0,1.0,0.0,0.0,0.0,0.0,0.0,0.0,0.0,0.0,0.0,0.0,0.0,0.0,0.98,0
-0.09268275715472842,6.935011321808772,5.111522273227007,-0.1064823496777366,0.6521739130434783,0.6735395189003437,6.746412254770222,2.2999999999999994,0.9090909090909091,0.0,2.379076580857532,0.0,0.0,0.0,0.0,0.0,0.0,0.0,1.0,0.0,0.0,0.0,0.0,0.0,0.0,0.0,0.0,0.0,0.0,0.0,0.0,0.0,0.0,0.0,0.0,0.0,0.0,0.0,0.0,0.0,0.0,0.0,1.0,0.0,0.0,4.5,1
0.661160602137236,-1.3734381864740417,-0.5602703259309803,0.6466333475364935,-0.6956521739130435,1.6494845360824741,-0.2715936576189196,0.16666666666666669,-1.0,-0.3333333333333333,1.0263319411474856,0.0,0.0,0.0,1.0,0.0,0.0,0.0,0.0,0.0,0.0,0.0,0.0,0.0,0.0,0.0,0.0,0.0,0.0,0.0,0.0,1.0,0.0,0.0,0.0,0.0,0.0,0.0,0.0,0.0,0.0,0.0,0.0,0.0,0.0,0.35,0
-0.127747396084951,0.11848415330156166,-0.0018834435910733843,-0.14151314177797195,0.34782608695652173,-0.054982817869415807,0.029669443697930644,-0.033333333333333263,0.09090909090909091,0.6666666666666666,-0.029764455678837905,0.0,0.0,0.0,0.0,1.0,0.0,0.0,0.0,0.0,0.0,0.0,0.0,0.0,0.0,0.0,0.0,0.0,0.0,0.0,0.0,0.0,1.0,0.0,0.0,0.0,0.0,0.0,0.0,0.0,0.0,0.0,0.0,0.0,0.0,1.14,0
-0.18314556803030246,0.1292558372704111,-0.050631504747731905,-0.19685783955206015,0.782608695652174,-0.2611683848797251,-0.09260951357162053,-0.06666666666666662,-1.0,1.0,0.6913457066187729,0.0,0.0,0.0,0.0,1.0,0.0,0.0,0.0,0.0,0.0,0.0,0.0,0.0,0.0,0.0,0.0,0.0,0.0,0.0,0.0,0.0,1.0,0.0,0.0,0.0,0.0,0.0,0.0,0.0,0.0,0.0,0.0,0.0,0.0,0.79,0
0.6598558426249764,7.479801809908976,2.449700868396518,0.6453298474689261,5.565217391304348,0.5360824742268041,9.245740392367642,1.333333333333333,0.6363636363636364,-0.3333333333333333,-0.13492692314652258,0.0,0.0,0.0,0.0,0.0,0.0,0.0,0.0,0.0,0.0,0.0,0.0,0.0,0.0,0.0,1.0,0.0,0.0,0.0,0.0,0.0,0.0,0.0,0.0,0.0,0.0,0.0,0.0,0.0,0.0,0.0,1.0,0.0,0.0,5.0,1
0.0058374074861340195,0.11580225983184866,0.4763173097880536,-0.008057283556769117,-0.43478260869565216,0.7010309278350515,2.1562483203439933,0.198,-0.5454545454545454,-0.6666666666666666,-0.14858238995689488,-1.0,0.0,0.0,0.0,0.0,0.0,0.0,0.0,0.0,1.0,0.0,0.0,0.0,0.0,0.0,0.0,0.0,0.0,0.0,0.0,0.0,0.0,0.0,0.0,0.0,0.0,1.0,0.0,0.0,0.0,0.0,0.0,0.0,0.0,1.67,0
0.03401030866085506,-0.013899109000721398,-0.40427653445601636,0.020088423172909844,-0.6086956521739131,-0.027491408934707903,-0.35752754635850575,-0.5666666666666665,-0.5454545454545454,1.0,-0.14957112444805037,-1.0,0.0,0.0,0.0,1.0,0.0,0.0,0.0,0.0,0.0,0.0,0.0,0.0,0.0,0.0,0.0,0.0,0.0,0.0,0.0,0.0,0.0,0.0,0.0,1.0,0.0,0.0,0.0,0.0,0.0,0.0,0.0,0.0,0.0,0.77,0
1.0309841736072176,-0.7148877763604852,0.6770440990634801,1.016099939555646,0.4782608695652174,0.09621993127147767,0.7104004299919376,1.7333333333333332,1.0909090909090908,-1.0,-0.14935649523009595,-1.0,0.0,0.0,1.0,0.0,0.0,0.0,0.0,0.0,0.0,0.0,0.0,0.0,0.0,0.0,0.0,0.0,0.0,0.0,1.0,0.0,0.0,0.0,0.0,0.0,0.0,0.0,0.0,0.0,0.0,0.0,0.0,0.0,0.0,2.1,0
-1.8025036232584195,6.475610910261629,0.23387990673022066,-1.7426606542782115,0.9130434782608695,-0.27491408934707906,26.32717011556033,1.2,0.45454545454545453,-0.3333333333333333,-0.10058133813202484,0.0,0.0,0.0,0.0,0.0,0.0,1.0,0.0,0.0,0.0,0.0,0.0,0.0,0.0,0.0,0.0,0.0,0.0,0.0,0.0,0.0,0.0,0.0,0.0,0.0,0.0,0.0,0.0,0.0,0.0,0.0,1.0,0.0,0.0,4.4,0
0.6310877504879303,-1.40283315042508,3.8066696253209584,0.6165895242966641,3.8260869565217392,0.7972508591065293,2.973233001881214,1.6333333333333333,0.45454545454545453,0.6666666666666666,0.27878740440047656,0.0,0.0,0.0,1.0,0.0,0.0,0.0,0.0,0.0,0.0,0.0,0.0,0.0,0.0,0.0,0.0,0.0,0.0,0.0,0.0,0.0,0.0,0.0,0.0,0.0,0.0,0.0,0.0,0.0,0.0,0.0,1.0,0.0,0.0,4.1,0
0.034157149700357145,-0.013524143621125256,-0.4618878667803107,0.02023512247122049,-0.34782608695652173,-0.27491408934707906,-0.3066380005374899,-0.5666666666666665,0.18181818181818182,1.0,-0.14953597903718774,-1.0,0.0,0.0,0.0,1.0,0.0,0.0,0.0,0.0,0.0,0.0,0.0,0.0,0.0,0.0,0.0,0.0,0.0,0.0,0.0,0.0,0.0,0.0,0.0,1.0,0.0,0.0,0.0,0.0,0.0,0.0,0.0,0.0,0.0,1.02,0
-0.9338151461864014,1.4644417943821866,0.055727901412250376,-0.9468028191848715,-0.30434782608695654,1.690721649484536,-0.11889277076054823,0.09999999999999998,0.45454545454545453,0.3333333333333333,-0.13361919420890633,0.0,0.0,0.0,0.0,0.0,0.0,0.0,0.0,0.0,0.0,0.0,0.0,0.0,0.0,1.0,0.0,0.0,0.0,0.0,0.0,0.0,0.0,0.0,0.0,0.0,0.0,0.0,0.0,1.0,0.0,0.0,0.0,0.0,0.0,2.27,0
-0.040309957680341194,0.2688333949388583,1.1911145621700612,-0.05416010407453834,-0.34782608695652173,0.6735395189003437,1.0715936576189196,-0.033333333333333263,-0.9090909090909091,0.6666666666666666,3.5163055407732973,0.0,0.0,0.0,0.0,0.0,0.0,0.0,0.0,0.0,0.0,0.0,0.0,0.0,0.0,0.0,0.0,0.0,1.0,0.0,0.0,0.0,0.0,0.0,0.0,0.0,0.0,0.0,0.0,0.0,0.0,0.0,0.0,1.0,0.0,1.36,0
1.0762101683124305,-0.7957503932797843,-0.5194992202363204,1.0612822789830496,-0.4782608695652174,0.4261168384879725,-0.16850309056705187,0.13333333333333333,-0.36363636363636365,-0.3333333333333333,0.8800691977384829,0.0,0.0,0.0,1.0,0.0,0.0,0.0,0.0,0.0,0.0,0.0,0.0,0.0,0.0,0.0,0.0,0.0,0.0,0.0,0.0,1.0,0.0,0.0,0.0,0.0,0.0,0.0,0.0,0.0,0.0,0.0,0.0,0.0,0.0,-0.51,0
0.03245662431278894,-0.012192077595651742,-0.4902503797386169,0.018536238549112592,-0.34782608695652173,0.0,-0.3153560870733674,-0.5333333333333332,1.0909090909090908,-0.6666666666666666,-0.14956777961991857,-1.0,0.0,0.0,0.0,1.0,0.0,0.0,0.0,0.0,0.0,0.0,0.0,0.0,0.0,0.0,0.0,0.0,0.0,0.0,0.0,0.0,0.0,0.0,0.0,1.0,0.0,0.0,0.0,0.0,0.0,0.0,0.0,0.0,0.0,1.04,0
-0.9340470347253103,1.4648608402368324,0.22058498096022283,-0.9470344838888233,-0.30434782608695654,1.3608247422680413,-0.1737704918032787,-0.1666666666666666,0.0,-0.6666666666666666,-0.10967417926187037,0.0,0.0,0.0,0.0,0.0,0.0,0.0,0.0,0.0,0.0,0.0,0.0,0.0,0.0,1.0,0.0,0.0,0.0,0.0,0.0,0.0,0.0,0.0,0.0,0.0,0.0,0.0,0.0,1.0,0.0,0.0,0.0,0.0,0.0,2.35,0
1.0167307580822813,-0.8145633466488202,-0.6701750456296286,1.0018602824194094,-0.6956521739130435,0.28865979381443296,-0.2414404729911314,-0.06666666666666662,0.9090909090909091,0.3333333333333333,0.17065669031307745,0.0,0.0,0.0,1.0,0.0,0.0,0.0,0.0,0.0,0.0,0.0,0.0,0.0,0.0,0.0,0.0,0.0,0.0,0.0,0.0,1.0,0.0,0.0,0.0,0.0,0.0,0.0,0.0,0.0,0.0,0.0,0.0,0.0,0.0,-0.53,0
0.019532744594097328,0.24821192788136745,-0.38389097738234307,0.005624833858624882,-0.391304347826087,0.9759450171821306,-0.32627788228970706,-0.46666666666666656,-0.09090909090909091,1.0,1.7377681519775554,0.0,0.0,0.0,0.0,0.0,0.0,0.0,0.0,0.0,0.0,0.0,0.0,0.0,0.0,0.0,0.0,0.0,1.0,0.0,0.0,0.0,0.0,0.0,0.0,0.0,0.0,0.0,0.0,0.0,0.0,0.0,0.0,1.0,0.0,0.54,0
0.23893176679742464,1.3353659669320366,0.6625083135549492,0.22481207685559385,-0.6086956521739131,0.4261168384879725,2.5324912657887664,1.5666666666666664,-0.45454545454545453,-0.6666666666666666,3.6636318406662958,0.0,0.0,0.0,0.0,0.0,0.0,0.0,0.0,0.0,0.0,0.0,0.0,1.0,0.0,0.0,0.0,0.0,0.0,0.0,0.0,0.0,0.0,0.0,0.0,0.0,0.0,0.0,0.0,0.0,0.0,0.0,1.0,0.0,0.0,1.9,0
0.6436236449013493,7.454312353323228,2.449700868396518,0.6291133181922994,1.565217391304348,1.0584192439862543,101.07051867777477,2.1,0.9090909090909091,0.3333333333333333,2.8867922610909242,0.0,0.0,0.0,0.0,0.0,0.0,0.0,0.0,0.0,0.0,0.0,0.0,0.0,0.0,0.0,1.0,0.0,0.0,0.0,0.0,0.0,0.0,0.0,0.0,0.0,0.0,0.0,0.0,0.0,0.0,0.0,1.0,0.0,0.0,4.6,1
-0.9035923399485981,1.4723507335124697,0.6212054108294893,-0.9166091861031502,0.2608695652173913,1.70446735395189,1.1102929320075245,0.0,-0.2727272727272727,0.0,-0.114770346221883,0.0,0.0,0.0,0.0,0.0,0.0,0.0,0.0,0.0,0.0,0.0,0.0,0.0,0.0,1.0,0.0,0.0,0.0,0.0,0.0,0.0,0.0,0.0,0.0,0.0,0.0,0.0,0.0,1.0,0.0,0.0,0.0,0.0,0.0,2.78,0
-3.5826145432761956,7.848383957232267,0.23387990673022066,0.03573197878420255,0.08695652173913043,0.3024054982817869,1.7262563826928243,2.966666666666667,0.18181818181818182,0.3333333333333333,3.0795240097015344,0.0,0.0,0.0,0.0,0.0,0.0,0.0,0.0,0.0,0.0,0.0,0.0,1.0,0.0,0.0,0.0,0.0,0.0,0.0,0.0,0.0,0.0,0.0,0.0,0.0,0.0,0.0,0.0,0.0,0.0,0.0,1.0,0.0,0.0,5.0,1
1.0252797155500568,-0.7978323895260246,13.546532244421334,1.0104009878384312,-0.6086956521739131,1.8281786941580755,0.7104004299919376,-0.2666666666666666,0.0,1.0,-0.1480664625753051,-1.0,0.0,-1.0,1.0,0.0,0.0,0.0,0.0,0.0,0.0,0.0,0.0,0.0,0.0,0.0,0.0,0.0,0.0,0.0,1.0,0.0,0.0,0.0,0.0,0.0,0.0,0.0,0.0,0.0,0.0,0.0,0.0,0.0,0.0,1.3,0
0.44448395138070007,0.05741814475744554,-0.2996897808390237,0.4301658481639189,0.13043478260869565,-0.48109965635738833,-0.13958613276001072,-0.19999999999999996,-0.2727272727272727,1.0,1.9806053271405244,0.0,0.0,0.0,0.0,0.0,0.0,0.0,0.0,0.0,0.0,0.0,0.0,0.0,0.0,0.0,0.0,0.0,0.0,1.0,0.0,0.0,0.0,0.0,0.0,0.0,0.0,0.0,0.0,0.0,0.0,0.0,0.0,0.0,1.0,2.13,0
-0.4286614234091486,0.6180750322171709,0.029625530483821376,-0.44213670593944054,0.08695652173913043,-0.013745704467353952,0.7104004299919376,0.3999999999999999,0.45454545454545453,-0.3333333333333333,1.194517116533899,0.0,0.0,0.0,0.0,0.0,0.0,0.0,0.0,0.0,0.0,0.0,0.0,0.0,0.0,0.0,0.0,1.0,0.0,0.0,0.0,0.0,0.0,0.0,0.0,0.0,0.0,0.0,0.0,0.0,0.0,1.0,0.0,0.0,0.0,2.0,0
-0.10331407354731569,0.6775354335748797,0.0512962594889178,-0.11710340398380427,1.608695652173913,-0.3024054982817869,-0.36457941413598494,-0.1666666666666666,0.5454545454545454,-0.3333333333333333,0.052514394840656974,0.0,0.0,0.0,0.0,0.0,0.0,0.0,0.0,0.0,0.0,0.0,1.0,0.0,0.0,0.0,0.0,0.0,0.0,0.0,0.0,0.0,0.0,0.0,0.0,0.0,0.0,0.0,1.0,0.0,0.0,0.0,0.0,0.0,0.0,1.99,0
1.01694718738526,-0.8142722200550677,-0.6152226857803045,1.0020765028097613,-0.6956521739130435,0.20618556701030927,-0.27368986831496905,-0.1666666666666666,-0.18181818181818182,0.3333333333333333,0.7620880471878798,0.0,0.0,0.0,1.0,0.0,0.0,0.0,0.0,0.0,0.0,0.0,0.0,0.0,0.0,0.0,0.0,0.0,0.0,0.0,0.0,1.0,0.0,0.0,0.0,0.0,0.0,0.0,0.0,0.0,0.0,0.0,0.0,0.0,0.0,-1.19,0
-0.28233975535759226,0.4889736209148417,0.05064923976811117,-0.2959562777458462,-0.08695652173913043,-0.041237113402061855,-0.36457941413598494,-0.2666666666666666,0.9090909090909091,-0.6666666666666666,0.8521155957608293,0.0,0.0,0.0,0.0,0.0,0.0,0.0,0.0,0.0,0.0,1.0,0.0,0.0,0.0,0.0,0.0,0.0,0.0,0.0,0.0,0.0,0.0,0.0,0.0,0.0,0.0,0.0,0.0,0.0,0.0,1.0,0.0,0.0,0.0,1.9,0
1.2213646640514773,-0.6308580549818683,-0.24473742098969958,1.2062966615000854,0.08695652173913043,-0.19243986254295534,1.7853802741198601,1.0666666666666664,-0.2727272727272727,-0.3333333333333333,-0.14954294880221114,-1.0,0.0,0.0,1.0,0.0,0.0,0.0,0.0,0.0,0.0,0.0,0.0,0.0,0.0,0.0,0.0,0.0,0.0,0.0,1.0,0.0,0.0,0.0,0.0,0.0,0.0,0.0,0.0,0.0,0.0,0.0,0.0,0.0,0.0,1.7,0
0.9340083866354887,-0.8683908894300855,-0.2092842856030388,0.9192177603629976,-0.34782608695652173,-0.027491408934707903,-0.36457941413598494,0.06666666666666672,-0.2727272727272727,0.3333333333333333,0.836315056067867,-1.0,0.0,0.0,1.0,0.0,0.0,0.0,0.0,0.0,0.0,0.0,0.0,0.0,0.0,0.0,0.0,0.0,0.0,0.0,1.0,0.0,0.0,0.0,0.0,0.0,0.0,0.0,0.0,0.0,0.0,0.0,0.0,0.0,0.0,0.8,0
0.426837233569728,0.004481625793405999,1.0741192153940806,0.41253616419318595,0.0,1.3745704467353952,0.3647944101048104,-0.13333333333333325,-0.36363636363636365,1.0,1.910648642211714,0.0,0.0,0.0,0.0,0.0,0.0,0.0,0.0,0.0,0.0,0.0,0.0,0.0,0.0,0.0,0.0,0.0,0.0,1.0,0.0,0.0,0.0,0.0,0.0,0.0,0.0,0.0,0.0,0.0,0.0,0.0,0.0,0.0,1.0,0.82,0
0.03438908777600068,-0.013727073188445125,-0.5460890675499726,0.02046683666409057,-0.5652173913043478,-0.013745704467353952,-0.3198387530233808,-0.5666666666666665,0.18181818181818182,-0.6666666666666666,-0.14953166206688956,-1.0,0.0,0.0,0.0,1.0,0.0,0.0,0.0,0.0,0.0,0.0,0.0,0.0,0.0,0.0,0.0,0.0,0.0,0.0,0.0,0.0,0.0,0.0,0.0,1.0,0.0,0.0,0.0,0.0,0.0,0.0,0.0,0.0,0.0,0.45,0
-0.29801542058783814,0.47214121058514086,0.044976738106245445,-0.3116168117329887,0.9130434782608695,-0.19243986254295534,-0.36457941413598494,0.3999999999999999,0.6363636363636364,0.6666666666666666,2.532256132257339,0.0,0.0,0.0,0.0,0.0,0.0,0.0,0.0,0.0,0.0,1.0,0.0,0.0,0.0,0.0,0.0,0.0,0.0,0.0,0.0,0.0,0.0,0.0,0.0,0.0,0.0,0.0,0.0,0.0,0.0,1.0,0.0,0.0,0.0,1.9,0
0.03426542285237161,-0.01401379954225634,-0.46011521170151426,0.02034329111045284,0.17391304347826086,-0.5910652920962199,-0.3336952432141897,-0.5333333333333332,0.36363636363636365,-0.6666666666666666,-0.0843808855149899,-1.0,0.0,0.0,0.0,1.0,0.0,0.0,0.0,0.0,0.0,0.0,0.0,0.0,0.0,0.0,0.0,0.0,0.0,0.0,0.0,0.0,0.0,0.0,0.0,1.0,0.0,0.0,0.0,0.0,0.0,0.0,0.0,0.0,0.0,1.13,0
-0.29857195308121964,0.47671983792325134,0.024520278988142238,-0.3121728070224731,0.0,-0.23367697594501718,-0.36457941413598494,0.06666666666666672,0.8181818181818182,0.6666666666666666,2.5259723371097227,0.0,0.0,0.0,0.0,0.0,0.0,0.0,0.0,0.0,0.0,0.0,0.0,0.0,0.0,0.0,0.0,1.0,0.0,0.0,0.0,0.0,0.0,0.0,0.0,0.0,0.0,0.0,0.0,0.0,0.0,1.0,0.0,0.0,0.0,1.5,0
1.0199462791551508,-0.8156969759608482,-0.2092842856030388,1.0050726996475399,-0.6521739130434783,2.1718213058419242,-0.36457941413598494,3.733333333333333,1.0,-0.3333333333333333,-0.1501810036030761,-1.0,0.0,0.0,1.0,0.0,0.0,0.0,0.0,0.0,0.0,0.0,0.0,0.0,0.0,0.0,0.0,0.0,0.0,0.0,1.0,0.0,0.0,0.0,0.0,0.0,0.0,0.0,0.0,0.0,0.0,0.0,0.0,0.0,0.0,0.8,0
1.0620108601132368,-0.7681110109092723,5.144139157782736,1.0470966769443988,0.13043478260869565,0.0,1.7853802741198601,1.0666666666666664,0.9090909090909091,-1.0,-0.14946038262601202,-1.0,0.0,0.0,1.0,0.0,0.0,0.0,0.0,0.0,0.0,0.0,0.0,0.0,0.0,0.0,0.0,0.0,0.0,0.0,1.0,0.0,0.0,0.0,0.0,0.0,0.0,0.0,0.0,0.0,0.0,0.0,0.0,0.0,0.0,1.5,0
1.0181298189336956,-0.8170114566417407,-0.617881670934304,1.0032579927999157,-0.6956521739130435,1.745704467353952,-0.2598226283257189,-0.29999999999999993,1.0909090909090908,-0.6666666666666666,0.04036031098284162,0.0,0.0,0.0,1.0,0.0,0.0,0.0,0.0,0.0,0.0,0.0,0.0,0.0,0.0,0.0,0.0,0.0,0.0,0.0,0.0,1.0,0.0,0.0,0.0,0.0,0.0,0.0,0.0,0.0,0.0,0.0,0.0,0.0,0.0,-0.67,0
-0.24971303793310076,0.16446010006951403,0.21881232419088983,-0.2633610538998258,0.391304347826087,-0.5223367697594502,-0.034184359043267956,0.0,0.45454545454545453,-1.0,-0.14728164726128795,-1.0,0.0,0.0,0.0,1.0,0.0,0.0,0.0,0.0,0.0,0.0,0.0,0.0,0.0,0.0,0.0,0.0,0.0,0.0,0.0,0.0,1.0,0.0,0.0,0.0,0.0,0.0,0.0,0.0,0.0,0.0,0.0,0.0,0.0,1.29,0
0.032363919849296235,-0.012866894126984402,-0.3457788534606085,0.01844362357042026,0.43478260869565216,-0.027491408934707903,-0.2878796022574577,-0.46666666666666656,0.5454545454545454,1.0,-0.11132135058541313,-1.0,0.0,0.0,0.0,1.0,0.0,0.0,0.0,0.0,0.0,0.0,0.0,0.0,0.0,0.0,0.0,0.0,0.0,0.0,0.0,0.0,0.0,0.0,0.0,1.0,0.0,0.0,0.0,0.0,0.0,0.0,0.0,0.0,0.0,1.53,0
-0.42824402403911244,0.6176251092995532,-0.1756038069857111,-0.4417197094723273,-0.13043478260869565,-0.013745704467353952,0.17291050792797635,0.7333333333333333,-0.45454545454545453,-1.0,0.12465655422141267,0.0,0.0,0.0,0.0,0.0,0.0,0.0,0.0,0.0,0.0,0.0,0.0,0.0,0.0,0.0,0.0,1.0,0.0,0.0,0.0,0.0,0.0,0.0,0.0,0.0,0.0,0.0,0.0,0.0,0.0,1.0,0.0,0.0,0.0,1.6,0
1.2438114746178648,-0.7150465726843502,1.084755156010079,1.2287218048426207,-0.17391304347826086,-0.3436426116838488,0.7104004299919376,1.0666666666666664,1.0,0.0,-0.14960187050368548,-1.0,0.0,0.0,1.0,0.0,0.0,0.0,0.0,0.0,0.0,0.0,0.0,0.0,0.0,0.0,0.0,0.0,0.0,0.0,1.0,0.0,0.0,0.0,0.0,0.0,0.0,0.0,0.0,0.0,0.0,0.0,0.0,0.0,0.0,1.6,0
0.0339793482007187,-0.015006236182417483,-0.4255484165332812,0.02005749259796445,-0.5217391304347826,0.9759450171821306,-0.3272991131416286,-0.5666666666666665,-0.9090909090909091,0.0,-0.14957255794582117,-1.0,0.0,0.0,0.0,1.0,0.0,0.0,0.0,0.0,0.0,0.0,0.0,0.0,0.0,0.0,0.0,0.0,0.0,0.0,0.0,0.0,0.0,0.0,0.0,1.0,0.0,0.0,0.0,0.0,0.0,0.0,0.0,0.0,0.0,0.75,0
-0.2144582504009731,0.1542265591981986,-0.33248393107168495,-0.22814029674235023,0.6956521739130435,-0.21993127147766323,0.302445579145391,0.06666666666666672,1.0,-0.3333333333333333,0.6982915800126533,0.0,0.0,0.0,0.0,1.0,0.0,0.0,0.0,0.0,0.0,0.0,0.0,0.0,0.0,0.0,0.0,0.0,0.0,0.0,0.0,0.0,1.0,0.0,0.0,0.0,0.0,0.0,0.0,0.0,0.0,0.0,0.0,0.0,0.0,0.71,0
1.0184621925061332,-0.814532469585838,-0.2092842856030388,1.003590045542248,-0.6521739130434783,-0.041237113402061855,-0.36457941413598494,-0.2666666666666666,0.18181818181818182,-0.3333333333333333,-0.15047015822812462,-1.0,0.0,0.0,1.0,0.0,0.0,0.0,0.0,0.0,0.0,0.0,0.0,0.0,0.0,0.0,0.0,0.0,0.0,0.0,1.0,0.0,0.0,0.0,0.0,0.0,0.0,0.0,0.0,0.0,0.0,0.0,0.0,0.0,0.0,0.5,0
1.0391080020869963,-0.8066632295365317,-0.11710613359772082,1.0242159263507595,-0.6956521739130435,0.32989690721649484,-0.17430798172534262,0.03333333333333336,-0.9090909090909091,-0.3333333333333333,1.0739082492305756,0.0,0.0,0.0,1.0,0.0,0.0,0.0,0.0,0.0,0.0,0.0,0.0,0.0,0.0,0.0,0.0,0.0,0.0,0.0,0.0,1.0,0.0,0.0,0.0,0.0,0.0,0.0,0.0,0.0,0.0,0.0,0.0,0.0,0.0,-0.38,0
0.4407273570503747,0.009990976029734594,0.765676937530132,0.42641287995989935,0.4782608695652174,0.7560137457044673,0.04068798710024183,-0.1666666666666666,-0.2727272727272727,0.0,0.6624105211618319,0.0,0.0,0.0,0.0,0.0,0.0,0.0,0.0,0.0,0.0,0.0,0.0,0.0,0.0,0.0,0.0,0.0,0.0,1.0,0.0,0.0,0.0,0.0,0.0,0.0,0.0,0.0,0.0,0.0,0.0,0.0,0.0,0.0,1.0,1.11,0
0.9056716071808131,-0.8862819419188869,-0.08519831174972611,0.8909083335400858,0.17391304347826086,1.6632302405498283,1.2478903520558988,1.3999999999999997,0.5454545454545454,-1.0,-0.1479707971953386,-1.0,0.0,0.0,1.0,0.0,0.0,0.0,0.0,0.0,0.0,0.0,0.0,0.0,0.0,0.0,0.0,0.0,0.0,0.0,1.0,0.0,0.0,0.0,0.0,0.0,0.0,0.0,0.0,0.0,0.0,0.0,0.0,0.0,0.0,1.9,0
0.039451970086377554,0.18374591360293094,-0.5678838867552657,0.025524831928085884,-0.7391304347826086,1.6494845360824741,1.8445041655468957,-0.08499999999999996,0.6363636363636364,1.0,1.6442472846761436,0.0,0.0,0.0,0.0,0.0,0.0,0.0,0.0,0.0,1.0,0.0,0.0,0.0,0.0,0.0,0.0,0.0,0.0,0.0,0.0,0.0,0.0,0.0,0.0,0.0,0.0,1.0,0.0,0.0,0.0,0.0,0.0,0.0,0.0,2.23,0
0.03436591166012767,-0.014075587052316828,-0.48404608696283136,0.02044368291941765,-0.34782608695652173,-0.3436426116838488,-0.31848965331900025,-0.5333333333333332,0.8181818181818182,0.0,-0.14950503525772219,-1.0,0.0,0.0,0.0,1.0,0.0,0.0,0.0,0.0,0.0,0.0,0.0,0.0,0.0,0.0,0.0,0.0,0.0,0.0,0.0,0.0,0.0,0.0,0.0,1.0,0.0,0.0,0.0,0.0,0.0,0.0,0.0,0.0,0.0,1.09,0
-0.11476163790604897,1.0079773504229521,0.8197429689947896,-0.12853991835667034,-0.5652173913043478,-0.13745704467353953,-0.04434291857027681,-0.4333333333333333,0.45454545454545453,0.6666666666666666,2.549469128610113,0.0,0.0,0.0,0.0,0.0,0.0,0.0,0.0,0.0,0.0,0.0,0.0,1.0,0.0,0.0,0.0,0.0,0.0,0.0,0.0,0.0,0.0,0.0,0.0,0.0,0.0,0.0,0.0,0.0,1.0,0.0,0.0,0.0,0.0,1.49,0
-0.25714738449052243,0.46728468968026654,-0.2092842856030388,-0.27078822430852123,0.30434782608695654,-0.08247422680412371,0.011663531308787988,0.8999999999999999,0.2727272727272727,1.0,-0.054276180077917804,0.0,0.0,0.0,0.0,0.0,0.0,0.0,0.0,0.0,0.0,1.0,0.0,0.0,0.0,0.0,0.0,0.0,0.0,0.0,0.0,0.0,0.0,0.0,0.0,0.0,0.0,0.0,0.0,0.0,0.0,0.0,1.0,0.0,0.0,2.9,0
-0.23324122205259926,0.16878729989483807,-0.4149124708456712,-0.24690513776244719,0.7391304347826086,-0.28865979381443296,0.1262563826928245,0.2333333333333333,-0.09090909090909091,0.0,0.37231609827017736,0.0,0.0,0.0,0.0,1.0,0.0,0.0,0.0,0.0,0.0,0.0,0.0,0.0,0.0,0.0,0.0,0.0,0.0,0.0,0.0,0.0,1.0,0.0,0.0,0.0,0.0,0.0,0.0,0.0,0.0,0.0,0.0,0.0,0.0,1.14,0
0.9362808943167965,-0.8657178179783562,-0.2092842856030388,0.9214880744617253,-0.43478260869565216,0.6048109965635738,-0.36457941413598494,0.06666666666666672,0.2727272727272727,-1.0,0.4474901878210384,-1.0,0.0,0.0,1.0,0.0,0.0,0.0,0.0,0.0,0.0,0.0,0.0,0.0,0.0,0.0,0.0,0.0,0.0,0.0,1.0,0.0,0.0,0.0,0.0,0.0,0.0,0.0,0.0,0.0,0.0,0.0,0.0,0.0,0.0,0.7,0
-0.8658718042860748,-0.8732606433619486,-0.6311765967043018,-0.8789250609269901,-0.13043478260869565,-0.3436426116838488,-0.34766460628863205,-0.19999999999999996,-0.18181818181818182,0.0,0.30953016463841365,0.0,0.0,0.0,0.0,0.0,1.0,0.0,0.0,0.0,0.0,0.0,0.0,0.0,0.0,0.0,0.0,0.0,0.0,0.0,0.0,0.0,0.0,1.0,0.0,0.0,0.0,0.0,0.0,0.0,0.0,0.0,0.0,0.0,0.0,1.77,0
0.033948564657498716,-0.015010678421710314,-0.4051628619954137,0.02002673876916291,0.043478260869565216,0.06872852233676977,-0.32447191615157217,-0.4999999999999999,-0.9090909090909091,0.0,-0.11716570451985188,-1.0,0.0,0.0,0.0,1.0,0.0,0.0,0.0,0.0,0.0,0.0,0.0,0.0,0.0,0.0,0.0,0.0,0.0,0.0,0.0,0.0,0.0,0.0,0.0,1.0,0.0,0.0,0.0,0.0,0.0,0.0,0.0,0.0,0.0,1.18,0
-1.1013422481593846,0.7526707963252325,0.23387990673022066,-1.1141682123391778,0.7391304347826086,1.5120274914089347,13.276914807847351,2.2999999999999994,-1.0,-0.3333333333333333,-0.09094788709575485,0.0,0.0,0.0,0.0,0.0,0.0,0.0,0.0,0.0,0.0,0.0,0.0,1.0,0.0,0.0,0.0,0.0,0.0,0.0,0.0,0.0,0.0,0.0,0.0,0.0,0.0,0.0,0.0,0.0,0.0,0.0,1.0,0.0,0.0,4.4,0
0.6490714796421184,-1.425668943998672,0.3101041478115412,0.6345558943038087,-0.6521739130434783,0.7147766323024055,-0.26976619188390216,-0.06666666666666662,-0.09090909090909091,-0.6666666666666666,0.614541417039816,0.0,0.0,0.0,1.0,0.0,0.0,0.0,0.0,0.0,0.0,0.0,0.0,0.0,0.0,0.0,0.0,0.0,0.0,0.0,0.0,1.0,0.0,0.0,0.0,0.0,0.0,0.0,0.0,0.0,0.0,0.0,0.0,0.0,0.0,0.42,0
-0.8660727743531277,-0.8732121222629987,-0.6294039399349688,-0.8791258370037468,0.43478260869565216,-0.39862542955326463,-0.3343886052136522,-0.19999999999999996,0.36363636363636365,1.0,1.4702062873731256,0.0,0.0,0.0,0.0,0.0,1.0,0.0,0.0,0.0,0.0,0.0,0.0,0.0,0.0,0.0,0.0,0.0,0.0,0.0,0.0,0.0,0.0,1.0,0.0,0.0,0.0,0.0,0.0,0.0,0.0,0.0,0.0,0.0,0.0,2.11,0
0.05369762296885869,-0.011927360518298086,-0.6772656728126194,0.039756733914910275,-0.17391304347826086,0.3848797250859107,0.2895458210158559,-0.1666666666666666,1.0,0.0,-0.06639480546213898,-1.0,0.0,0.0,0.0,1.0,0.0,0.0,0.0,0.0,0.0,0.0,0.0,0.0,0.0,0.0,0.0,0.0,0.0,0.0,0.0,0.0,0.0,0.0,0.0,1.0,0.0,0.0,0.0,0.0,0.0,0.0,0.0,0.0,0.0,2.09,0
0.034342735544254654,-0.013996030585138047,-0.4645468705302198,0.020420529174744732,-0.21739130434782608,-0.3161512027491409,-0.3280354743348562,-0.5666666666666665,-0.2727272727272727,0.3333333333333333,-0.14951800264560255,-1.0,0.0,0.0,0.0,1.0,0.0,0.0,0.0,0.0,0.0,0.0,0.0,0.0,0.0,0.0,0.0,0.0,0.0,0.0,0.0,0.0,0.0,0.0,0.0,1.0,0.0,0.0,0.0,0.0,0.0,0.0,0.0,0.0,0.0,0.77,0
-0.1436626794720664,0.1082109133493061,-0.7162641216322877,-0.15741306262586158,0.17391304347826086,-0.3848797250859107,0.25407148615963443,0.09999999999999998,0.6363636363636364,-1.0,-0.14741923009331,-1.0,0.0,0.0,0.0,1.0,0.0,0.0,0.0,0.0,0.0,0.0,0.0,0.0,0.0,0.0,0.0,0.0,0.0,0.0,0.0,0.0,1.0,0.0,0.0,0.0,0.0,0.0,0.0,0.0,0.0,0.0,0.0,0.0,0.0,1.53,0
0.03184608403891156,-0.017264711018678713,-0.10381120275611126,0.017926287611201037,0.17391304347826086,0.19243986254295534,-0.01752217145928513,-0.4999999999999999,0.9090909090909091,0.6666666666666666,-0.09754265239771227,-1.0,0.0,0.0,0.0,1.0,0.0,0.0,0.0,0.0,0.0,0.0,0.0,0.0,0.0,0.0,0.0,0.0,0.0,0.0,0.0,0.0,0.0,0.0,0.0,1.0,0.0,0.0,0.0,0.0,0.0,0.0,0.0,0.0,0.0,1.31,0
-0.14144427911650545,0.12187180821068387,-0.7180367784016206,-0.15519680362472404,0.30434782608695654,0.5498281786941581,0.20085998387530232,0.09999999999999998,1.0909090909090908,1.0,-0.14785011975082007,-1.0,0.0,0.0,0.0,1.0,0.0,0.0,0.0,0.0,0.0,0.0,0.0,0.0,0.0,0.0,0.0,0.0,0.0,0.0,0.0,0.0,1.0,0.0,0.0,0.0,0.0,0.0,0.0,0.0,0.0,0.0,0.0,0.0,0.0,1.29,0
-0.8710120002318886,-0.8718050103931849,-0.40959450053767205,-0.8840602951979204,0.5217391304347826,-0.15120274914089346,-0.22128460091373284,-0.19999999999999996,-0.45454545454545453,-0.3333333333333333,7.894260129516443,0.0,0.0,0.0,0.0,0.0,1.0,0.0,0.0,0.0,0.0,0.0,0.0,0.0,0.0,0.0,0.0,0.0,0.0,0.0,0.0,0.0,0.0,1.0,0.0,0.0,0.0,0.0,0.0,0.0,0.0,0.0,0.0,0.0,0.0,1.58,0
0.03292810789142726,-0.01279198181905164,-0.31741635106815996,0.01900726701898565,-0.5217391304347826,-0.12371134020618557,-0.3250631550658425,-0.5333333333333332,-0.9090909090909091,1.0,-0.149493699091443,-1.0,0.0,0.0,0.0,1.0,0.0,0.0,0.0,0.0,0.0,0.0,0.0,0.0,0.0,0.0,0.0,0.0,0.0,0.0,0.0,0.0,0.0,0.0,0.0,1.0,0.0,0.0,0.0,0.0,0.0,0.0,0.0,0.0,0.0,0.23,0
0.878865292082937,-0.9403256241409771,-0.24473742098969958,0.8641278937632563,0.0,1.1134020618556701,0.7104004299919376,2.733333333333333,-0.7272727272727273,1.0,1.9898754441613553,-1.0,0.0,0.0,1.0,0.0,0.0,0.0,0.0,0.0,0.0,0.0,0.0,0.0,0.0,0.0,0.0,0.0,0.0,0.0,1.0,0.0,0.0,0.0,0.0,0.0,0.0,0.0,0.0,0.0,0.0,0.0,0.0,0.0,0.0,2.2,0
-0.12850489864538542,0.1188238009942908,-0.04354087767039975,-0.142269913144213,-0.08695652173913043,0.041237113402061855,-0.015479709755442125,-0.09999999999999998,-0.18181818181818182,1.0,0.35170913941374243,0.0,0.0,0.0,0.0,1.0,0.0,0.0,0.0,0.0,0.0,0.0,0.0,0.0,0.0,0.0,0.0,0.0,0.0,0.0,0.0,0.0,1.0,0.0,0.0,0.0,0.0,0.0,0.0,0.0,0.0,0.0,0.0,0.0,0.0,0.81,0
0.30888326344470307,0.2791816220440677,0.26667405696288177,0.29469605144969824,-0.6956521739130435,0.39862542955326463,0.022682074711099173,-0.3666666666666666,0.2727272727272727,0.6666666666666666,2.94496473754075,0.0,0.0,0.0,0.0,0.0,0.0,0.0,0.0,1.0,0.0,0.0,0.0,0.0,0.0,0.0,0.0,0.0,0.0,0.0,0.0,0.0,0.0,0.0,1.0,0.0,0.0,0.0,0.0,0.0,0.0,0.0,0.0,0.0,0.0,-0.25,0
-0.9196776749309151,1.4784423369362931,2.829049417033788,-0.9326789944006062,-0.17391304347826086,0.4536082474226804,0.08212846009137328,-0.06666666666666662,1.0,-1.0,-0.13792446584711546,0.0,0.0,0.0,0.0,0.0,0.0,0.0,0.0,0.0,0.0,0.0,0.0,0.0,0.0,1.0,0.0,0.0,0.0,0.0,0.0,0.0,0.0,0.0,0.0,0.0,0.0,0.0,0.0,1.0,0.0,0.0,0.0,0.0,0.0,2.11,0
-0.030748358928133417,0.02198893449933513,-0.32893860908033284,-0.04460773484293154,-0.2608695652173913,-0.06872852233676977,-0.1302338081160978,-0.3666666666666666,-0.6363636363636364,-0.3333333333333333,-0.11332981277814727,-1.0,0.0,0.0,0.0,1.0,0.0,0.0,0.0,0.0,0.0,0.0,0.0,0.0,0.0,0.0,0.0,0.0,0.0,0.0,0.0,0.0,0.0,0.0,0.0,1.0,0.0,0.0,0.0,0.0,0.0,0.0,0.0,0.0,0.0,2.07,0
-0.06283406442636658,5.126490575730699,14.538245074024703,-0.07666246898505917,-0.08695652173913043,0.5498281786941581,9.261865090029561,1.6333333333333333,-0.36363636363636365,-0.3333333333333333,-0.060030668531416614,0.0,0.0,-1.0,0.0,0.0,0.0,0.0,0.0,0.0,0.0,0.0,0.0,1.0,0.0,0.0,0.0,0.0,0.0,0.0,0.0,0.0,0.0,0.0,0.0,0.0,0.0,0.0,0.0,0.0,0.0,0.0,1.0,0.0,0.0,4.2,0
-0.12890683877949577,0.1189076101652017,-0.12596941744438597,-0.14267146529773095,-0.043478260869565216,0.08247422680412371,-0.0403654931470035,-0.06666666666666662,-0.7272727272727273,1.0,0.4820536974506648,0.0,0.0,0.0,0.0,1.0,0.0,0.0,0.0,0.0,0.0,0.0,0.0,0.0,0.0,0.0,0.0,0.0,0.0,0.0,0.0,0.0,1.0,0.0,0.0,0.0,0.0,0.0,0.0,0.0,0.0,0.0,0.0,0.0,0.0,0.81,0
1.0741154418442849,-0.7406657129345867,3.4157988076830232,1.0591895744906834,0.8695652173913043,-0.48109965635738833,0.17291050792797635,1.3999999999999997,-0.36363636363636365,-0.6666666666666666,9.3271014571682,0.0,0.0,0.0,1.0,0.0,0.0,0.0,0.0,0.0,0.0,0.0,0.0,0.0,0.0,0.0,0.0,0.0,0.0,0.0,1.0,0.0,0.0,0.0,0.0,0.0,0.0,0.0,0.0,0.0,0.0,0.0,0.0,0.0,0.0,1.8,0
-0.24428684612263113,0.17736671239255866,0.47407489897484734,-0.2579400998273535,0.13043478260869565,-0.3161512027491409,-0.019672131147540965,0.19999999999999996,-0.45454545454545453,0.3333333333333333,5.1191172593226355,0.0,0.0,0.0,0.0,1.0,0.0,0.0,0.0,0.0,0.0,0.0,0.0,0.0,0.0,0.0,0.0,0.0,0.0,0.0,0.0,0.0,1.0,0.0,0.0,0.0,0.0,0.0,0.0,0.0,0.0,0.0,0.0,0.0,0.0,1.13,0
0.03517742954951222,-0.014913554917366428,-0.5416574298529834,0.02125441747525389,-0.13043478260869565,0.2611683848797251,-0.29094329481322223,-0.5333333333333332,0.5454545454545454,0.0,-0.14956400639015416,-1.0,0.0,0.0,0.0,1.0,0.0,0.0,0.0,0.0,0.0,0.0,0.0,0.0,0.0,0.0,0.0,0.0,0.0,0.0,0.0,0.0,0.0,0.0,0.0,1.0,0.0,0.0,0.0,0.0,0.0,0.0,0.0,0.0,0.0,0.9,0
0.9355388509922878,-0.8695024636971412,-0.2092842856030388,0.9207467474090796,-0.4782608695652174,0.041237113402061855,-0.36457941413598494,0.06666666666666672,-0.36363636363636365,-0.3333333333333333,0.8699272998722084,-1.0,0.0,0.0,1.0,0.0,0.0,0.0,0.0,0.0,0.0,0.0,0.0,0.0,0.0,0.0,0.0,0.0,0.0,0.0,1.0,0.0,0.0,0.0,0.0,0.0,0.0,0.0,0.0,0.0,0.0,0.0,0.0,0.0,0.0,0.7,0
-0.2983864422500924,0.47206181242320827,-0.04818523840605235,-0.3119874752593116,0.08695652173913043,-0.17869415807560138,-0.36457941413598494,0.06666666666666672,0.6363636363636364,0.6666666666666666,2.6172214399841836,0.0,0.0,0.0,0.0,0.0,0.0,0.0,0.0,0.0,0.0,1.0,0.0,0.0,0.0,0.0,0.0,0.0,0.0,0.0,0.0,0.0,0.0,0.0,0.0,0.0,0.0,0.0,0.0,0.0,0.0,1.0,0.0,0.0,0.0,1.8,0
-0.2856789503178813,0.4999570333155115,-0.06636383357556264,-0.2992922494827523,0.21739130434782608,-0.041237113402061855,-0.36457941413598494,0.06666666666666672,-0.9090909090909091,1.0,1.6927173539038292,0.0,0.0,0.0,0.0,0.0,0.0,0.0,0.0,0.0,0.0,1.0,0.0,0.0,0.0,0.0,0.0,0.0,0.0,0.0,0.0,0.0,0.0,0.0,0.0,0.0,0.0,0.0,0.0,0.0,0.0,1.0,0.0,0.0,0.0,1.7,0
0.03335323923831923,-0.013131611204338058,-0.37768668714236336,0.019431987999512543,-0.4782608695652174,-0.08247422680412371,-0.30733673743617307,-0.5333333333333332,0.7272727272727273,0.0,-0.14955130263404767,-1.0,0.0,0.0,0.0,1.0,0.0,0.0,0.0,0.0,0.0,0.0,0.0,0.0,0.0,0.0,0.0,0.0,0.0,0.0,0.0,0.0,0.0,0.0,0.0,1.0,0.0,0.0,0.0,0.0,0.0,0.0,0.0,0.0,0.0,0.61,0
-0.31783261512299815,2.1358211830604548,0.23387990673022066,-0.33141487733271063,0.7391304347826086,1.0171821305841924,112.54592851384035,0.3999999999999999,-0.36363636363636365,0.0,-0.08866528081210058,0.0,0.0,0.0,0.0,0.0,0.0,0.0,0.0,0.0,0.0,0.0,0.0,1.0,0.0,0.0,0.0,0.0,0.0,0.0,0.0,0.0,0.0,0.0,0.0,0.0,0.0,0.0,0.0,0.0,0.0,0.0,1.0,0.0,0.0,4.6,1
1.1466965545227905,-0.7031633144484455,-0.2092842856030388,1.131700626827601,1.1304347826086956,-0.6048109965635738,2.8603601182477827,1.7333333333333332,-0.2727272727272727,-1.0,-0.1487510648612554,-1.0,0.0,0.0,1.0,0.0,0.0,0.0,0.0,0.0,0.0,0.0,0.0,0.0,0.0,0.0,0.0,0.0,0.0,0.0,1.0,0.0,0.0,0.0,0.0,0.0,0.0,0.0,0.0,0.0,0.0,0.0,0.0,0.0,0.0,2.4,0
-0.20451796169974368,0.14553246046658405,0.762131623991466,-0.21820960309961734,1.6956521739130435,-0.7422680412371134,0.003224939532383785,0.0,-0.09090909090909091,1.0,0.054033408168095834,0.0,0.0,0.0,0.0,1.0,0.0,0.0,0.0,0.0,0.0,0.0,0.0,0.0,0.0,0.0,0.0,0.0,0.0,0.0,0.0,0.0,1.0,0.0,0.0,0.0,0.0,0.0,0.0,0.0,0.0,0.0,0.0,0.0,0.0,1.03,0
1.101339156312197,-0.7863196560458046,9.593507648808659,1.0863870107346263,7.086956521739131,-0.8384879725085911,1.2478903520558988,2.3999999999999995,-0.09090909090909091,0.0,5.589282317157865,-1.0,0.0,-1.0,1.0,0.0,0.0,0.0,0.0,0.0,0.0,0.0,0.0,0.0,0.0,0.0,0.0,0.0,0.0,0.0,1.0,0.0,0.0,0.0,0.0,0.0,0.0,0.0,0.0,0.0,0.0,0.0,0.0,0.0,0.0,3.2,0
1.2979342595992172,-0.68807766368126,-0.032018608669735014,1.282792346744974,0.391304347826087,-0.5085910652920962,1.2478903520558988,2.3999999999999995,0.36363636363636365,0.3333333333333333,-0.14880560368448809,-1.0,0.0,0.0,1.0,0.0,0.0,0.0,0.0,0.0,0.0,0.0,0.0,0.0,0.0,0.0,0.0,0.0,0.0,0.0,1.0,0.0,0.0,0.0,0.0,0.0,0.0,0.0,0.0,0.0,0.0,0.0,0.0,0.0,0.0,2.0,0
1.1388587219076678,-0.7687461962047326,7.297917132522376,1.1238703598340298,1.3043478260869565,0.013745704467353952,3.3978500403117433,2.066666666666667,-1.0,0.0,-0.14854027478100887,-1.0,0.0,-1.0,1.0,0.0,0.0,0.0,0.0,0.0,0.0,0.0,0.0,0.0,0.0,0.0,0.0,0.0,0.0,0.0,1.0,0.0,0.0,0.0,0.0,0.0,0.0,0.0,0.0,0.0,0.0,0.0,0.0,0.0,0.0,2.2,0
1.0181761966414773,-0.8153970273491119,-0.5460890717763159,1.003304325740706,-0.6956521739130435,0.27491408934707906,-0.24993281375974197,0.4666666666666666,-0.7272727272727273,0.3333333333333333,1.2622677143014394,0.0,0.0,0.0,1.0,0.0,0.0,0.0,0.0,0.0,0.0,0.0,0.0,0.0,0.0,0.0,0.0,0.0,0.0,0.0,0.0,1.0,0.0,0.0,0.0,0.0,0.0,0.0,0.0,0.0,0.0,0.0,0.0,0.0,0.0,-1.13,0
-0.21434230613151872,0.15136822536862665,0.24628850411555198,-0.22802446439037444,0.34782608695652173,-0.24742268041237114,-0.14549852190271434,-0.06666666666666662,0.18181818181818182,1.0,-0.0835365882819788,0.0,0.0,0.0,0.0,1.0,0.0,0.0,0.0,0.0,0.0,0.0,0.0,0.0,0.0,0.0,0.0,0.0,0.0,0.0,0.0,0.0,1.0,0.0,0.0,0.0,0.0,0.0,0.0,0.0,0.0,0.0,0.0,0.0,0.0,0.33,0
1.1171539546657885,-0.8211754491341942,-0.2092842856030388,1.10218654354414,-0.17391304347826086,1.731958762886598,4.472829884439666,0.7333333333333333,0.45454545454545453,-0.3333333333333333,-0.149917322398184,-1.0,0.0,0.0,1.0,0.0,0.0,0.0,0.0,0.0,0.0,0.0,0.0,0.0,0.0,0.0,0.0,0.0,0.0,0.0,1.0,0.0,0.0,0.0,0.0,0.0,0.0,0.0,0.0,0.0,0.0,0.0,0.0,0.0,0.0,1.6,0
-2.027518985874122,7.162510875194112,19.916574345019605,-1.5178624921515294,0.21739130434782608,0.32989690721649484,19.484923407686104,1.333333333333333,0.0,0.6666666666666666,-0.13527799828447395,0.0,0.0,-1.0,0.0,0.0,0.0,0.0,0.0,0.0,0.0,0.0,0.0,0.0,1.0,0.0,0.0,0.0,0.0,0.0,0.0,0.0,0.0,0.0,0.0,0.0,0.0,0.0,0.0,0.0,0.0,0.0,1.0,0.0,0.0,4.4,0
0.3763550986492463,0.002629002014979596,-0.49379569708099136,0.36210275814287596,0.13043478260869565,-0.46735395189003437,-0.3448857833915614,-0.3999999999999999,-0.2727272727272727,0.3333333333333333,0.4123902204854272,0.0,0.0,0.0,0.0,0.0,0.0,0.0,0.0,0.0,0.0,0.0,0.0,0.0,0.0,0.0,0.0,0.0,0.0,1.0,0.0,0.0,0.0,0.0,0.0,0.0,0.0,0.0,0.0,0.0,0.0,0.0,0.0,0.0,1.0,0.48,0
-0.2938414268874768,0.46573642552258154,-0.21404386902869801,-0.30744684706185604,0.34782608695652173,-0.20618556701030927,0.17291050792797635,0.3999999999999999,0.45454545454545453,-0.6666666666666666,1.2036090843834932,0.0,0.0,0.0,0.0,0.0,0.0,0.0,0.0,0.0,0.0,0.0,0.0,0.0,0.0,0.0,0.0,1.0,0.0,0.0,0.0,0.0,0.0,0.0,0.0,0.0,0.0,0.0,0.0,0.0,0.0,1.0,0.0,0.0,0.0,1.7,0
-0.42611064948114996,0.6173075166518229,0.20948814958419806,-0.4395883941959706,-0.43478260869565216,0.06872852233676977,0.17291050792797635,0.3999999999999999,-0.18181818181818182,0.3333333333333333,0.32921319298912327,0.0,0.0,0.0,0.0,0.0,0.0,0.0,0.0,0.0,0.0,0.0,0.0,0.0,0.0,0.0,0.0,1.0,0.0,0.0,0.0,0.0,0.0,0.0,0.0,0.0,0.0,0.0,0.0,0.0,0.0,1.0,0.0,0.0,0.0,1.6,0
0.0980579471682101,0.03199750152739582,0.022933741036365602,0.08407423844187487,-0.5652173913043478,-0.39862542955326463,0.21107229239451758,-0.33333333333333326,0.09090909090909091,0.6666666666666666,-0.14954265221646545,-1.0,0.0,0.0,0.0,1.0,0.0,0.0,0.0,0.0,0.0,0.0,0.0,0.0,0.0,0.0,0.0,0.0,0.0,0.0,0.0,0.0,0.0,0.0,0.0,1.0,0.0,0.0,0.0,0.0,0.0,0.0,0.0,0.0,0.0,1.68,0
1.269087325358942,-0.5947054252485794,-0.2092842856030388,1.2539732575733684,-0.34782608695652173,0.9484536082474226,1.2478903520558988,0.7333333333333333,0.36363636363636365,-0.3333333333333333,-0.14989016832546875,-1.0,0.0,0.0,1.0,0.0,0.0,0.0,0.0,0.0,0.0,0.0,0.0,0.0,0.0,0.0,0.0,0.0,0.0,0.0,1.0,0.0,0.0,0.0,0.0,0.0,0.0,0.0,0.0,0.0,0.0,0.0,0.0,0.0,0.0,1.2,0
1.0180061450462807,-0.8146074567387654,-0.4982273390043239,1.0031344382911445,-0.6956521739130435,0.6597938144329897,-0.266487503359312,0.03333333333333336,-0.2727272727272727,0.3333333333333333,0.8163709828300048,0.0,0.0,0.0,1.0,0.0,0.0,0.0,0.0,0.0,0.0,0.0,0.0,0.0,0.0,0.0,0.0,0.0,0.0,0.0,0.0,1.0,0.0,0.0,0.0,0.0,0.0,0.0,0.0,0.0,0.0,0.0,0.0,0.0,0.0,-0.75,0
0.3790372760826297,0.0022937653312822093,-0.313871034993688,0.36478234655192165,0.8695652173913043,-0.4948453608247423,-0.26165009406073636,-0.2666666666666666,-0.6363636363636364,1.0,2.0779081734858718,0.0,0.0,0.0,0.0,0.0,0.0,0.0,0.0,0.0,0.0,0.0,0.0,0.0,0.0,0.0,0.0,0.0,0.0,1.0,0.0,0.0,0.0,0.0,0.0,0.0,0.0,0.0,0.0,0.0,0.0,0.0,0.0,0.0,1.0,1.04,0
-2.6614280469187794,-1.3753904990557924,4.37976955884633,-0.8845653242525353,3.739130434782609,-0.13745704467353953,31.121580220370863,1.5999999999999999,0.45454545454545453,-0.6666666666666666,1.161213569059849,0.0,0.0,0.0,0.0,0.0,0.0,0.0,0.0,0.0,0.0,0.0,0.0,1.0,0.0,0.0,0.0,0.0,0.0,0.0,0.0,0.0,0.0,0.0,0.0,0.0,0.0,0.0,0.0,0.0,0.0,0.0,1.0,0.0,0.0,4.7,1
-0.2092639471294122,0.14609706961812205,0.43950809197285307,-0.2229510073738295,1.5217391304347827,-0.852233676975945,-0.2731523783929051,-0.033333333333333263,0.36363636363636365,-0.6666666666666666,-0.08040446156079234,0.0,0.0,0.0,0.0,1.0,0.0,0.0,0.0,0.0,0.0,0.0,0.0,0.0,0.0,0.0,0.0,0.0,0.0,0.0,0.0,0.0,1.0,0.0,0.0,0.0,0.0,0.0,0.0,0.0,0.0,0.0,0.0,0.0,0.0,1.41,0
-0.1286904094765125,0.11866500467042569,-0.1206514471363869,-0.14245524490737435,1.2608695652173914,-0.7147766323024055,-0.04869658693899488,0.0,-0.45454545454545453,1.0,0.2884635143531663,0.0,0.0,0.0,0.0,1.0,0.0,0.0,0.0,0.0,0.0,0.0,0.0,0.0,0.0,0.0,0.0,0.0,0.0,0.0,0.0,0.0,1.0,0.0,0.0,0.0,0.0,0.0,0.0,0.0,0.0,0.0,0.0,0.0,0.0,1.84,0
-0.1059807918993597,0.12333626319745722,-0.062153773748396646,-0.11976754823369183,-0.13043478260869565,-0.41237113402061853,0.24547164740661112,-0.033333333333333263,0.45454545454545453,0.3333333333333333,0.05991717505273778,0.0,0.0,0.0,0.0,1.0,0.0,0.0,0.0,0.0,0.0,0.0,0.0,0.0,0.0,0.0,0.0,0.0,0.0,0.0,0.0,0.0,1.0,0.0,0.0,0.0,0.0,0.0,0.0,0.0,0.0,0.0,0.0,0.0,0.0,0.73,0
-2.0997058880364827,7.354731178627421,2.449700868396518,-1.4457452698113298,1.2608695652173914,0.6735395189003437,24.021338349905935,1.5333333333333332,-0.6363636363636364,0.3333333333333333,-0.11268678192754929,0.0,0.0,0.0,0.0,0.0,0.0,0.0,0.0,0.0,0.0,0.0,0.0,0.0,1.0,0.0,0.0,0.0,0.0,0.0,0.0,0.0,0.0,0.0,0.0,0.0,0.0,0.0,0.0,0.0,0.0,0.0,1.0,0.0,0.0,4.9,1
-0.20885427737734127,0.14624263291499834,0.37657877666153017,-0.2225417330635162,-0.2608695652173913,-0.48109965635738833,-0.3166836871808653,-0.3999999999999999,-0.36363636363636365,1.0,0.2950964568313866,0.0,0.0,0.0,0.0,1.0,0.0,0.0,0.0,0.0,0.0,0.0,0.0,0.0,0.0,0.0,0.0,0.0,0.0,0.0,0.0,0.0,1.0,0.0,0.0,0.0,0.0,0.0,0.0,0.0,0.0,0.0,0.0,0.0,0.0,0.26,0
0.6469226458482259,-1.426484980662997,-0.8102149304069386,0.6324091347138524,-0.7391304347826086,2.3642611683848798,-0.20161246976619188,-0.2666666666666666,0.45454545454545453,1.0,1.480972020401458,0.0,0.0,0.0,1.0,0.0,0.0,0.0,0.0,0.0,0.0,0.0,0.0,0.0,0.0,0.0,0.0,0.0,0.0,0.0,0.0,1.0,0.0,0.0,0.0,0.0,0.0,0.0,0.0,0.0,0.0,0.0,0.0,0.0,0.0,1.29,0
-0.4287541788247121,0.6181544303791033,0.13933525793784302,-0.44222937182102123,0.17391304347826086,-0.027491408934707903,0.7104004299919376,0.3999999999999999,-0.09090909090909091,-0.3333333333333333,0.2397407375931788,0.0,0.0,0.0,0.0,0.0,0.0,0.0,0.0,0.0,0.0,0.0,0.0,0.0,0.0,0.0,0.0,1.0,0.0,0.0,0.0,0.0,0.0,0.0,0.0,0.0,0.0,0.0,0.0,0.0,0.0,1.0,0.0,0.0,0.0,2.1,0
0.034041269120991424,-0.013307887335953597,-0.5797695510275952,0.02011935374785524,-0.4782608695652174,0.013745704467353952,-0.3040042999193765,-0.5666666666666665,-0.2727272727272727,-0.6666666666666666,-0.14954804019084525,-1.0,0.0,0.0,0.0,1.0,0.0,0.0,0.0,0.0,0.0,0.0,0.0,0.0,0.0,0.0,0.0,0.0,0.0,0.0,0.0,0.0,0.0,0.0,0.0,1.0,0.0,0.0,0.0,0.0,0.0,0.0,0.0,0.0,0.0,0.7,0
-0.8731376451718859,-0.8756337662019414,2.1589851582258994,-0.8861838883174771,1.2173913043478262,0.7010309278350515,-0.1749529696318194,-0.19999999999999996,-0.7272727272727273,1.0,2.679472052821988,0.0,0.0,0.0,0.0,0.0,1.0,0.0,0.0,0.0,0.0,0.0,0.0,0.0,0.0,0.0,0.0,0.0,0.0,0.0,0.0,0.0,0.0,1.0,0.0,0.0,0.0,0.0,0.0,0.0,0.0,0.0,0.0,0.0,0.0,1.74,0
-0.014522406230073039,4.193652157606739,0.23387990673022066,-0.028397444563738366,1.7391304347826086,-0.6872852233676976,0.925396398817522,2.166666666666666,0.0,1.0,-0.07192212571143561,0.0,0.0,0.0,0.0,0.0,0.0,0.0,0.0,0.0,0.0,0.0,0.0,1.0,0.0,0.0,0.0,0.0,0.0,0.0,0.0,0.0,0.0,0.0,0.0,0.0,0.0,0.0,0.0,0.0,0.0,0.0,1.0,0.0,0.0,4.7,1
0.03469833854352725,-0.013383001563865876,-0.4920230453832701,0.020775788921252543,-0.391304347826087,-0.12371134020618557,-0.35626981994087603,-0.5666666666666665,1.0,1.0,-0.1495684057453817,-1.0,0.0,0.0,0.0,1.0,0.0,0.0,0.0,0.0,0.0,0.0,0.0,0.0,0.0,0.0,0.0,0.0,0.0,0.0,0.0,0.0,0.0,0.0,0.0,1.0,0.0,0.0,0.0,0.0,0.0,0.0,0.0,0.0,0.0,1.02,0
0.03477547431849326,-0.013246301745872999,-0.4893640521992187,0.020852850239399916,-0.5652173913043478,0.5223367697594502,-0.34630475678581024,-0.5666666666666665,0.45454545454545453,0.0,-0.14951890887982547,-1.0,0.0,0.0,0.0,1.0,0.0,0.0,0.0,0.0,0.0,0.0,0.0,0.0,0.0,0.0,0.0,0.0,0.0,0.0,0.0,0.0,0.0,0.0,0.0,1.0,0.0,0.0,0.0,0.0,0.0,0.0,0.0,0.0,0.0,0.82,0
1.1726216931728126,-0.7805765223326829,-0.45745623330966406,1.1576007407294138,0.043478260869565216,-0.35738831615120276,0.17291050792797635,2.066666666666667,0.8181818181818182,1.0,-0.14838608314722893,-1.0,0.0,0.0,1.0,0.0,0.0,0.0,0.0,0.0,0.0,0.0,0.0,0.0,0.0,0.0,0.0,0.0,0.0,0.0,1.0,0.0,0.0,0.0,0.0,0.0,0.0,0.0,0.0,0.0,0.0,0.0,0.0,0.0,0.0,2.4,0
-0.15648611567373205,0.07747941367240349,0.4669842718975152,-0.1702241207543968,-0.391304347826087,-0.3161512027491409,0.018382155334587435,-0.06666666666666662,0.36363636363636365,-0.3333333333333333,-0.0017991715182019091,0.0,0.0,0.0,0.0,1.0,0.0,0.0,0.0,0.0,0.0,0.0,0.0,0.0,0.0,0.0,0.0,0.0,0.0,0.0,0.0,0.0,1.0,0.0,0.0,0.0,0.0,0.0,0.0,0.0,0.0,0.0,0.0,0.0,0.0,1.12,0
-0.05491893563160583,0.30548005767970976,-0.1197651187517204,-0.0687549804235025,-0.4782608695652174,1.5945017182130585,5.176941682343455,0.0,0.36363636363636365,0.6666666666666666,2.5765053908763895,0.0,0.0,0.0,0.0,0.0,0.0,0.0,0.0,0.0,0.0,0.0,0.0,0.0,0.0,0.0,0.0,0.0,1.0,0.0,0.0,0.0,0.0,0.0,0.0,0.0,0.0,0.0,0.0,0.0,0.0,0.0,0.0,1.0,0.0,2.69,0
1.0685501169104694,-0.6603677051667995,1.4304232260300211,1.0536296215958398,-0.6086956521739131,0.27491408934707906,1.2478903520558988,0.3999999999999999,1.0,-0.3333333333333333,-0.1501149803206914,-1.0,0.0,0.0,1.0,0.0,0.0,0.0,0.0,0.0,0.0,0.0,0.0,0.0,0.0,0.0,0.0,0.0,0.0,0.0,1.0,0.0,0.0,0.0,0.0,0.0,0.0,0.0,0.0,0.0,0.0,0.0,0.0,0.0,0.0,1.1,0
0.032789051196188204,-0.013850446288559509,-0.3643917529196796,0.01886834455094715,-0.34782608695652173,-0.06872852233676977,-0.3175812953507121,-0.5333333333333332,0.18181818181818182,-0.3333333333333333,-0.14954217438387518,-1.0,0.0,0.0,0.0,1.0,0.0,0.0,0.0,0.0,0.0,0.0,0.0,0.0,0.0,0.0,0.0,0.0,0.0,0.0,0.0,0.0,0.0,0.0,0.0,1.0,0.0,0.0,0.0,0.0,0.0,0.0,0.0,0.0,0.0,0.78,0
-0.1744420182032511,0.1441694586867422,-0.3510968271496818,-0.18816269099706717,1.565217391304348,-0.7560137457044673,-0.24466541252351517,-0.1666666666666666,0.5454545454545454,0.3333333333333333,-0.07507860541773925,0.0,0.0,0.0,0.0,1.0,0.0,0.0,0.0,0.0,0.0,0.0,0.0,0.0,0.0,0.0,0.0,0.0,0.0,0.0,0.0,0.0,1.0,0.0,0.0,0.0,0.0,0.0,0.0,0.0,0.0,0.0,0.0,0.0,0.0,1.41,0
-0.21687762082359152,0.149550889662188,-0.08076666982639354,-0.23055733182024904,0.391304347826087,-0.28865979381443296,0.09948938457403922,-0.23333333333333328,-0.45454545454545453,0.3333333333333333,0.3734417070829624,0.0,0.0,0.0,0.0,1.0,0.0,0.0,0.0,0.0,0.0,0.0,0.0,0.0,0.0,0.0,0.0,0.0,0.0,0.0,0.0,0.0,1.0,0.0,0.0,0.0,0.0,0.0,0.0,0.0,0.0,0.0,0.0,0.0,0.0,0.27,0
0.3516744284913721,-0.014503356926457605,1.4189009570293565,0.3374459114856078,0.08695652173913043,0.46735395189003437,0.7098629400698736,-0.13333333333333325,0.7272727272727273,1.0,1.2642075498480214,0.0,0.0,0.0,0.0,0.0,0.0,0.0,0.0,0.0,0.0,0.0,0.0,1.0,0.0,0.0,0.0,0.0,0.0,0.0,0.0,0.0,0.0,0.0,0.0,0.0,0.0,0.0,0.0,0.0,0.0,0.0,0.0,0.0,1.0,1.36,0
-0.8639007517053486,-0.8821047163994441,2.39563483693186,-0.8769559109433996,0.391304347826087,-0.24742268041237114,-0.18941144853533995,0.13333333333333333,-0.45454545454545453,-1.0,0.7772107895900564,0.0,0.0,0.0,0.0,0.0,1.0,0.0,0.0,0.0,0.0,0.0,0.0,0.0,0.0,0.0,0.0,0.0,0.0,0.0,0.0,0.0,0.0,1.0,0.0,0.0,0.0,0.0,0.0,0.0,0.0,0.0,0.0,0.0,0.0,2.37,0
1.0664322015884329,-0.7916922650032406,0.5928429025201609,1.0515137506330785,-0.4782608695652174,2.7216494845360826,0.2658962644450416,-0.29999999999999993,0.8181818181818182,1.0,1.0676127224690197,0.0,0.0,0.0,1.0,0.0,0.0,0.0,0.0,0.0,0.0,0.0,0.0,0.0,0.0,0.0,0.0,0.0,0.0,0.0,0.0,1.0,0.0,0.0,0.0,0.0,0.0,0.0,0.0,0.0,0.0,0.0,0.0,0.0,0.0,-0.08,0
-0.8854122784981354,1.5420049765722978,6.438178599395853,-0.8984466733133281,-0.7391304347826086,3.3539518900343643,4.117011556033324,0.9333333333333332,-0.18181818181818182,-0.3333333333333333,1.2477796653950104,0.0,0.0,-1.0,0.0,0.0,0.0,0.0,0.0,0.0,0.0,0.0,0.0,1.0,0.0,0.0,0.0,0.0,0.0,0.0,0.0,0.0,0.0,0.0,0.0,0.0,0.0,0.0,0.0,1.0,0.0,0.0,0.0,0.0,0.0,3.6,0
-0.866026366923306,-0.8732652406757763,-0.6648570753744588,-0.8790794743696063,0.2608695652173913,-0.35738831615120276,-0.34577801666218755,0.06666667666666672,-0.18181818181818182,0.0,0.7931226148455905,-1.0,0.0,0.0,0.0,0.0,1.0,0.0,0.0,0.0,0.0,0.0,0.0,0.0,0.0,0.0,0.0,0.0,0.0,0.0,0.0,0.0,0.0,1.0,0.0,0.0,0.0,0.0,0.0,0.0,0.0,0.0,0.0,0.0,0.0,2.25,0
1.2213646640514773,-0.7506698813380885,-0.20042100175637365,1.2062966615000854,-0.13043478260869565,-0.32989690721649484,1.7853802741198601,2.066666666666667,0.8181818181818182,1.0,-0.14976327905727688,-1.0,0.0,0.0,1.0,0.0,0.0,0.0,0.0,0.0,0.0,0.0,0.0,0.0,0.0,0.0,0.0,0.0,0.0,0.0,1.0,0.0,0.0,0.0,0.0,0.0,0.0,0.0,0.0,0.0,0.0,0.0,0.0,0.0,0.0,1.9,0
-1.8632027672032303,6.913208586542093,0.23387990673022066,-1.6820201013717846,0.30434782608695654,-0.054982817869415807,9.455361461972586,0.5666666666666665,0.18181818181818182,0.0,1.7122556484106488,0.0,0.0,0.0,0.0,0.0,0.0,1.0,0.0,0.0,0.0,0.0,0.0,0.0,0.0,0.0,0.0,0.0,0.0,0.0,0.0,0.0,0.0,0.0,0.0,0.0,0.0,0.0,0.0,0.0,0.0,0.0,1.0,0.0,0.0,4.4,0
-0.20281744574774319,0.144394420145551,0.6912253532181444,-0.21651072860396928,0.5217391304347826,-0.5498281786941581,0.08427841977962912,-0.1666666666666666,-0.5454545454545454,-0.3333333333333333,1.7328358156880577,0.0,0.0,0.0,0.0,1.0,0.0,0.0,0.0,0.0,0.0,0.0,0.0,0.0,0.0,0.0,0.0,0.0,0.0,0.0,0.0,0.0,1.0,0.0,0.0,0.0,0.0,0.0,0.0,0.0,0.0,0.0,0.0,0.0,0.0,0.62,0
0.09916332405351092,0.029765478206885358,-0.011633054131867531,0.08517854834047198,-0.30434782608695654,0.09621993127147767,0.21805966138134905,-0.09999999999999998,0.6363636363636364,1.0,-0.1256257964382829,-1.0,0.0,0.0,0.0,1.0,0.0,0.0,0.0,0.0,0.0,0.0,0.0,0.0,0.0,0.0,0.0,0.0,0.0,0.0,0.0,0.0,0.0,0.0,0.0,1.0,0.0,0.0,0.0,0.0,0.0,0.0,0.0,0.0,0.0,2.03,0
1.1097798991284835,-0.6928150873432357,1.0758918721634136,1.0948196059584723,1.7391304347826086,-0.6872852233676976,1.2478903520558988,2.733333333333333,-0.5454545454545454,0.6666666666666666,-0.13867327894700465,-1.0,0.0,0.0,1.0,0.0,0.0,0.0,0.0,0.0,0.0,0.0,0.0,0.0,0.0,0.0,0.0,0.0,0.0,0.0,1.0,0.0,0.0,0.0,0.0,0.0,0.0,0.0,0.0,0.0,0.0,0.0,0.0,0.0,0.0,2.2,0
1.0634949467622543,-0.7361135516504538,2.4585641522431834,1.0485793310496905,0.9130434782608695,-0.5085910652920962,0.7104004299919376,2.066666666666667,1.0,0.0,-0.02233816280791931,-1.0,0.0,0.0,1.0,0.0,0.0,0.0,0.0,0.0,0.0,0.0,0.0,0.0,0.0,0.0,0.0,0.0,0.0,0.0,1.0,0.0,0.0,0.0,0.0,0.0,0.0,0.0,0.0,0.0,0.0,0.0,0.0,0.0,0.0,2.0,0
0.9365591605634873,-0.8704023095323766,-0.3510968271496818,0.9217660721064675,-0.6521739130434783,1.2920962199312716,-0.36457941413598494,0.06666666666666672,0.36363636363636365,-1.0,0.3978005085761745,-1.0,0.0,0.0,1.0,0.0,0.0,0.0,0.0,0.0,0.0,0.0,0.0,0.0,0.0,0.0,0.0,0.0,0.0,0.0,1.0,0.0,0.0,0.0,0.0,0.0,0.0,0.0,0.0,0.0,0.0,0.0,0.0,0.0,0.0,0.6,0
1.0688747608649423,-0.7775329261252683,7.040881900969086,1.0539539521813726,0.30434782608695654,-0.35738831615120276,0.7104004299919376,1.7333333333333332,-0.5454545454545454,-1.0,-0.1493682433210219,-1.0,0.0,-1.0,1.0,0.0,0.0,0.0,0.0,0.0,0.0,0.0,0.0,0.0,0.0,0.0,0.0,0.0,0.0,0.0,1.0,0.0,0.0,0.0,0.0,0.0,0.0,0.0,0.0,0.0,0.0,0.0,0.0,0.0,0.0,1.7,0
-0.15659433032522616,0.07745735862743128,0.3065588342728752,-0.17033223094957758,-0.43478260869565216,-0.12371134020618557,-0.1900026874496103,-0.033333333333333263,0.8181818181818182,-0.3333333333333333,1.1303140797323081,0.0,0.0,0.0,0.0,1.0,0.0,0.0,0.0,0.0,0.0,0.0,0.0,0.0,0.0,0.0,0.0,0.0,0.0,0.0,0.0,0.0,1.0,0.0,0.0,0.0,0.0,0.0,0.0,0.0,0.0,0.0,0.0,0.0,0.0,0.99,0
1.2405186573653577,-0.6640464866696747,-0.2092842856030388,1.225432166046505,-0.34782608695652173,-0.28865979381443296,0.7104004299919376,1.0666666666666664,-1.0,0.6666666666666666,-0.15002959657990833,-1.0,0.0,0.0,1.0,0.0,0.0,0.0,0.0,0.0,0.0,0.0,0.0,0.0,0.0,0.0,0.0,0.0,0.0,0.0,1.0,0.0,0.0,0.0,0.0,0.0,0.0,0.0,0.0,0.0,0.0,0.0,0.0,0.0,0.0,1.0,0
0.034157149700357145,-0.013479923148256199,-0.40604918953481184,0.02023512247122049,-0.30434782608695654,-0.16494845360824742,-0.2997581295350712,-0.5666666666666665,0.9090909090909091,0.6666666666666666,-0.149505183550595,-1.0,0.0,0.0,0.0,1.0,0.0,0.0,0.0,0.0,0.0,0.0,0.0,0.0,0.0,0.0,0.0,0.0,0.0,0.0,0.0,0.0,0.0,0.0,0.0,1.0,0.0,0.0,0.0,0.0,0.0,0.0,0.0,0.0,0.0,1.09,0
-0.27983535913737534,0.4918584207983913,0.01430091271293724,-0.29345429894316655,0.17391304347826086,-0.32989690721649484,-0.36457941413598494,0.06666666666666672,-0.5454545454545454,0.0,0.1446647723652705,0.0,0.0,0.0,0.0,0.0,0.0,0.0,0.0,0.0,0.0,1.0,0.0,0.0,0.0,0.0,0.0,0.0,0.0,0.0,0.0,0.0,0.0,0.0,0.0,0.0,0.0,0.0,0.0,0.0,0.0,1.0,0.0,0.0,0.0,1.5,0
0.925660399234766,-0.8865730685126394,0.6770440990634801,0.9108778310207323,-0.4782608695652174,2.3642611683848798,0.17291050792797635,1.3999999999999997,-0.5454545454545454,-0.3333333333333333,0.9373765994761137,-1.0,0.0,0.0,1.0,0.0,0.0,0.0,0.0,0.0,0.0,0.0,0.0,0.0,0.0,0.0,0.0,0.0,0.0,0.0,1.0,0.0,0.0,0.0,0.0,0.0,0.0,0.0,0.0,0.0,0.0,0.0,0.0,0.0,0.0,1.0,0
-1.9796061759647519,6.770368646620035,0.23387990673022066,-1.5657290532820534,0.043478260869565216,0.027491408934707903,39.694544477291046,1.4333333333333331,1.0909090909090908,1.0,0.006783888145783677,0.0,0.0,0.0,0.0,0.0,0.0,1.0,0.0,0.0,0.0,0.0,0.0,0.0,0.0,0.0,0.0,0.0,0.0,0.0,0.0,0.0,0.0,0.0,0.0,0.0,0.0,0.0,0.0,0.0,0.0,0.0,1.0,0.0,0.0,4.4,0
-0.8756265864021814,-0.878708195319153,1.725570571361827,-0.8886704270484673,0.5652173913043478,0.27491408934707906,-0.1425960763235689,-0.13333332999999992,-0.9090909090909091,0.3333333333333333,-0.1475827806550646,-1.0,0.0,0.0,0.0,0.0,1.0,0.0,0.0,0.0,0.0,0.0,0.0,0.0,0.0,0.0,0.0,0.0,0.0,0.0,0.0,0.0,0.0,1.0,0.0,0.0,0.0,0.0,0.0,0.0,0.0,0.0,0.0,0.0,0.0,1.91,0
-0.20893157355697917,0.1462646879599709,0.46432528674351553,-0.22261895463150172,-0.08695652173913043,-0.48109965635738833,-0.30701424348293466,-0.3666666666666666,-0.2727272727272727,1.0,0.1919902512924476,0.0,0.0,0.0,0.0,1.0,0.0,0.0,0.0,0.0,0.0,0.0,0.0,0.0,0.0,0.0,0.0,0.0,0.0,0.0,0.0,0.0,1.0,0.0,0.0,0.0,0.0,0.0,0.0,0.0,0.0,0.0,0.0,0.0,0.0,0.36,0
0.37620050628997515,0.002611357979012428,-0.5389984446989838,0.36194831500690955,-0.391304347826087,-0.15120274914089346,-0.3593469497446922,-0.46666666666666656,0.7272727272727273,0.0,0.3655260477316779,0.0,0.0,0.0,0.0,0.0,0.0,0.0,0.0,0.0,0.0,0.0,0.0,0.0,0.0,0.0,0.0,0.0,0.0,1.0,0.0,0.0,0.0,0.0,0.0,0.0,0.0,0.0,0.0,0.0,0.0,0.0,0.0,0.0,1.0,0.33,0
-3.041618582001582,-1.5137841419096274,39.54139153979027,-0.5047417755353787,0.34782608695652173,0.3711340206185567,11.551572158022037,2.133333333333333,0.18181818181818182,0.6666666666666666,-0.12082331527443331,0.0,0.0,-1.0,0.0,0.0,0.0,0.0,0.0,0.0,0.0,0.0,0.0,1.0,0.0,0.0,0.0,0.0,0.0,0.0,0.0,0.0,0.0,0.0,0.0,0.0,0.0,0.0,0.0,0.0,0.0,0.0,1.0,0.0,0.0,4.5,1
0.9335446095576708,-0.8682850252141749,2.662419680716482,0.918754430955094,-0.391304347826087,-0.12371134020618557,-0.36457941413598494,1.0666666666666664,0.36363636363636365,-0.3333333333333333,-0.14973889311818794,-1.0,0.0,0.0,1.0,0.0,0.0,0.0,0.0,0.0,0.0,0.0,0.0,0.0,0.0,0.0,0.0,0.0,0.0,0.0,1.0,0.0,0.0,0.0,0.0,0.0,0.0,0.0,0.0,0.0,0.0,0.0,0.0,0.0,0.0,0.4,0
-0.04269838887285423,0.0195408568136062,-0.09849323751972393,-0.056546229787030035,0.30434782608695654,0.21993127147766323,-0.08132222520827737,-0.29999999999999993,-0.6363636363636364,1.0,-0.11493506664963445,-1.0,0.0,0.0,0.0,1.0,0.0,0.0,0.0,0.0,0.0,0.0,0.0,0.0,0.0,0.0,0.0,0.0,0.0,0.0,0.0,0.0,0.0,0.0,0.0,1.0,0.0,0.0,0.0,0.0,0.0,0.0,0.0,0.0,0.0,1.49,0
-0.27431641191134204,0.5323514833839923,0.2931664123805642,-0.2879406789891134,2.3043478260869565,-0.39862542955326463,-0.36457941413598494,-0.2666666666666666,0.09090909090909091,-1.0,-0.035765752903697025,0.0,0.0,0.0,0.0,0.0,0.0,0.0,0.0,0.0,0.0,0.0,0.0,0.0,0.0,0.0,0.0,1.0,0.0,0.0,0.0,0.0,0.0,0.0,0.0,0.0,0.0,0.0,0.0,0.0,0.0,1.0,0.0,0.0,0.0,2.7,0
0.9370925042029778,-0.8638607831909249,-0.3253933039943528,0.9222989009255567,-0.5652173913043478,1.0996563573883162,0.027465735017468438,-0.23333333333333328,0.7272727272727273,1.0,1.1491494165909169,0.0,0.0,0.0,1.0,0.0,0.0,0.0,0.0,0.0,0.0,0.0,0.0,0.0,0.0,0.0,0.0,0.0,0.0,0.0,0.0,1.0,0.0,0.0,0.0,0.0,0.0,0.0,0.0,0.0,0.0,0.0,0.0,0.0,0.0,-0.25,0
0.0573537879355123,-0.02634242699668518,-0.21637490591822162,0.04340936969666973,-0.4782608695652174,-0.013745704467353952,0.0003224939532384009,-0.4999999999999999,0.9090909090909091,0.0,-0.09915855040207207,-1.0,0.0,0.0,0.0,1.0,0.0,0.0,0.0,0.0,0.0,0.0,0.0,0.0,0.0,0.0,0.0,0.0,0.0,0.0,0.0,0.0,0.0,0.0,0.0,1.0,0.0,0.0,0.0,0.0,0.0,0.0,0.0,0.0,0.0,1.54,0
0.30712091054899476,0.3039053274680475,-0.4618878752329966,0.29293539969966426,-0.5217391304347826,0.20618556701030927,0.019779629131953788,-0.19999999999999996,0.09090909090909091,1.0,1.6371102452921888,0.0,0.0,0.0,0.0,0.0,0.0,0.0,0.0,1.0,0.0,0.0,0.0,0.0,0.0,0.0,0.0,0.0,0.0,0.0,0.0,0.0,0.0,0.0,0.0,0.0,0.0,0.0,0.0,0.0,0.0,0.0,0.0,1.0,0.0,0.5,0
-0.194384432549422,0.15064481989324988,0.33758032773620333,-0.20808585553692313,0.4782608695652174,-0.46735395189003437,-0.14694974469228703,-0.09999999999999998,-0.18181818181818182,-0.3333333333333333,0.25828158128331724,0.0,0.0,0.0,0.0,1.0,0.0,0.0,0.0,0.0,0.0,0.0,0.0,0.0,0.0,0.0,0.0,0.0,0.0,0.0,0.0,0.0,1.0,0.0,0.0,0.0,0.0,0.0,0.0,0.0,0.0,0.0,0.0,0.0,0.0,0.78,0
0.8492299368103712,-0.9054962971065643,0.9606691821567661,0.8345211445982144,1.0434782608695652,1.6357388316151202,5.010319806503627,1.0666666666666664,-0.18181818181818182,0.3333333333333333,-0.06610797409209825,-1.0,0.0,0.0,1.0,0.0,0.0,0.0,0.0,0.0,0.0,0.0,0.0,0.0,0.0,0.0,0.0,0.0,0.0,0.0,1.0,0.0,0.0,0.0,0.0,0.0,0.0,0.0,0.0,0.0,0.0,0.0,0.0,0.0,0.0,2.6,0
-0.2964385785232572,0.4693093428095465,-0.19132727252969509,-0.31004149174611645,0.17391304347826086,-0.21993127147766323,-0.36457941413598494,0.06666666666666672,0.6363636363636364,0.0,1.066442856472185,0.0,0.0,0.0,0.0,0.0,0.0,0.0,0.0,0.0,0.0,1.0,0.0,0.0,0.0,0.0,0.0,0.0,0.0,0.0,0.0,0.0,0.0,0.0,0.0,0.0,0.0,0.0,0.0,0.0,0.0,1.0,0.0,0.0,0.0,1.9,0
-0.20897022164679596,0.14620293383403224,0.3774651050461966,-0.22265756541549234,0.8260869565217391,-0.8109965635738832,-0.30593926363880675,-0.06666666666666662,0.45454545454545453,0.0,-0.0739883232626614,0.0,0.0,0.0,0.0,1.0,0.0,0.0,0.0,0.0,0.0,0.0,0.0,0.0,0.0,0.0,0.0,0.0,0.0,0.0,0.0,0.0,1.0,0.0,0.0,0.0,0.0,0.0,0.0,0.0,0.0,0.0,0.0,0.0,0.0,0.81,0
0.9146534232545552,-0.8719505736900617,0.9225570616161058,0.8998814797398209,-0.5652173913043478,2.075601374570447,0.9538833646869119,-0.29999999999999993,-0.36363636363636365,1.0,1.8143474153604735,0.0,0.0,0.0,1.0,0.0,0.0,0.0,0.0,0.0,0.0,0.0,0.0,0.0,0.0,0.0,0.0,0.0,0.0,0.0,0.0,1.0,0.0,0.0,0.0,0.0,0.0,0.0,0.0,0.0,0.0,0.0,0.0,0.0,0.0,1.03,0
0.6808015613828255,-1.260864825880672,-0.6533348063209647,0.6662553479612123,-0.7391304347826086,2.6391752577319587,-0.22870196183821553,0.2333333333333333,-0.7272727272727273,0.6666666666666666,1.4806075494739936,0.0,0.0,0.0,1.0,0.0,0.0,0.0,0.0,0.0,0.0,0.0,0.0,0.0,0.0,0.0,0.0,0.0,0.0,0.0,0.0,1.0,0.0,0.0,0.0,0.0,0.0,0.0,0.0,0.0,0.0,0.0,0.0,0.0,0.0,0.89,0
0.03154461761564833,-0.011719988711685387,0.22590293774392411,0.017625112184311544,-0.6521739130434783,0.4261168384879725,-0.32223058317656544,-0.33333333333333326,-0.5454545454545454,-1.0,-0.149509780629653,-1.0,0.0,0.0,0.0,1.0,0.0,0.0,0.0,0.0,0.0,0.0,0.0,0.0,0.0,0.0,0.0,0.0,0.0,0.0,0.0,0.0,0.0,0.0,0.0,1.0,0.0,0.0,0.0,0.0,0.0,0.0,0.0,0.0,0.0,0.72,0
0.032696346732695496,-0.01262862856535481,-0.5859738490863093,0.01877572957225482,-0.043478260869565216,-0.28865979381443296,-0.326084385917764,-0.4333333333333333,-0.5454545454545454,-0.6666666666666666,-0.11725207687978718,-1.0,0.0,0.0,0.0,1.0,0.0,0.0,0.0,0.0,0.0,0.0,0.0,0.0,0.0,0.0,0.0,0.0,0.0,0.0,0.0,0.0,0.0,0.0,0.0,1.0,0.0,0.0,0.0,0.0,0.0,0.0,0.0,0.0,0.0,1.31,0
1.2253995246284928,-0.6743682477209061,0.4997784221301763,1.2103276273488464,-0.30434782608695654,0.013745704467353952,0.17291050792797635,0.3999999999999999,-0.6363636363636364,1.0,-0.14798046918604482,-1.0,0.0,0.0,1.0,0.0,0.0,0.0,0.0,0.0,0.0,0.0,0.0,0.0,0.0,0.0,0.0,0.0,0.0,0.0,1.0,0.0,0.0,0.0,0.0,0.0,0.0,0.0,0.0,0.0,0.0,0.0,0.0,0.0,0.0,1.3,0
-0.10983787126321365,0.12509625578696223,-0.5106359363896552,-0.12362090447609184,-0.2608695652173913,0.48109965635738833,0.2970706799247514,-0.13333333333333325,0.7272727272727273,0.6666666666666666,0.9769923154674488,0.0,0.0,0.0,0.0,1.0,0.0,0.0,0.0,0.0,0.0,0.0,0.0,0.0,0.0,0.0,0.0,0.0,0.0,0.0,0.0,0.0,1.0,0.0,0.0,0.0,0.0,0.0,0.0,0.0,0.0,0.0,0.0,0.0,0.0,0.55,0
1.0754603953699566,-0.7928303053242732,-0.2092842856030388,1.0605332297736039,0.8695652173913043,-0.4536082474226804,0.17291050792797635,1.3999999999999997,-0.45454545454545453,1.0,1.8293493814562163,-1.0,0.0,0.0,1.0,0.0,0.0,0.0,0.0,0.0,0.0,0.0,0.0,0.0,0.0,0.0,0.0,0.0,0.0,0.0,1.0,0.0,0.0,0.0,0.0,0.0,0.0,0.0,0.0,0.0,0.0,0.0,0.0,0.0,0.0,2.1,0
0.9020077682660514,-0.8879493033194709,-0.2092842856030388,0.8872480312176471,-0.6521739130434783,2.584192439862543,1.2478903520558988,0.3999999999999999,-1.0,-0.3333333333333333,-0.15031662567377954,-1.0,0.0,0.0,1.0,0.0,0.0,0.0,0.0,0.0,0.0,0.0,0.0,0.0,0.0,0.0,0.0,0.0,0.0,0.0,1.0,0.0,0.0,0.0,0.0,0.0,0.0,0.0,0.0,0.0,0.0,0.0,0.0,0.0,0.0,1.5,0
-2.6541884867340415,-1.334373408601436,0.23387990673022066,-0.891797896309911,-0.17391304347826086,0.3161512027491409,13.749905939263638,1.8333333333333333,-0.2727272727272727,0.0,-0.1246791441690417,0.0,0.0,0.0,0.0,0.0,0.0,0.0,0.0,0.0,0.0,0.0,0.0,1.0,0.0,0.0,0.0,0.0,0.0,0.0,0.0,0.0,0.0,0.0,0.0,0.0,0.0,0.0,0.0,0.0,0.0,0.0,1.0,0.0,0.0,4.9,1
-0.4283831571624578,0.6168311276802276,0.0644670992850622,-0.44185870829469837,-0.30434782608695654,-0.027491408934707903,0.17291050792797635,0.06666666666666672,-0.09090909090909091,0.3333333333333333,0.33116415050116804,0.0,0.0,0.0,0.0,0.0,0.0,0.0,0.0,0.0,0.0,0.0,0.0,0.0,0.0,0.0,0.0,1.0,0.0,0.0,0.0,0.0,0.0,0.0,0.0,0.0,0.0,0.0,0.0,0.0,0.0,1.0,0.0,0.0,0.0,1.6,0
1.2468724033314633,-0.6662696352037862,-0.5194992202363204,1.2317797789347849,0.21739130434782608,-0.5360824742268041,0.17291050792797635,2.066666666666667,-1.0,0.6666666666666666,-0.1477680478841971,-1.0,0.0,0.0,1.0,0.0,0.0,0.0,0.0,0.0,0.0,0.0,0.0,0.0,0.0,0.0,0.0,0.0,0.0,0.0,1.0,0.0,0.0,0.0,0.0,0.0,0.0,0.0,0.0,0.0,0.0,0.0,0.0,0.0,0.0,1.4,0
0.031575401158867984,-0.011495049867907958,-0.56647462208784,0.017655866013112753,-0.5217391304347826,0.27491408934707906,-0.3163826928245095,-0.5333333333333332,-0.6363636363636364,0.0,-0.1495115271901553,-1.0,0.0,0.0,0.0,1.0,0.0,0.0,0.0,0.0,0.0,0.0,0.0,0.0,0.0,0.0,0.0,0.0,0.0,0.0,0.0,0.0,0.0,0.0,0.0,1.0,0.0,0.0,0.0,0.0,0.0,0.0,0.0,0.0,0.0,0.96,0
-0.21156737328257624,0.1396790515285743,-0.4051628586143395,-0.22525221009975252,2.0869565217391304,-0.865979381443299,-0.0500940607363612,0.03333333333333336,-0.8181818181818182,0.0,0.5156658094391191,0.0,0.0,0.0,0.0,1.0,0.0,0.0,0.0,0.0,0.0,0.0,0.0,0.0,0.0,0.0,0.0,0.0,0.0,0.0,0.0,0.0,1.0,0.0,0.0,0.0,0.0,0.0,0.0,0.0,0.0,0.0,0.0,0.0,0.0,1.56,0
1.037569808112232,-0.8068617249413629,-0.45479724815566447,1.0226792171478776,-0.6086956521739131,1.429553264604811,-0.2826122010212308,0.2333333333333333,-0.8181818181818182,-0.3333333333333333,0.9766920553539233,0.0,0.0,0.0,1.0,0.0,0.0,0.0,0.0,0.0,0.0,0.0,0.0,0.0,0.0,0.0,0.0,0.0,0.0,0.0,0.0,1.0,0.0,0.0,0.0,0.0,0.0,0.0,0.0,0.0,0.0,0.0,0.0,0.0,0.0,-0.51,0
-0.09702214297770469,0.05062966652659518,0.056614229796916875,-0.11081754682349616,-0.43478260869565216,0.19243986254295534,-0.00768610588551465,-0.3999999999999999,1.0909090909090908,0.3333333333333333,-0.14947382784648267,-1.0,0.0,0.0,0.0,1.0,0.0,0.0,0.0,0.0,0.0,0.0,0.0,0.0,0.0,0.0,0.0,0.0,0.0,0.0,0.0,0.0,0.0,0.0,0.0,1.0,0.0,0.0,0.0,0.0,0.0,0.0,0.0,0.0,0.0,0.93,0
0.8649983574561809,-0.9161885829134812,-0.2092842856030388,0.8502743444669378,-0.6521739130434783,2.3642611683848798,3.3978500403117433,-0.2666666666666666,-0.09090909090909091,0.6666666666666666,-0.1478487027300352,-1.0,0.0,0.0,1.0,0.0,0.0,0.0,0.0,0.0,0.0,0.0,0.0,0.0,0.0,0.0,0.0,0.0,0.0,0.0,1.0,0.0,0.0,0.0,0.0,0.0,0.0,0.0,0.0,0.0,0.0,0.0,0.0,0.0,0.0,2.1,0
-0.09896229878838336,0.1296219510171175,-0.4025038734603399,-0.11275582986075192,0.21739130434782608,-0.48109965635738833,0.20623488309594193,-0.13333333333333325,-1.0,0.6666666666666666,2.091678188302019,0.0,0.0,0.0,0.0,1.0,0.0,0.0,0.0,0.0,0.0,0.0,0.0,0.0,0.0,0.0,0.0,0.0,0.0,0.0,0.0,0.0,1.0,0.0,0.0,0.0,0.0,0.0,0.0,0.0,0.0,0.0,0.0,0.0,0.0,1.11,0
0.9318750120775262,-0.7542957307330085,0.18070020365022954,0.917086445086641,0.0,1.6494845360824741,4.472829884439666,1.3999999999999997,0.5454545454545454,0.3333333333333333,-0.1476248628769789,-1.0,0.0,0.0,1.0,0.0,0.0,0.0,0.0,0.0,0.0,0.0,0.0,0.0,0.0,0.0,0.0,0.0,0.0,0.0,1.0,0.0,0.0,0.0,0.0,0.0,0.0,0.0,0.0,0.0,0.0,0.0,0.0,0.0,0.0,2.2,0
1.1883901138186224,-0.6752945596101191,-0.40427653022967297,1.1733539405981372,-0.43478260869565216,-0.09621993127147767,2.322870196183821,0.3999999999999999,0.36363636363636365,0.6666666666666666,-0.14964578167103146,-1.0,0.0,0.0,1.0,0.0,0.0,0.0,0.0,0.0,0.0,0.0,0.0,0.0,0.0,0.0,0.0,0.0,0.0,0.0,1.0,0.0,0.0,0.0,0.0,0.0,0.0,0.0,0.0,0.0,0.0,0.0,0.0,0.0,0.0,1.5,0
-0.1871031324276807,0.1328111105214085,0.8764679856134469,-0.20081158383283634,3.347826086956522,-0.852233676975945,-0.08309594195108842,0.0,-0.5454545454545454,-1.0,0.4544366873403821,0.0,0.0,0.0,0.0,1.0,0.0,0.0,0.0,0.0,0.0,0.0,0.0,0.0,0.0,0.0,0.0,0.0,0.0,0.0,0.0,0.0,1.0,0.0,0.0,0.0,0.0,0.0,0.0,0.0,0.0,0.0,0.0,0.0,0.0,1.51,0
1.0335349475352162,-0.7778769848269761,5.605029917809325,1.0186482512991162,1.434782608695652,-0.5773195876288659,1.7853802741198601,1.7333333333333332,0.6363636363636364,-0.6666666666666666,-0.12246183618039384,-1.0,0.0,-1.0,1.0,0.0,0.0,0.0,0.0,0.0,0.0,0.0,0.0,0.0,0.0,0.0,0.0,0.0,0.0,0.0,1.0,0.0,0.0,0.0,0.0,0.0,0.0,0.0,0.0,0.0,0.0,0.0,0.0,0.0,0.0,2.1,0
0.03444322435201038,-0.015504574662154337,-0.4849324145022287,0.020520920983709213,-0.08695652173913043,0.46735395189003437,-0.3175920451491534,-0.5333333333333332,0.5454545454545454,0.0,-0.14953082174061014,-1.0,0.0,0.0,0.0,1.0,0.0,0.0,0.0,0.0,0.0,0.0,0.0,0.0,0.0,0.0,0.0,0.0,0.0,0.0,0.0,0.0,0.0,0.0,0.0,1.0,0.0,0.0,0.0,0.0,0.0,0.0,0.0,0.0,0.0,1.09,0
-0.2836383311754824,0.502391910281443,0.03350764880866074,-0.2972536000879763,-0.13043478260869565,-0.24742268041237114,0.17291050792797635,0.06666666666666672,-0.6363636363636364,0.0,1.472246121746958,0.0,0.0,0.0,0.0,0.0,0.0,0.0,0.0,0.0,0.0,1.0,0.0,0.0,0.0,0.0,0.0,0.0,0.0,0.0,0.0,0.0,0.0,0.0,0.0,0.0,0.0,0.0,0.0,0.0,0.0,1.0,0.0,0.0,0.0,0.9,0
-0.15077392815320176,0.686300108273994,1.3196321779467064,-0.16451744703482843,0.2608695652173913,0.0,0.4624552835259339,-0.13333333333333325,-0.9090909090909091,0.0,1.9621581551150622,0.0,0.0,0.0,0.0,0.0,0.0,0.0,0.0,0.0,0.0,0.0,1.0,0.0,0.0,0.0,0.0,0.0,0.0,0.0,0.0,0.0,0.0,0.0,0.0,0.0,0.0,0.0,1.0,0.0,0.0,0.0,0.0,0.0,0.0,0.78,0
1.099159404046453,-0.8084188111170308,3.6019277684629927,1.0842093625174793,-0.6086956521739131,3.2439862542955327,1.7853802741198601,2.066666666666667,-0.2727272727272727,1.0,-0.14820986178333959,-1.0,0.0,0.0,1.0,0.0,0.0,0.0,0.0,0.0,0.0,0.0,0.0,0.0,0.0,0.0,0.0,0.0,0.0,0.0,1.0,0.0,0.0,0.0,0.0,0.0,0.0,0.0,0.0,0.0,0.0,0.0,0.0,0.0,0.0,1.6,0
1.1890394017275672,-0.6746858403686363,-0.2092842856030388,1.174002601769202,-0.30434782608695654,0.041237113402061855,2.322870196183821,1.3999999999999997,0.0,1.0,-0.1497998579659103,-1.0,0.0,0.0,1.0,0.0,0.0,0.0,0.0,0.0,0.0,0.0,0.0,0.0,0.0,0.0,0.0,0.0,0.0,0.0,1.0,0.0,0.0,0.0,0.0,0.0,0.0,0.0,0.0,0.0,0.0,0.0,0.0,0.0,0.0,1.5,0
-0.8751319267076698,-0.8804992254306939,2.1341680107902783,-0.8881762448339211,0.043478260869565216,-0.08247422680412371,-0.042246707874227345,-0.09999997999999999,-0.45454545454545453,0.6666666666666666,-0.1475824511153472,-1.0,0.0,0.0,0.0,0.0,1.0,0.0,0.0,0.0,0.0,0.0,0.0,0.0,0.0,0.0,0.0,0.0,0.0,0.0,0.0,0.0,0.0,1.0,0.0,0.0,0.0,0.0,0.0,0.0,0.0,0.0,0.0,0.0,0.0,1.78,0
-0.23336489594001883,0.16869907971492173,-0.4858187416189927,-0.24702869227122295,1.2173913043478262,-0.6323024054982818,0.14689599570008058,0.16666666666666669,-0.5454545454545454,0.0,0.2927201459290845,0.0,0.0,0.0,0.0,1.0,0.0,0.0,0.0,0.0,0.0,0.0,0.0,0.0,0.0,0.0,0.0,0.0,0.0,0.0,0.0,0.0,1.0,0.0,0.0,0.0,0.0,0.0,0.0,0.0,0.0,0.0,0.0,0.0,0.0,1.16,0
1.230547450192272,-0.7622620129802408,0.8986261952301098,1.215470583776577,-0.43478260869565216,-0.013745704467353952,1.7853802741198601,1.3999999999999997,-0.8181818181818182,-0.3333333333333333,-0.14996123356552996,-1.0,0.0,0.0,1.0,0.0,0.0,0.0,0.0,0.0,0.0,0.0,0.0,0.0,0.0,0.0,0.0,0.0,0.0,0.0,1.0,0.0,0.0,0.0,0.0,0.0,0.0,0.0,0.0,0.0,0.0,0.0,0.0,0.0,0.0,1.5,0
0.03422667804797684,-0.015045812496040147,-0.46986483576660715,0.020304583705239906,-0.391304347826087,0.9072164948453608,-0.35191077667293735,-0.46666666666666656,-0.8181818181818182,-1.0,-0.14948406005470852,-1.0,0.0,0.0,0.0,1.0,0.0,0.0,0.0,0.0,0.0,0.0,0.0,0.0,0.0,0.0,0.0,0.0,0.0,0.0,0.0,0.0,0.0,0.0,0.0,1.0,0.0,0.0,0.0,0.0,0.0,0.0,0.0,0.0,0.0,0.36,0
-0.21980714603180979,0.15214015194297958,1.0413250651614194,-0.23348402924684197,0.13043478260869565,0.46735395189003437,-0.25369524321418974,0.3999999999999999,-0.7272727272727273,-0.6666666666666666,-0.1478176600886544,-1.0,0.0,0.0,0.0,1.0,0.0,0.0,0.0,0.0,0.0,0.0,0.0,0.0,0.0,0.0,0.0,0.0,0.0,0.0,0.0,0.0,1.0,0.0,0.0,0.0,0.0,0.0,0.0,0.0,0.0,0.0,0.0,0.0,0.0,0.09,0
0.04799311395962729,-0.01818647567024636,-0.4618878667803107,0.03405773129480727,-0.08695652173913043,-0.3024054982817869,0.07089492072023645,-0.2666666666666666,-0.9090909090909091,-1.0,-0.1200971415531307,-1.0,0.0,0.0,0.0,1.0,0.0,0.0,0.0,0.0,0.0,0.0,0.0,0.0,0.0,0.0,0.0,0.0,0.0,0.0,0.0,0.0,0.0,0.0,0.0,1.0,0.0,0.0,0.0,0.0,0.0,0.0,0.0,0.0,0.0,1.84,0
0.4896867572320224,0.2020683627715662,0.2595834298855496,0.47532502112092734,-0.5652173913043478,0.9621993127147767,1.245740392367643,-0.13333333333333325,-0.6363636363636364,0.0,6.317225403111212,0.0,0.0,0.0,0.0,0.0,0.0,0.0,0.0,1.0,0.0,0.0,0.0,0.0,0.0,0.0,0.0,0.0,0.0,0.0,0.0,0.0,0.0,0.0,1.0,0.0,0.0,0.0,0.0,0.0,0.0,0.0,0.0,0.0,0.0,1.24,0
-2.7358549923670004,-1.5075619726195135,55.88697097697174,-0.8102102208721612,0.7391304347826086,0.7010309278350515,21.37688793335125,1.8333333333333333,-0.8181818181818182,0.0,-0.13548636624779745,0.0,0.0,-1.0,0.0,0.0,0.0,0.0,0.0,0.0,0.0,0.0,0.0,1.0,0.0,0.0,0.0,0.0,0.0,0.0,0.0,0.0,0.0,0.0,0.0,0.0,0.0,0.0,0.0,0.0,0.0,0.0,1.0,0.0,0.0,4.4,0
0.031946572846667284,-0.017066223690651673,-0.2367604604560891,0.018026679420165517,1.7391304347826086,-0.6460481099656358,-0.05106154259607633,-0.3666666666666666,0.9090909090909091,-0.3333333333333333,-0.06183977567209866,-1.0,0.0,0.0,0.0,1.0,0.0,0.0,0.0,0.0,0.0,0.0,0.0,0.0,0.0,0.0,0.0,0.0,0.0,0.0,0.0,0.0,0.0,0.0,0.0,1.0,0.0,0.0,0.0,0.0,0.0,0.0,0.0,0.0,0.0,2.2,0
0.9351214516222518,-0.8647385739811879,-0.2092842856030388,0.9203297509419663,-0.43478260869565216,0.9209621993127147,0.17291050792797635,0.3999999999999999,0.9090909090909091,1.0,1.004495947437954,-1.0,0.0,0.0,1.0,0.0,0.0,0.0,0.0,0.0,0.0,0.0,0.0,0.0,0.0,0.0,0.0,0.0,0.0,0.0,1.0,0.0,0.0,0.0,0.0,0.0,0.0,0.0,0.0,0.0,0.0,0.0,0.0,0.0,0.0,0.9,0
-0.14161433086629777,0.6454188770731626,0.1629736359568991,-0.1553666912287319,0.34782608695652173,0.09621993127147767,-0.0695553407148616,0.13333333333333333,-0.8181818181818182,0.3333333333333333,4.822776905396898,0.0,0.0,0.0,0.0,0.0,0.0,0.0,0.0,0.0,0.0,0.0,1.0,0.0,0.0,0.0,0.0,0.0,0.0,0.0,0.0,0.0,0.0,0.0,0.0,0.0,0.0,0.0,1.0,0.0,0.0,0.0,0.0,0.0,0.0,0.72,0
-0.0951206786604595,0.0927503268174309,-0.5514070420843151,-0.10891791793195152,-0.4782608695652174,2.611683848797251,1.7095941951088416,-0.033333333333333263,0.9090909090909091,1.0,0.9735715119538044,-1.0,0.0,0.0,0.0,1.0,0.0,0.0,0.0,0.0,0.0,0.0,0.0,0.0,0.0,0.0,0.0,0.0,0.0,0.0,0.0,0.0,1.0,0.0,0.0,0.0,0.0,0.0,0.0,0.0,0.0,0.0,0.0,0.0,0.0,1.76,0
-0.426991825929004,0.6169634579501151,0.14581431842975529,-0.4404687200709874,-0.17391304347826086,0.027491408934707903,0.17291050792797635,0.3999999999999999,-0.18181818181818182,0.3333333333333333,0.3341576892941943,0.0,0.0,0.0,0.0,0.0,0.0,0.0,0.0,0.0,0.0,0.0,0.0,0.0,0.0,0.0,0.0,1.0,0.0,0.0,0.0,0.0,0.0,0.0,0.0,0.0,0.0,0.0,0.0,0.0,0.0,1.0,0.0,0.0,0.0,1.7,0
-0.29945312952907366,0.47423202884936455,-0.07090183490505518,-0.3130531328974899,0.21739130434782608,-0.17869415807560138,0.17291050792797635,0.06666666666666672,0.7272727272727273,-1.0,-0.13127400833291436,0.0,0.0,0.0,0.0,0.0,0.0,0.0,0.0,0.0,0.0,1.0,0.0,0.0,0.0,0.0,0.0,0.0,0.0,0.0,0.0,0.0,0.0,0.0,0.0,0.0,0.0,0.0,0.0,0.0,0.0,1.0,0.0,0.0,0.0,2.1,0
-0.1712187675124166,0.09312526258212146,-0.4840460848496596,-0.18494255161213705,1.608695652173913,-0.8247422680412371,0.12389142703574307,0.33333333333333337,-1.0,0.6666666666666666,2.178615313405021,0.0,0.0,0.0,0.0,1.0,0.0,0.0,0.0,0.0,0.0,0.0,0.0,0.0,0.0,0.0,0.0,0.0,0.0,0.0,0.0,0.0,1.0,0.0,0.0,0.0,0.0,0.0,0.0,0.0,0.0,0.0,0.0,0.0,0.0,1.83,0
-0.427223714467913,0.6166458653023849,0.07357855507943403,-0.4407003847749394,-0.34782608695652173,0.013745704467353952,0.17291050792797635,0.06666666666666672,0.2727272727272727,-0.6666666666666666,0.3423804137541689,0.0,0.0,0.0,0.0,0.0,0.0,0.0,0.0,0.0,0.0,0.0,0.0,0.0,0.0,0.0,0.0,1.0,0.0,0.0,0.0,0.0,0.0,0.0,0.0,0.0,0.0,0.0,0.0,0.0,0.0,1.0,0.0,0.0,0.0,1.7,0
0.01822643915824198,0.2485515755740699,-0.3315976026870184,0.004319789359694819,-0.34782608695652173,-0.24742268041237114,-0.2539639881752217,-0.33333333333333326,0.9090909090909091,1.0,0.9260511926687038,0.0,0.0,0.0,0.0,0.0,0.0,0.0,0.0,0.0,0.0,0.0,0.0,0.0,0.0,0.0,0.0,0.0,1.0,0.0,0.0,0.0,0.0,0.0,0.0,0.0,0.0,0.0,0.0,0.0,0.0,0.0,0.0,1.0,0.0,1.31,0
0.03525474224139494,-0.014865094125158103,-0.5797695510275952,0.021331655539545455,-0.4782608695652174,0.7285223367697594,-0.29024455791453907,-0.5333333333333332,0.5454545454545454,0.6666666666666666,-0.14953960397407934,-1.0,0.0,0.0,0.0,1.0,0.0,0.0,0.0,0.0,0.0,0.0,0.0,0.0,0.0,0.0,0.0,0.0,0.0,0.0,0.0,0.0,0.0,0.0,0.0,1.0,0.0,0.0,0.0,0.0,0.0,0.0,0.0,0.0,0.0,0.62,0
0.983586156254225,-0.8583073228646514,-0.6524484779362982,0.9687476740678952,0.6956521739130435,-0.35738831615120276,1.2478903520558988,1.3999999999999997,0.09090909090909091,1.0,-0.14958208164365452,-1.0,0.0,0.0,1.0,0.0,0.0,0.0,0.0,0.0,0.0,0.0,0.0,0.0,0.0,0.0,0.0,0.0,0.0,0.0,1.0,0.0,0.0,0.0,0.0,0.0,0.0,0.0,0.0,0.0,0.0,0.0,0.0,0.0,0.0,2.1,0
-0.8787493468699283,-0.8789068845671599,1.7778639595814414,-0.8917901732104673,0.21739130434782608,1.0446735395189004,-0.18398280032249395,0.09999997666666666,-0.09090909090909091,-0.6666666666666666,-0.1477096534462706,-1.0,0.0,0.0,0.0,0.0,1.0,0.0,0.0,0.0,0.0,0.0,0.0,0.0,0.0,0.0,0.0,0.0,0.0,0.0,0.0,0.0,0.0,1.0,0.0,0.0,0.0,0.0,0.0,0.0,0.0,0.0,0.0,0.0,0.0,1.76,0
0.03407222958112779,-0.013453471632505808,-0.40959449969240375,0.020150284322800638,0.21739130434782608,-0.7010309278350515,-0.29637194302606823,-0.5333333333333332,1.0,0.0,-0.07506652778709591,-1.0,0.0,0.0,0.0,1.0,0.0,0.0,0.0,0.0,0.0,0.0,0.0,0.0,0.0,0.0,0.0,0.0,0.0,0.0,0.0,0.0,0.0,0.0,0.0,1.0,0.0,0.0,0.0,0.0,0.0,0.0,0.0,0.0,0.0,1.32,0
-0.9339697385456723,1.467555966733542,0.7665632659147986,-0.9469572623208378,-0.5217391304347826,1.70446735395189,-0.10287557108304221,0.13333333333333333,-0.6363636363636364,1.0,-0.10913933630050075,0.0,0.0,0.0,0.0,0.0,0.0,0.0,0.0,0.0,0.0,0.0,0.0,0.0,0.0,1.0,0.0,0.0,0.0,0.0,0.0,0.0,0.0,0.0,0.0,0.0,0.0,0.0,0.0,1.0,0.0,0.0,0.0,0.0,0.0,1.88,0
0.031938788502403934,-0.01714113599858406,-0.19510304497267228,0.018018902589893037,-0.17391304347826086,0.46735395189003437,-0.03972050524052674,-0.4333333333333333,-0.36363636363636365,0.0,-0.08034525975055817,-1.0,0.0,0.0,0.0,1.0,0.0,0.0,0.0,0.0,0.0,0.0,0.0,0.0,0.0,0.0,0.0,0.0,0.0,0.0,0.0,0.0,0.0,0.0,0.0,1.0,0.0,0.0,0.0,0.0,0.0,0.0,0.0,0.0,0.0,1.27,0
0.0314285601193659,-0.01098782690961177,-0.4937957004620656,0.017509166714802106,2.0434782608695654,-0.7972508591065293,-0.3538457403923676,-0.29999999999999993,0.8181818181818182,-0.3333333333333333,0.044426649848936725,-1.0,0.0,0.0,0.0,1.0,0.0,0.0,0.0,0.0,0.0,0.0,0.0,0.0,0.0,0.0,0.0,0.0,0.0,0.0,0.0,0.0,0.0,0.0,0.0,1.0,0.0,0.0,0.0,0.0,0.0,0.0,0.0,0.0,0.0,2.63,0
-0.20636534039305016,0.14801585853149218,0.6743851139094806,-0.22005519857443184,0.043478260869565216,-0.32989690721649484,-0.18376780435366835,-0.13333333333333325,-0.7272727272727273,-0.6666666666666666,-0.14761799197387077,-1.0,0.0,0.0,0.0,1.0,0.0,0.0,0.0,0.0,0.0,0.0,0.0,0.0,0.0,0.0,0.0,0.0,0.0,0.0,0.0,0.0,1.0,0.0,0.0,0.0,0.0,0.0,0.0,0.0,0.0,0.0,0.0,0.0,0.0,0.22,0
1.0104852267676652,-0.8203285354069141,11.694105920468312,0.9956207797263058,0.5217391304347826,0.06872852233676977,0.17291050792797635,1.3999999999999997,0.45454545454545453,-1.0,-0.14925811114746076,-1.0,0.0,-1.0,1.0,0.0,0.0,0.0,0.0,0.0,0.0,0.0,0.0,0.0,0.0,0.0,0.0,0.0,0.0,0.0,1.0,0.0,0.0,0.0,0.0,0.0,0.0,0.0,0.0,0.0,0.0,0.0,0.0,0.0,0.0,1.8,0
-0.06053063827320287,0.2482075168723624,0.9198980764621062,-0.0743612662591365,-0.13043478260869565,1.0309278350515463,0.9377586670249931,0.0,1.0,0.3333333333333333,3.5881794713010606,0.0,0.0,0.0,0.0,0.0,0.0,0.0,0.0,0.0,0.0,0.0,0.0,1.0,0.0,0.0,0.0,0.0,0.0,0.0,0.0,0.0,0.0,0.0,0.0,0.0,0.0,0.0,0.0,0.0,0.0,0.0,0.0,1.0,0.0,2.44,0
1.0908114166457303,-0.7275914822696932,1.3329271037167039,1.075869433175214,0.4782608695652174,-0.06872852233676977,1.7853802741198601,1.7333333333333332,0.8181818181818182,-1.0,-0.1494343984192936,-1.0,0.0,0.0,1.0,0.0,0.0,0.0,0.0,0.0,0.0,0.0,0.0,0.0,0.0,0.0,0.0,0.0,0.0,0.0,1.0,0.0,0.0,0.0,0.0,0.0,0.0,0.0,0.0,0.0,0.0,0.0,0.0,0.0,0.0,1.9,0
0.03282001165632456,-0.012615503767456208,-0.5930644746844214,0.01889927512589255,-0.5217391304347826,-0.21993127147766323,-0.34016124697661915,-0.46666666666666656,0.36363636363636365,-0.6666666666666666,-0.14955283499373367,-1.0,0.0,0.0,0.0,1.0,0.0,0.0,0.0,0.0,0.0,0.0,0.0,0.0,0.0,0.0,0.0,0.0,0.0,0.0,0.0,0.0,0.0,0.0,0.0,1.0,0.0,0.0,0.0,0.0,0.0,0.0,0.0,0.0,0.0,0.75,0
-2.1933007401109186,6.225017078175507,3.9070019984652085,-1.352240762002299,-0.13043478260869565,-0.08247422680412371,38.522816447191616,1.2666666666666666,-0.8181818181818182,-1.0,-0.07018312814563427,0.0,0.0,0.0,0.0,0.0,0.0,1.0,0.0,0.0,0.0,0.0,0.0,0.0,0.0,0.0,0.0,0.0,0.0,0.0,0.0,0.0,0.0,0.0,0.0,0.0,0.0,0.0,0.0,0.0,0.0,0.0,1.0,0.0,0.0,4.2,0
-0.13581711723898296,0.10832118857419502,0.009638825409591352,-0.14957507347549504,0.13043478260869565,-0.6048109965635738,0.4126310131685031,-0.19999999999999996,-1.0,0.0,0.6163546599039516,0.0,0.0,0.0,0.0,1.0,0.0,0.0,0.0,0.0,0.0,0.0,0.0,0.0,0.0,0.0,0.0,0.0,0.0,0.0,0.0,0.0,1.0,0.0,0.0,0.0,0.0,0.0,0.0,0.0,0.0,0.0,0.0,0.0,0.0,0.98,0
-0.12499565208989494,0.11799894231198256,-0.03379126543906801,-0.13876405395774075,0.08695652173913043,0.041237113402061855,0.31749529696318196,-0.09999999999999998,0.0,-1.0,-0.0356523912409052,0.0,0.0,0.0,0.0,1.0,0.0,0.0,0.0,0.0,0.0,0.0,0.0,0.0,0.0,0.0,0.0,0.0,0.0,0.0,0.0,0.0,1.0,0.0,0.0,0.0,0.0,0.0,0.0,0.0,0.0,0.0,0.0,0.0,0.0,0.76,0
0.03265760192829578,-0.011843563731780037,-0.4920230453832701,0.018737022167036946,-0.6086956521739131,0.17869415807560138,-0.3099166890620801,-0.5333333333333332,1.0909090909090908,-0.6666666666666666,-0.14956161722720285,-1.0,0.0,0.0,0.0,1.0,0.0,0.0,0.0,0.0,0.0,0.0,0.0,0.0,0.0,0.0,0.0,0.0,0.0,0.0,0.0,0.0,0.0,0.0,0.0,1.0,0.0,0.0,0.0,0.0,0.0,0.0,0.0,0.0,0.0,0.25,0
0.03443544000774703,-0.01400047282440455,-0.47341014592419894,0.020513144153436736,-0.4782608695652174,-0.39862542955326463,-0.31810266057511416,-0.5666666666666665,-0.36363636363636365,0.6666666666666666,-0.1494963518861682,-1.0,0.0,0.0,0.0,1.0,0.0,0.0,0.0,0.0,0.0,0.0,0.0,0.0,0.0,0.0,0.0,0.0,0.0,0.0,0.0,0.0,0.0,0.0,0.0,1.0,0.0,0.0,0.0,0.0,0.0,0.0,0.0,0.0,0.0,0.7,0
0.8445457883244102,-0.8999648918252632,5.0111899000827576,0.8298415175783878,2.217391304347826,0.35738831615120276,2.8603601182477827,1.7333333333333332,-0.09090909090909091,0.6666666666666666,-0.018139266590492767,-1.0,0.0,0.0,1.0,0.0,0.0,0.0,0.0,0.0,0.0,0.0,0.0,0.0,0.0,0.0,0.0,0.0,0.0,0.0,1.0,0.0,0.0,0.0,0.0,0.0,0.0,0.0,0.0,0.0,0.0,0.0,0.0,0.0,0.0,3.2,0
1.090162128736785,-0.7353989681930612,0.5086417059768414,1.075220772004149,1.7391304347826086,-0.7010309278350515,1.7853802741198601,2.066666666666667,1.0,1.0,-0.1483809423276372,-1.0,0.0,0.0,1.0,0.0,0.0,0.0,0.0,0.0,0.0,0.0,0.0,0.0,0.0,0.0,0.0,0.0,0.0,0.0,1.0,0.0,0.0,0.0,0.0,0.0,0.0,0.0,0.0,0.0,0.0,0.0,0.0,0.0,0.0,2.4,0
0.019038049044423275,0.24822516090835628,-0.2961444673003577,0.005130615823526088,0.08695652173913043,-0.5498281786941581,-0.3277936038699274,-0.29999999999999993,-0.36363636363636365,0.0,0.1957433956111085,0.0,0.0,0.0,0.0,0.0,0.0,0.0,0.0,0.0,0.0,0.0,0.0,0.0,0.0,0.0,0.0,0.0,1.0,0.0,0.0,0.0,0.0,0.0,0.0,0.0,0.0,0.0,0.0,0.0,0.0,0.0,0.0,1.0,0.0,1.71,0
0.9338074165684358,-0.8624272052671604,0.07699978264424685,0.9190169842862409,-0.6521739130434783,1.5532646048109966,0.08911582907820476,0.30000000000000004,-0.2727272727272727,0.3333333333333333,0.8473290972732745,0.0,0.0,0.0,1.0,0.0,0.0,0.0,0.0,0.0,0.0,0.0,0.0,0.0,0.0,0.0,0.0,0.0,0.0,0.0,0.0,1.0,0.0,0.0,0.0,0.0,0.0,0.0,0.0,0.0,0.0,0.0,0.0,0.0,0.0,-0.16,0
-0.30320972385939904,0.48248943769034985,-0.10271216063073657,-0.3168061011015094,0.6521739130434783,-0.2611683848797251,-0.36457941413598494,0.06666666666666672,-0.7272727272727273,1.0,1.590815764324926,0.0,0.0,0.0,0.0,0.0,0.0,0.0,0.0,0.0,0.0,0.0,0.0,0.0,0.0,0.0,0.0,1.0,0.0,0.0,0.0,0.0,0.0,0.0,0.0,0.0,0.0,0.0,0.0,0.0,0.0,1.0,0.0,0.0,0.0,1.6,0
-0.26921486405534484,0.5426203123272691,0.08111234634909952,-0.2828440555021735,1.6521739130434783,-0.9072164948453608,-0.36457941413598494,-0.2666666666666666,0.09090909090909091,-0.6666666666666666,0.167033928383613,0.0,0.0,0.0,0.0,0.0,0.0,0.0,0.0,0.0,0.0,0.0,0.0,0.0,0.0,0.0,0.0,1.0,0.0,0.0,0.0,0.0,0.0,0.0,0.0,0.0,0.0,0.0,0.0,0.0,0.0,1.0,0.0,0.0,0.0,1.7,0
0.03475229820261992,-0.013069823694303895,-0.5239308579333095,0.020829696494726668,-0.5652173913043478,-0.06872852233676977,-0.33776404192421394,-0.5333333333333332,-0.2727272727272727,0.6666666666666666,-0.14956563761175537,-1.0,0.0,0.0,0.0,1.0,0.0,0.0,0.0,0.0,0.0,0.0,0.0,0.0,0.0,0.0,0.0,0.0,0.0,0.0,0.0,0.0,0.0,0.0,0.0,1.0,0.0,0.0,0.0,0.0,0.0,0.0,0.0,0.0,0.0,0.7,0
0.010875591345968346,-0.013638834162660573,-0.2686682941378449,-0.003023962902652883,-0.6086956521739131,1.745704467353952,2.1309862940069872,-0.033333333333333263,0.9090909090909091,-0.6666666666666666,-0.012429463722675844,-1.0,0.0,0.0,0.0,1.0,0.0,0.0,0.0,0.0,0.0,0.0,0.0,0.0,0.0,0.0,0.0,0.0,0.0,0.0,0.0,0.0,0.0,0.0,0.0,1.0,0.0,0.0,0.0,0.0,0.0,0.0,0.0,0.0,0.0,2.23,0
-0.20314981932018086,0.14455321646941613,0.739973414374803,-0.2168427813463017,0.391304347826087,-0.3436426116838488,0.09868314969094329,-0.2666666666666666,1.0909090909090908,-0.6666666666666666,0.7930425696482297,0.0,0.0,0.0,0.0,1.0,0.0,0.0,0.0,0.0,0.0,0.0,0.0,0.0,0.0,0.0,0.0,0.0,0.0,0.0,0.0,0.0,1.0,0.0,0.0,0.0,0.0,0.0,0.0,0.0,0.0,0.0,0.0,0.0,0.0,0.77,0
-0.12382841703085533,0.045574600140733314,-0.5576113361280031,-0.13759794559521943,-0.4782608695652174,0.027491408934707903,-0.05374899220639613,-0.2666666666666666,0.7272727272727273,0.3333333333333333,-0.10584125337762253,-1.0,0.0,0.0,0.0,1.0,0.0,0.0,0.0,0.0,0.0,0.0,0.0,0.0,0.0,0.0,0.0,0.0,0.0,0.0,0.0,0.0,0.0,0.0,0.0,1.0,0.0,0.0,0.0,0.0,0.0,0.0,0.0,0.0,0.0,1.97,0
-1.5999999999999994,6.489876113355511,50.31515621960414,-1.6123446250112372,1.4782608695652173,-0.10996563573883161,23.00548239720505,1.6666666666666665,1.0909090909090908,0.6666666666666666,-0.12625220201013712,0.0,0.0,-1.0,0.0,0.0,0.0,0.0,0.0,0.0,0.0,0.0,0.0,1.0,0.0,0.0,0.0,0.0,0.0,0.0,0.0,0.0,0.0,0.0,0.0,0.0,0.0,0.0,0.0,0.0,0.0,0.0,1.0,0.0,0.0,4.5,1
-0.7081752304392359,7.064750565011958,0.23387990673022066,-0.7213807067888779,3.4782608695652173,-0.06872852233676977,67.36452566514377,1.6999999999999997,0.0,1.0,1.648935909867625,0.0,0.0,0.0,0.0,0.0,0.0,0.0,0.0,0.0,0.0,0.0,0.0,1.0,0.0,0.0,0.0,0.0,0.0,0.0,0.0,0.0,0.0,0.0,0.0,0.0,0.0,0.0,0.0,0.0,0.0,0.0,1.0,0.0,0.0,5.1,1
-0.07227199731139089,0.033360461307886224,1.5979392366347984,-0.08609129172038463,-0.6956521739130435,1.2233676975945018,-0.09954313356624563,-0.5666666666666665,1.0909090909090908,0.3333333333333333,-0.12053244704285417,-1.0,0.0,0.0,0.0,1.0,0.0,0.0,0.0,0.0,0.0,0.0,0.0,0.0,0.0,0.0,0.0,0.0,0.0,0.0,0.0,0.0,0.0,0.0,0.0,1.0,0.0,0.0,0.0,0.0,0.0,0.0,0.0,0.0,0.0,1.5,0
0.03441226389187402,-0.014075587052316828,-0.5035453139613006,0.020489990408763818,-0.13043478260869565,-0.2611683848797251,-0.3143456060198871,-0.5666666666666665,0.18181818181818182,1.0,-0.14951785435272974,-1.0,0.0,0.0,0.0,1.0,0.0,0.0,0.0,0.0,0.0,0.0,0.0,0.0,0.0,0.0,0.0,0.0,0.0,0.0,0.0,0.0,0.0,0.0,0.0,1.0,0.0,0.0,0.0,0.0,0.0,0.0,0.0,0.0,0.0,0.76,0
1.0190805619432224,-0.8151059007553594,-0.5709062665469785,1.004207818086118,-0.6956521739130435,1.745704467353952,-0.3041655468959957,0.16666666666666669,0.9090909090909091,0.3333333333333333,0.1733145929039134,0.0,0.0,0.0,1.0,0.0,0.0,0.0,0.0,0.0,0.0,0.0,0.0,0.0,0.0,0.0,0.0,0.0,0.0,0.0,0.0,1.0,0.0,0.0,0.0,0.0,0.0,0.0,0.0,0.0,0.0,0.0,0.0,0.0,0.0,-0.95,0
1.108991478096193,-0.7584773672614559,5.54298693088267,1.094031945965036,-0.30434782608695654,0.2611683848797251,1.2478903520558988,0.06666666666666672,0.5454545454545454,0.3333333333333333,-0.14990895208936159,-1.0,0.0,0.0,1.0,0.0,0.0,0.0,0.0,0.0,0.0,0.0,0.0,0.0,0.0,0.0,0.0,0.0,0.0,0.0,1.0,0.0,0.0,0.0,0.0,0.0,0.0,0.0,0.0,0.0,0.0,0.0,0.0,0.0,0.0,1.7,0
0.014292033892715075,0.001830658385901344,-0.15876355246221188,0.0003891818559640127,-0.391304347826087,-0.2611683848797251,-0.2456328943832303,-0.09999999999999998,0.36363636363636365,-1.0,-0.12101466251135212,-1.0,0.0,0.0,0.0,1.0,0.0,0.0,0.0,0.0,0.0,0.0,0.0,0.0,0.0,0.0,0.0,0.0,0.0,0.0,0.0,0.0,0.0,0.0,0.0,1.0,0.0,0.0,0.0,0.0,0.0,0.0,0.0,0.0,0.0,1.48,0
-0.23337262555798405,0.15601742885068595,0.5192776465928398,-0.24703641442802293,1.173913043478261,-0.7422680412371134,-0.12297769416823436,0.16666666666666669,1.0909090909090908,0.6666666666666666,0.7238058795710204,0.0,0.0,0.0,0.0,1.0,0.0,0.0,0.0,0.0,0.0,0.0,0.0,0.0,0.0,0.0,0.0,0.0,0.0,0.0,0.0,0.0,1.0,0.0,0.0,0.0,0.0,0.0,0.0,0.0,0.0,0.0,0.0,0.0,0.0,1.05,0
0.03227121538580353,-0.012288999180042063,-0.6001551055654624,0.01835100859172793,-0.43478260869565216,-0.027491408934707903,-0.3090029561945713,-0.46666666666666656,-0.6363636363636364,-0.6666666666666666,-0.14955804172126888,-1.0,0.0,0.0,0.0,1.0,0.0,0.0,0.0,0.0,0.0,0.0,0.0,0.0,0.0,0.0,0.0,0.0,0.0,0.0,0.0,0.0,0.0,0.0,0.0,1.0,0.0,0.0,0.0,0.0,0.0,0.0,0.0,0.0,0.0,0.76,0
1.085949486946607,-0.7695886989230081,0.7169288763734734,1.0710121965490258,-0.5217391304347826,2.2130584192439864,0.8501478097285675,0.19999999999999996,-0.09090909090909091,-0.6666666666666666,0.607465540227414,0.0,0.0,0.0,1.0,0.0,0.0,0.0,0.0,0.0,0.0,0.0,0.0,0.0,0.0,0.0,0.0,0.0,0.0,0.0,0.0,1.0,0.0,0.0,0.0,0.0,0.0,0.0,0.0,0.0,0.0,0.0,0.0,0.0,0.0,0.57,0
-0.42796575779242163,0.6167781955722726,0.05461112764757057,-0.44144171182758507,-0.21739130434782608,-0.013745704467353952,0.17291050792797635,0.3999999999999999,0.9090909090909091,0.0,-0.13869204623391163,0.0,0.0,0.0,0.0,0.0,0.0,0.0,0.0,0.0,0.0,0.0,0.0,0.0,0.0,0.0,0.0,1.0,0.0,0.0,0.0,0.0,0.0,0.0,0.0,0.0,0.0,0.0,0.0,0.0,0.0,1.0,0.0,0.0,0.0,1.8,0
0.03067117880599105,-0.011080508174689153,-0.4831597594234332,0.01675251647858451,-0.4782608695652174,0.6735395189003437,-0.2657887664606288,-0.46666666666666656,0.7272727272727273,1.0,-0.11281751033344906,-1.0,0.0,0.0,0.0,1.0,0.0,0.0,0.0,0.0,0.0,0.0,0.0,0.0,0.0,0.0,0.0,0.0,0.0,0.0,0.0,0.0,0.0,0.0,0.0,1.0,0.0,0.0,0.0,0.0,0.0,0.0,0.0,0.0,0.0,1.1,0
-0.2335735956250369,0.16063575526976295,0.15499668049490042,-0.2472371905047796,1.6521739130434783,-0.5085910652920962,0.2922332706261757,0.09999999999999998,0.6363636363636364,-1.0,-0.11143968829793799,0.0,0.0,0.0,0.0,1.0,0.0,0.0,0.0,0.0,0.0,0.0,0.0,0.0,0.0,0.0,0.0,0.0,0.0,0.0,0.0,0.0,1.0,0.0,0.0,0.0,0.0,0.0,0.0,0.0,0.0,0.0,0.0,0.0,0.0,1.29,0
-0.8665288218129805,-0.8734635497757852,-0.619654327703637,-0.8795814442548505,0.2608695652173913,-0.5085910652920962,-0.3061005106154259,-0.09999999999999998,-1.0,0.0,-0.14026287968191448,0.0,0.0,0.0,0.0,0.0,1.0,0.0,0.0,0.0,0.0,0.0,0.0,0.0,0.0,0.0,0.0,0.0,0.0,0.0,0.0,0.0,0.0,1.0,0.0,0.0,0.0,0.0,0.0,0.0,0.0,0.0,0.0,0.0,0.0,1.76,0
-0.43033102088929315,0.6179956340552383,0.09516951452991049,-0.44380469180789367,0.30434782608695654,-0.054982817869415807,0.7104004299919376,0.7333333333333333,-0.9090909090909091,0.3333333333333333,4.554742859808363,0.0,0.0,0.0,0.0,0.0,0.0,0.0,0.0,0.0,0.0,0.0,0.0,0.0,0.0,0.0,0.0,1.0,0.0,0.0,0.0,0.0,0.0,0.0,0.0,0.0,0.0,0.0,0.0,0.0,0.0,1.0,0.0,0.0,0.0,1.5,0
-0.20972772420723038,0.14502078342302768,-0.17383115021637802,-0.2234143367817334,-0.30434782608695654,-0.20618556701030927,-0.12722386455253964,-0.3666666666666666,-1.0,1.0,0.6892402279332308,0.0,0.0,0.0,0.0,1.0,0.0,0.0,0.0,0.0,0.0,0.0,0.0,0.0,0.0,0.0,0.0,0.0,0.0,0.0,0.0,0.0,1.0,0.0,0.0,0.0,0.0,0.0,0.0,0.0,0.0,0.0,0.0,0.0,0.0,0.23,0
0.3069508589537935,0.2982460029258639,0.323399073581539,0.2927655122500982,-0.08695652173913043,-0.3436426116838488,-0.08234345606019887,-0.2666666666666666,1.0,1.0,0.8896607807536547,0.0,0.0,0.0,0.0,0.0,0.0,0.0,0.0,1.0,0.0,0.0,0.0,0.0,0.0,0.0,0.0,0.0,0.0,0.0,0.0,0.0,0.0,0.0,0.0,0.0,0.0,0.0,0.0,0.0,0.0,0.0,0.0,1.0,0.0,1.37,0
0.9806643606639723,-0.7983881766595521,5.2239087124027215,0.9658286987981025,0.34782608695652173,0.4536082474226804,2.322870196183821,0.7333333333333333,0.6363636363636364,0.0,-0.1483872694902116,-1.0,0.0,0.0,1.0,0.0,0.0,0.0,0.0,0.0,0.0,0.0,0.0,0.0,0.0,0.0,0.0,0.0,0.0,0.0,1.0,0.0,0.0,0.0,0.0,0.0,0.0,0.0,0.0,0.0,0.0,0.0,0.0,0.0,0.0,1.9,0
-0.20028213105567502,0.14619852282502718,0.7630179523761325,-0.21397786117409928,0.13043478260869565,0.16494845360824742,-0.12141897339424884,-0.3666666666666666,0.45454545454545453,0.0,-0.12028568770245149,0.0,0.0,0.0,0.0,1.0,0.0,0.0,0.0,0.0,0.0,0.0,0.0,0.0,0.0,0.0,0.0,0.0,0.0,0.0,0.0,0.0,1.0,0.0,0.0,0.0,0.0,0.0,0.0,0.0,0.0,0.0,0.0,0.0,0.0,1.44229415760942,0
0.3066803223250679,0.21381046871960016,-0.30766673630102237,0.29249523676215605,-0.6086956521739131,1.0584192439862543,3.350550927170115,0.06666666666666672,0.0,0.0,5.94239605370916,0.0,0.0,0.0,0.0,0.0,0.0,0.0,0.0,0.0,0.0,0.0,0.0,1.0,0.0,0.0,0.0,0.0,0.0,0.0,0.0,0.0,0.0,0.0,1.0,0.0,0.0,0.0,0.0,0.0,0.0,0.0,0.0,0.0,0.0,1.57,0
-0.2553401998106236,0.18594612489025292,1.0386660800074197,-0.2689827840490551,0.43478260869565216,-0.4261168384879725,0.32448266595001346,0.16666666666666669,-0.8181818181818182,0.6666666666666666,2.0178790537911264,0.0,0.0,0.0,0.0,0.0,0.0,0.0,0.0,0.0,0.0,0.0,0.0,1.0,0.0,0.0,0.0,0.0,0.0,0.0,0.0,0.0,1.0,0.0,0.0,0.0,0.0,0.0,0.0,0.0,0.0,0.0,0.0,0.0,0.0,2.11,0
0.3022898993217231,0.26219923740848516,-0.5726789233163115,0.28810905170066664,-0.6086956521739131,0.8247422680412371,-0.26998118785272773,-0.23333333333333328,-0.2727272727272727,0.0,2.1906409097270148,0.0,0.0,0.0,0.0,0.0,0.0,0.0,0.0,1.0,0.0,0.0,0.0,0.0,0.0,0.0,0.0,0.0,0.0,0.0,0.0,0.0,0.0,0.0,1.0,0.0,0.0,0.0,0.0,0.0,0.0,0.0,0.0,0.0,0.0,1.01,0
-0.8980409283271175,-0.9142380347353382,0.23387990673022066,-0.9110631330905438,0.5217391304347826,2.1718213058419242,5.300564364418166,1.9333333333333333,-0.6363636363636364,-0.6666666666666666,-0.14294961699802447,0.0,0.0,0.0,0.0,0.0,1.0,0.0,0.0,0.0,0.0,0.0,0.0,0.0,0.0,0.0,0.0,0.0,0.0,0.0,0.0,0.0,0.0,0.0,0.0,0.0,0.0,0.0,0.0,0.0,0.0,0.0,1.0,0.0,0.0,3.3,0
-0.6661616649597096,6.488428420202941,0.23387990673022066,-0.6794076957268881,0.5652173913043478,-0.23367697594501718,3.6612201021230852,1.9666666666666666,0.09090909090909091,-0.3333333333333333,1.2089928736088684,0.0,0.0,0.0,0.0,0.0,0.0,0.0,1.0,0.0,0.0,0.0,0.0,0.0,0.0,0.0,0.0,0.0,0.0,0.0,0.0,0.0,0.0,0.0,0.0,0.0,0.0,0.0,0.0,0.0,0.0,0.0,1.0,0.0,0.0,4.6,1
-0.8661423409148004,-0.8733444525328862,-0.6302902683196353,-0.8791953364149323,-0.34782608695652173,0.12371134020618557,-0.3396506315506584,-0.19999999999999996,-0.45454545454545453,0.0,0.45375091518843497,0.0,0.0,0.0,0.0,0.0,1.0,0.0,0.0,0.0,0.0,0.0,0.0,0.0,0.0,0.0,0.0,0.0,0.0,0.0,0.0,0.0,0.0,1.0,0.0,0.0,0.0,0.0,0.0,0.0,0.0,0.0,0.0,0.0,0.0,1.56,0
-0.8699143944810513,-0.8695245187421135,-0.09849323751972393,-0.882963748932547,1.2608695652173914,0.13745704467353953,-0.11367911851652782,-0.23333333333333328,-0.18181818181818182,-0.6666666666666666,0.1608266853123534,0.0,0.0,0.0,0.0,0.0,1.0,0.0,0.0,0.0,0.0,0.0,0.0,0.0,0.0,0.0,0.0,0.0,0.0,0.0,0.0,0.0,0.0,1.0,0.0,0.0,0.0,0.0,0.0,0.0,0.0,0.0,0.0,0.0,0.0,2.35,0
-0.1813832151345945,0.1207602339436281,-0.0674717440563958,-0.1950971878020265,0.0,-0.5223367697594502,-0.14947594732598762,-0.033333333333333263,-0.7272727272727273,1.0,0.4922767115183817,0.0,0.0,0.0,0.0,1.0,0.0,0.0,0.0,0.0,0.0,0.0,0.0,0.0,0.0,0.0,0.0,0.0,0.0,0.0,0.0,0.0,1.0,0.0,0.0,0.0,0.0,0.0,0.0,0.0,0.0,0.0,0.0,0.0,0.0,0.66,0
0.03347690416194369,-0.01416806639741432,-0.4796144386999836,0.01955553355314566,-0.5652173913043478,0.23367697594501718,-0.3282235958075786,-0.5666666666666665,-0.45454545454545453,0.3333333333333333,-0.1494738113694968,-1.0,0.0,0.0,0.0,1.0,0.0,0.0,0.0,0.0,0.0,0.0,0.0,0.0,0.0,0.0,0.0,0.0,0.0,0.0,0.0,0.0,0.0,0.0,0.0,1.0,0.0,0.0,0.0,0.0,0.0,0.0,0.0,0.0,0.0,0.75,0
0.033600569085572754,-0.013334338851704363,-0.37148237323486233,0.019679079106783393,-0.5217391304347826,-0.06872852233676977,-0.32639613007256113,-0.5666666666666665,0.8181818181818182,0.6666666666666666,-0.1494941934010191,-1.0,0.0,0.0,0.0,1.0,0.0,0.0,0.0,0.0,0.0,0.0,0.0,0.0,0.0,0.0,0.0,0.0,0.0,0.0,0.0,0.0,0.0,0.0,0.0,1.0,0.0,0.0,0.0,0.0,0.0,0.0,0.0,0.0,0.0,0.48,0
0.7349166167462172,-1.1731298569452024,0.38544206050819546,0.7203181677067704,-0.7391304347826086,2.556701030927835,-0.08099973125503895,-0.29999999999999993,-0.36363636363636365,-0.3333333333333333,0.8790945840242187,0.0,0.0,0.0,1.0,0.0,0.0,0.0,0.0,0.0,0.0,0.0,0.0,0.0,0.0,0.0,0.0,0.0,0.0,0.0,0.0,1.0,0.0,0.0,0.0,0.0,0.0,0.0,0.0,0.0,0.0,0.0,0.0,0.0,0.0,-0.01,0
-0.2969023556010751,0.47296165825844366,-0.030006643236541983,-0.31050482115401995,-0.30434782608695654,-0.23367697594501718,-0.36457941413598494,0.06666666666666672,-0.36363636363636365,0.0,-0.01634810288742413,0.0,0.0,0.0,0.0,0.0,0.0,0.0,0.0,0.0,0.0,1.0,0.0,0.0,0.0,0.0,0.0,0.0,0.0,0.0,0.0,0.0,0.0,0.0,0.0,0.0,0.0,0.0,0.0,0.0,0.0,1.0,0.0,0.0,0.0,1.6,0
-0.8618910224922067,-0.8906222810803364,0.6105694702134912,-0.8749481216607711,-0.21739130434782608,1.8969072164948453,-0.23004568664337544,0.4000000399999999,0.0,-0.6666666666666666,-0.14765742140105984,-1.0,0.0,0.0,0.0,0.0,1.0,0.0,0.0,0.0,0.0,0.0,0.0,0.0,0.0,0.0,0.0,0.0,0.0,0.0,0.0,0.0,0.0,1.0,0.0,0.0,0.0,0.0,0.0,0.0,0.0,0.0,0.0,0.0,0.0,1.78,0
-0.8108090977603433,5.708320306372438,2.449700868396518,-0.8239155047579505,2.8260869565217392,-0.35738831615120276,7.907390486428378,2.3666666666666663,0.6363636363636364,0.6666666666666666,-0.1292861753264906,0.0,0.0,0.0,0.0,0.0,0.0,0.0,0.0,0.0,0.0,0.0,0.0,1.0,0.0,0.0,0.0,0.0,0.0,0.0,0.0,0.0,0.0,0.0,0.0,0.0,0.0,0.0,0.0,0.0,0.0,0.0,1.0,0.0,0.0,4.9,1
-0.18808479390906327,0.15790092969209468,0.06902282718224818,-0.20179229774623364,0.8260869565217391,-0.08247422680412371,0.004837409298575641,-0.13333333333333325,0.0,0.3333333333333333,2.8963348909810738,0.0,0.0,0.0,0.0,1.0,0.0,0.0,0.0,0.0,0.0,0.0,0.0,0.0,0.0,0.0,0.0,0.0,0.0,0.0,0.0,0.0,1.0,0.0,0.0,0.0,0.0,0.0,0.0,0.0,0.0,0.0,0.0,0.0,0.0,1.04,0
1.0642833677945447,-0.7930420337560936,2.041989811449919,1.0493669910431265,-0.4782608695652174,0.9896907216494846,0.7104004299919376,1.7333333333333332,-0.9090909090909091,0.0,1.0835097843452133,-1.0,0.0,0.0,1.0,0.0,0.0,0.0,0.0,0.0,0.0,0.0,0.0,0.0,0.0,0.0,0.0,0.0,0.0,0.0,1.0,0.0,0.0,0.0,0.0,0.0,0.0,0.0,0.0,0.0,0.0,0.0,0.0,0.0,0.0,0.8,0
0.034041269120991424,-0.01476797062078789,-0.4618878667803107,0.02011935374785524,-0.34782608695652173,0.5223367697594502,-0.32899220639613,-0.5666666666666665,-0.09090909090909091,0.6666666666666666,-0.14953006379926007,-1.0,0.0,0.0,0.0,1.0,0.0,0.0,0.0,0.0,0.0,0.0,0.0,0.0,0.0,0.0,0.0,0.0,0.0,0.0,0.0,0.0,0.0,0.0,0.0,1.0,0.0,0.0,0.0,0.0,0.0,0.0,0.0,0.0,0.0,0.75,0
0.8831320411988619,-0.8695289297511182,2.263571907616549,0.8683905243159696,1.0,-0.41237113402061853,3.935339962375705,1.3999999999999997,-0.2727272727272727,0.0,-0.14944853567317085,-1.0,0.0,0.0,1.0,0.0,0.0,0.0,0.0,0.0,0.0,0.0,0.0,0.0,0.0,0.0,0.0,0.0,0.0,0.0,1.0,0.0,0.0,0.0,0.0,0.0,0.0,0.0,0.0,0.0,0.0,0.0,0.0,0.0,0.0,2.4,0
-0.17934259599219543,0.12822366116528788,0.26844671373221496,-0.19305853840725037,4.521739130434782,-0.7835051546391752,-0.197151303413061,0.03333333333333336,-0.09090909090909091,0.0,0.010211546085550706,0.0,0.0,0.0,0.0,1.0,0.0,0.0,0.0,0.0,0.0,0.0,0.0,0.0,0.0,0.0,0.0,0.0,0.0,0.0,0.0,0.0,1.0,0.0,0.0,0.0,0.0,0.0,0.0,0.0,0.0,0.0,0.0,0.0,0.0,2.11,0
1.176146398964229,-0.6710335249197388,-0.6435851940896331,1.1611220442294814,0.17391304347826086,-0.3848797250859107,2.8603601182477827,2.066666666666667,-0.09090909090909091,-0.3333333333333333,-0.14910197522934807,-1.0,0.0,0.0,1.0,0.0,0.0,0.0,0.0,0.0,0.0,0.0,0.0,0.0,0.0,0.0,0.0,0.0,0.0,0.0,1.0,0.0,0.0,0.0,0.0,0.0,0.0,0.0,0.0,0.0,0.0,0.0,0.0,0.0,0.0,1.6,0
-0.2623045855958577,0.5343893695402615,0.11140705053700106,-0.2759404473244094,0.391304347826087,-0.3436426116838488,-0.36457941413598494,0.06666666666666672,-0.45454545454545453,0.0,1.3068704536983786,0.0,0.0,0.0,0.0,0.0,0.0,0.0,0.0,0.0,0.0,0.0,0.0,0.0,0.0,0.0,0.0,1.0,0.0,0.0,0.0,0.0,0.0,0.0,0.0,0.0,0.0,0.0,0.0,0.0,0.0,1.0,0.0,0.0,0.0,0.9,0
0.42738603644514894,0.2657853877224389,0.6415909636768193,0.413084437325875,0.08695652173913043,-0.12371134020618557,1.4403117441547968,-0.09999999999999998,-0.18181818181818182,1.0,1.824143642540162,0.0,0.0,0.0,0.0,0.0,0.0,0.0,0.0,1.0,0.0,0.0,0.0,0.0,0.0,0.0,0.0,0.0,0.0,0.0,0.0,0.0,0.0,0.0,1.0,0.0,0.0,0.0,0.0,0.0,0.0,0.0,0.0,0.0,0.0,1.57,0
-0.29931399640572826,0.47825486905394715,-0.18564590758398272,-0.3129141340751188,1.608695652173913,-0.2611683848797251,0.17291050792797635,0.06666666666666672,-0.18181818181818182,0.3333333333333333,0.29163951928772697,0.0,0.0,0.0,0.0,0.0,0.0,0.0,0.0,0.0,0.0,0.0,0.0,0.0,0.0,0.0,0.0,1.0,0.0,0.0,0.0,0.0,0.0,0.0,0.0,0.0,0.0,0.0,0.0,0.0,0.0,1.0,0.0,0.0,0.0,2.7,0
0.7329919418732725,-1.1744266935901009,0.04420563241158564,0.71839535066397,-0.6521739130434783,1.8694158075601375,-0.26546627250739047,0.09999999999999998,0.6363636363636364,0.6666666666666666,1.4502870943839283,0.0,0.0,0.0,1.0,0.0,0.0,0.0,0.0,0.0,0.0,0.0,0.0,0.0,0.0,0.0,0.0,0.0,0.0,0.0,0.0,1.0,0.0,0.0,0.0,0.0,0.0,0.0,0.0,0.0,0.0,0.0,0.0,0.0,0.0,0.29,0
0.0189994009546068,0.24822957191736134,-0.2934854821463581,0.0050920050395358,-0.043478260869565216,-0.563573883161512,-0.3275571083042193,-0.3666666666666666,-0.45454545454545453,1.0,1.9368330443084647,0.0,0.0,0.0,0.0,0.0,0.0,0.0,0.0,0.0,0.0,0.0,0.0,0.0,0.0,0.0,0.0,0.0,1.0,0.0,0.0,0.0,0.0,0.0,0.0,0.0,0.0,0.0,0.0,0.0,0.0,0.0,0.0,1.0,0.0,1.52,0
1.0801290846199922,-0.7934831346557276,-0.9334145758755847,1.0651974124798353,-0.6086956521739131,1.8006872852233677,0.31050792797635035,0.16666666666666669,-0.5454545454545454,0.6666666666666666,1.9545220772600351,0.0,0.0,0.0,1.0,0.0,0.0,0.0,0.0,0.0,0.0,0.0,0.0,0.0,0.0,0.0,0.0,0.0,0.0,0.0,0.0,1.0,0.0,0.0,0.0,0.0,0.0,0.0,0.0,0.0,0.0,0.0,0.0,0.0,0.0,-0.45,0
-0.28518425476820725,0.16056076811683545,0.6734987855248141,-0.2987980314476535,-0.2608695652173913,-0.21993127147766323,0.3389948938457403,0.06666666666666672,1.0,-0.6666666666666666,0.8800564115974469,0.0,0.0,0.0,0.0,0.0,0.0,0.0,0.0,0.0,0.0,0.0,0.0,1.0,0.0,0.0,0.0,0.0,0.0,0.0,0.0,0.0,1.0,0.0,0.0,0.0,0.0,0.0,0.0,0.0,0.0,0.0,0.0,0.0,0.0,2.03,0
0.032418056425305604,-0.011989148028331873,-0.553179698431014,0.018497707890038576,0.043478260869565216,0.013745704467353952,-0.25213652244020424,-0.4999999999999999,-0.09090909090909091,0.3333333333333333,-0.1494794300216788,-1.0,0.0,0.0,0.0,1.0,0.0,0.0,0.0,0.0,0.0,0.0,0.0,0.0,0.0,0.0,0.0,0.0,0.0,0.0,0.0,0.0,0.0,0.0,0.0,1.0,0.0,0.0,0.0,0.0,0.0,0.0,0.0,0.0,0.0,1.45,0
-0.20936443216294112,0.14740272828100434,0.3845557321235288,-0.2230513954122103,1.2173913043478262,-0.7010309278350515,-0.25702768073098625,-0.09999999999999998,-0.45454545454545453,-0.3333333333333333,0.3890881375270739,0.0,0.0,0.0,0.0,1.0,0.0,0.0,0.0,0.0,0.0,0.0,0.0,0.0,0.0,0.0,0.0,0.0,0.0,0.0,0.0,0.0,1.0,0.0,0.0,0.0,0.0,0.0,0.0,0.0,0.0,0.0,0.0,0.0,0.0,0.78,0
1.0174728014067898,-0.8144045503249552,-0.45656990492499755,1.0026016094720551,-0.6956521739130435,0.563573883161512,-0.24353668368718084,-0.06666666666666662,-0.5454545454545454,-0.6666666666666666,0.8178983994202377,0.0,0.0,0.0,1.0,0.0,0.0,0.0,0.0,0.0,0.0,0.0,0.0,0.0,0.0,0.0,0.0,0.0,0.0,0.0,0.0,1.0,0.0,0.0,0.0,0.0,0.0,0.0,0.0,0.0,0.0,0.0,0.0,0.0,0.0,-0.7,0
-1.9088848093682962,1.110502432522857,3.152559277437067,-1.6363821546932773,0.30434782608695654,0.7972508591065293,2.537866165009406,2.5999999999999996,-0.2727272727272727,1.0,-0.13419036892412128,0.0,0.0,0.0,0.0,0.0,0.0,0.0,0.0,0.0,0.0,0.0,0.0,1.0,0.0,0.0,0.0,0.0,0.0,0.0,0.0,0.0,0.0,0.0,0.0,0.0,0.0,0.0,0.0,0.0,0.0,0.0,1.0,0.0,0.0,4.3,0
1.0315870838083807,-0.7865313844776242,7.085198320202411,1.0167022677859208,-0.08695652173913043,0.6185567010309279,1.2478903520558988,0.3999999999999999,-0.2727272727272727,1.0,-0.14964340898506603,-1.0,0.0,-1.0,1.0,0.0,0.0,0.0,0.0,0.0,0.0,0.0,0.0,0.0,0.0,0.0,0.0,0.0,0.0,0.0,1.0,0.0,0.0,0.0,0.0,0.0,0.0,0.0,0.0,0.0,0.0,0.0,0.0,0.0,0.0,1.6,0
-0.8678737333503722,-0.8786552922876778,-0.1046975514272249,-0.8809250575900207,0.30434782608695654,-0.6460481099656358,-0.22316581564095672,0.3000000366666666,1.0909090909090908,-0.6666666666666666,3.8570855284128394,-1.0,0.0,0.0,0.0,0.0,1.0,0.0,0.0,0.0,0.0,0.0,0.0,0.0,0.0,0.0,0.0,0.0,0.0,0.0,0.0,0.0,0.0,1.0,0.0,0.0,0.0,0.0,0.0,0.0,0.0,0.0,0.0,0.0,0.0,1.91,0
1.2382925273918315,-0.7098327600507793,-0.2092842856030388,1.2232081848885676,-0.34782608695652173,0.39862542955326463,0.7104004299919376,1.3999999999999997,0.6363636363636364,-0.3333333333333333,-0.15002929999416267,-1.0,0.0,0.0,1.0,0.0,0.0,0.0,0.0,0.0,0.0,0.0,0.0,0.0,0.0,0.0,0.0,0.0,0.0,0.0,1.0,0.0,0.0,0.0,0.0,0.0,0.0,0.0,0.0,0.0,0.0,0.0,0.0,0.0,0.0,1.2,0
1.0867301783609324,-0.6432706342973238,3.2651229822897156,1.071792134385662,-0.43478260869565216,0.6460481099656358,1.2478903520558988,0.7333333333333333,0.45454545454545453,-0.6666666666666666,-0.15006024377362823,-1.0,0.0,0.0,1.0,0.0,0.0,0.0,0.0,0.0,0.0,0.0,0.0,0.0,0.0,0.0,0.0,0.0,0.0,0.0,1.0,0.0,0.0,0.0,0.0,0.0,0.0,0.0,0.0,0.0,0.0,0.0,0.0,0.0,0.0,1.3,0
-0.19014860190535335,0.14557657055655557,0.9243297183854388,-0.20385411361140507,0.13043478260869565,-0.21993127147766323,-0.09626444504165547,-0.19999999999999996,-0.18181818181818182,1.0,0.31550261066101276,0.0,0.0,0.0,0.0,1.0,0.0,0.0,0.0,0.0,0.0,0.0,0.0,0.0,0.0,0.0,0.0,0.0,0.0,0.0,0.0,0.0,1.0,0.0,0.0,0.0,0.0,0.0,0.0,0.0,0.0,0.0,0.0,0.0,0.0,0.17,0
-0.2443950607741203,0.18043677465395064,0.2383115486535533,-0.2580482100225293,0.0,-0.6185567010309279,-0.2438054286482128,0.13333333333333333,0.8181818181818182,-0.3333333333333333,-0.06243024493776844,0.0,0.0,0.0,0.0,1.0,0.0,0.0,0.0,0.0,0.0,0.0,0.0,0.0,0.0,0.0,0.0,0.0,0.0,0.0,0.0,0.0,1.0,0.0,0.0,0.0,0.0,0.0,0.0,0.0,0.0,0.0,0.0,0.0,0.0,1.48,0
0.034458616123620375,-0.014119605605232323,-0.7162641241680935,0.020536297898109984,-0.6086956521739131,0.4261168384879725,-0.30577801666218757,-0.033333333333333263,0.2727272727272727,0.6666666666666666,-0.14955789342839604,-1.0,0.0,0.0,0.0,1.0,0.0,0.0,0.0,0.0,0.0,0.0,0.0,0.0,0.0,0.0,0.0,0.0,0.0,0.0,0.0,0.0,0.0,0.0,0.0,1.0,0.0,0.0,0.0,0.0,0.0,0.0,0.0,0.0,0.0,0.64,0
0.9328489439409439,-0.8622242988533239,-0.2092842856030388,0.9180594368432387,-0.6521739130434783,1.6357388316151202,0.17291050792797635,2.066666666666667,1.0909090909090908,1.0,0.9433979986237352,-1.0,0.0,0.0,1.0,0.0,0.0,0.0,0.0,0.0,0.0,0.0,0.0,0.0,0.0,0.0,0.0,0.0,0.0,0.0,1.0,0.0,0.0,0.0,0.0,0.0,0.0,0.0,0.0,0.0,0.0,0.0,0.0,0.0,0.0,0.6,0
0.034713730315136915,-0.012888903403441962,-0.4875913971204232,0.02079116583565298,-0.6086956521739131,1.470790378006873,-0.33191077667293734,-0.5666666666666665,-0.2727272727272727,-0.6666666666666666,-0.1495353693887105,-1.0,0.0,0.0,0.0,1.0,0.0,0.0,0.0,0.0,0.0,0.0,0.0,0.0,0.0,0.0,0.0,0.0,0.0,0.0,0.0,0.0,0.0,0.0,0.0,1.0,0.0,0.0,0.0,0.0,0.0,0.0,0.0,0.0,0.0,0.22,0
1.0175346383504977,-0.8063544589067845,7.874030582555614,1.002663386726441,-0.34782608695652173,1.0721649484536082,0.17291050792797635,-0.2666666666666666,-0.2727272727272727,0.6666666666666666,-0.15006925668489962,-1.0,0.0,-1.0,1.0,0.0,0.0,0.0,0.0,0.0,0.0,0.0,0.0,0.0,0.0,0.0,0.0,0.0,0.0,0.0,1.0,0.0,0.0,0.0,0.0,0.0,0.0,0.0,0.0,0.0,0.0,0.0,0.0,0.0,0.0,0.8,0
-2.2148849253125653,6.385157877582669,2.449700868396518,-1.3306774113584638,0.5652173913043478,0.15120274914089346,24.83294813222252,2.1999999999999993,0.9090909090909091,-1.0,0.1289115380987438,0.0,0.0,0.0,0.0,0.0,0.0,1.0,0.0,0.0,0.0,0.0,0.0,0.0,0.0,0.0,0.0,0.0,0.0,0.0,0.0,0.0,0.0,0.0,0.0,0.0,0.0,0.0,0.0,0.0,0.0,0.0,1.0,0.0,0.0,4.5,1
-1.0746379640186283,6.102569232843126,0.23387990673022066,-1.087489705032087,0.30434782608695654,0.23367697594501718,22.091749529696315,1.9333333333333333,0.0,-0.3333333333333333,-0.11633070030687197,0.0,0.0,0.0,0.0,0.0,0.0,0.0,0.0,0.0,0.0,0.0,0.0,1.0,0.0,0.0,0.0,0.0,0.0,0.0,0.0,0.0,0.0,0.0,0.0,0.0,0.0,0.0,0.0,0.0,0.0,0.0,1.0,0.0,0.0,4.4,0
-0.24989081914626296,0.16869907971492173,0.24628850411555198,-0.2635386635061875,-0.17391304347826086,-0.3848797250859107,-0.07546358505778018,-0.06666666666666662,0.5454545454545454,0.6666666666666666,2.985071006355434,0.0,0.0,0.0,0.0,1.0,0.0,0.0,0.0,0.0,0.0,0.0,0.0,0.0,0.0,0.0,0.0,0.0,0.0,0.0,0.0,0.0,1.0,0.0,0.0,0.0,0.0,0.0,0.0,0.0,0.0,0.0,0.0,0.0,0.0,1.19,0
-0.0711434037372728,0.8648136424405671,0.036228676949586903,-0.08496378754333417,0.4782608695652174,-0.6460481099656358,-0.07331362536952431,-0.3666666666666666,-0.9090909090909091,-1.0,0.5953373252374159,0.0,0.0,0.0,0.0,0.0,0.0,0.0,0.0,0.0,0.0,0.0,0.0,1.0,0.0,0.0,0.0,0.0,0.0,0.0,0.0,0.0,0.0,0.0,0.0,0.0,1.0,0.0,0.0,0.0,0.0,0.0,0.0,0.0,0.0,1.85,0
1.0171713463062084,-0.814748609026663,-0.20042100175637365,1.002300445356918,-0.6956521739130435,0.13745704467353953,-0.22268207471109916,-0.13333333333333325,0.9090909090909091,0.3333333333333333,0.16977352387039688,0.0,0.0,0.0,1.0,0.0,0.0,0.0,0.0,0.0,0.0,0.0,0.0,0.0,0.0,0.0,0.0,0.0,0.0,0.0,0.0,1.0,0.0,0.0,0.0,0.0,0.0,0.0,0.0,0.0,0.0,0.0,0.0,0.0,0.0,-0.18,0
-0.01456414616707672,4.192866115803607,0.23387990673022066,-0.028439144210449758,0.17391304347826086,-0.19243986254295534,1.0006449879064767,2.833333333333333,0.45454545454545453,1.0,-0.020790084077404188,0.0,0.0,0.0,0.0,0.0,0.0,0.0,0.0,0.0,0.0,0.0,0.0,1.0,0.0,0.0,0.0,0.0,0.0,0.0,0.0,0.0,0.0,0.0,0.0,0.0,0.0,0.0,0.0,0.0,0.0,0.0,1.0,0.0,0.0,4.3,0
0.9691626891340874,-0.8374256062763898,0.5618214090568325,0.9543381294820924,1.5217391304347827,-0.3436426116838488,0.7104004299919376,2.066666666666667,-0.8181818181818182,-0.3333333333333333,0.9487780970042752,-1.0,0.0,0.0,1.0,0.0,0.0,0.0,0.0,0.0,0.0,0.0,0.0,0.0,0.0,0.0,0.0,0.0,0.0,0.0,1.0,0.0,0.0,0.0,0.0,0.0,0.0,0.0,0.0,0.0,0.0,0.0,0.0,0.0,0.0,2.4,0
0.39142785367832916,-0.0038507702005068237,0.3774651050461966,0.377160963899744,0.043478260869565216,0.4261168384879725,0.16264445041655465,-0.29999999999999993,0.5454545454545454,-0.3333333333333333,-0.0519279459595397,0.0,0.0,0.0,0.0,0.0,0.0,0.0,0.0,0.0,0.0,0.0,0.0,0.0,0.0,0.0,0.0,0.0,0.0,1.0,0.0,0.0,0.0,0.0,0.0,0.0,0.0,0.0,0.0,0.0,0.0,0.0,0.0,0.0,1.0,1.03,0
-0.2985255753734378,0.4762169828976784,0.1926567735593809,-0.31212647408168265,0.7391304347826086,-0.23367697594501718,-0.36457941413598494,0.3999999999999999,0.09090909090909091,0.3333333333333333,0.13658414543144654,0.0,0.0,0.0,0.0,0.0,0.0,0.0,0.0,0.0,0.0,1.0,0.0,0.0,0.0,0.0,0.0,0.0,0.0,0.0,0.0,0.0,0.0,0.0,0.0,0.0,0.0,0.0,0.0,0.0,0.0,1.0,0.0,0.0,0.0,1.7,0
-2.7603609731589,1.448815353912062,14.334921342582202,-0.7857278949585336,0.8260869565217391,0.013745704467353952,8.353507121741467,1.6666666666666665,0.09090909090909091,1.0,-0.0852920134026934,0.0,0.0,-1.0,0.0,0.0,0.0,0.0,0.0,0.0,0.0,0.0,0.0,1.0,0.0,0.0,0.0,0.0,0.0,0.0,0.0,0.0,0.0,0.0,0.0,0.0,0.0,0.0,0.0,0.0,0.0,0.0,1.0,0.0,0.0,4.2,0
1.0223115422520221,-0.8112771449466029,10.453246181935183,1.007435679627848,3.9130434782608696,-0.13745704467353953,0.17291050792797635,1.7333333333333332,0.09090909090909091,-1.0,-0.14491495891873443,-1.0,0.0,-1.0,1.0,0.0,0.0,0.0,0.0,0.0,0.0,0.0,0.0,0.0,0.0,0.0,0.0,0.0,0.0,0.0,1.0,0.0,0.0,0.0,0.0,0.0,0.0,0.0,0.0,0.0,0.0,0.0,0.0,0.0,0.0,2.6,0
-0.2028947419273811,0.14623822190599328,0.7080655925268082,-0.2165879501719548,0.5652173913043478,-0.3711340206185567,-0.1586670249932814,-0.2666666666666666,-0.6363636363636364,-0.3333333333333333,1.8071431993051232,0.0,0.0,0.0,0.0,1.0,0.0,0.0,0.0,0.0,0.0,0.0,0.0,0.0,0.0,0.0,0.0,0.0,0.0,0.0,0.0,0.0,1.0,0.0,0.0,0.0,0.0,0.0,0.0,0.0,0.0,0.0,0.0,0.0,0.0,0.73,0
0.018241898394172396,0.24846776640315898,-0.3147573633783545,0.004335233673294753,-0.043478260869565216,-0.5773195876288659,-0.3353077129803816,-0.29999999999999993,0.9090909090909091,1.0,1.153100433032902,0.0,0.0,0.0,0.0,0.0,0.0,0.0,0.0,0.0,0.0,0.0,0.0,0.0,0.0,0.0,0.0,0.0,1.0,0.0,0.0,0.0,0.0,0.0,0.0,0.0,0.0,0.0,0.0,0.0,0.0,0.0,0.0,1.0,0.0,1.8,0
-0.21632108833020997,0.13903945522410882,0.0521825878735843,-0.23000133653076466,1.1304347826086956,-0.7697594501718213,-0.17452297769416822,0.0,-0.2727272727272727,-0.3333333333333333,1.8037996728552128,0.0,0.0,0.0,0.0,1.0,0.0,0.0,0.0,0.0,0.0,0.0,0.0,0.0,0.0,0.0,0.0,0.0,0.0,0.0,0.0,0.0,1.0,0.0,0.0,0.0,0.0,0.0,0.0,0.0,0.0,0.0,0.0,0.0,0.0,0.8,0
0.6133946549691766,7.462117192641198,0.23387990673022066,0.5989135073851409,0.782608695652174,1.6219931271477663,11.272077398548777,1.2999999999999996,0.8181818181818182,0.3333333333333333,-0.04520747773237313,0.0,0.0,0.0,0.0,0.0,0.0,0.0,0.0,0.0,0.0,0.0,0.0,0.0,0.0,0.0,1.0,0.0,0.0,0.0,0.0,0.0,0.0,0.0,0.0,0.0,0.0,0.0,0.0,0.0,0.0,0.0,1.0,0.0,0.0,5.1,1
-0.21501478289435463,0.1487877851058188,-0.30678040791635586,-0.2286962920318346,0.391304347826087,-0.3436426116838488,-0.00816984681537225,-0.2666666666666666,0.09090909090909091,-1.0,-0.07659237906367118,0.0,0.0,0.0,0.0,1.0,0.0,0.0,0.0,0.0,0.0,0.0,0.0,0.0,0.0,0.0,0.0,0.0,0.0,0.0,0.0,0.0,1.0,0.0,0.0,0.0,0.0,0.0,0.0,0.0,0.0,0.0,0.0,0.0,0.0,0.3,0
-0.25339233608378825,0.17804159676898557,-0.3041214227623563,-0.2670368005358598,0.0,-0.054982817869415807,0.016984681537221154,0.13333333333333333,0.09090909090909091,0.3333333333333333,4.778583668529808,0.0,0.0,0.0,0.0,0.0,0.0,0.0,0.0,0.0,0.0,0.0,0.0,1.0,0.0,0.0,0.0,0.0,0.0,0.0,0.0,0.0,1.0,0.0,0.0,0.0,0.0,0.0,0.0,0.0,0.0,0.0,0.0,0.0,0.0,1.23,0
-0.8774352964833131,-0.8789286919236372,1.9950144814462318,-0.8904773912367429,0.08695652173913043,1.0446735395189004,0.05761891964525661,-0.09999997999999999,0.09090909090909091,-1.0,-0.1476315525332425,-1.0,0.0,0.0,0.0,0.0,1.0,0.0,0.0,0.0,0.0,0.0,0.0,0.0,0.0,0.0,0.0,0.0,0.0,0.0,0.0,0.0,0.0,1.0,0.0,0.0,0.0,0.0,0.0,0.0,0.0,0.0,0.0,0.0,0.0,1.76,0
0.37637055788517676,0.002456972664126041,-0.4875913983883257,0.3621182024564759,-0.08695652173913043,-0.3711340206185567,-0.33036818059661377,-0.33333333333333326,-0.7272727272727273,-0.3333333333333333,0.7302470958416468,0.0,0.0,0.0,0.0,0.0,0.0,0.0,0.0,0.0,0.0,0.0,0.0,0.0,0.0,0.0,0.0,0.0,0.0,1.0,0.0,0.0,0.0,0.0,0.0,0.0,0.0,0.0,0.0,0.0,0.0,0.0,0.0,0.0,1.0,0.52,0
-0.188819107615607,0.12447871452746898,-0.23941945068170042,-0.20252590264207973,0.21739130434782608,-0.28865979381443296,-0.2497178177909164,-0.33333333333333326,0.7272727272727273,0.6666666666666666,0.9648541648549708,0.0,0.0,0.0,0.0,1.0,0.0,0.0,0.0,0.0,0.0,0.0,0.0,0.0,0.0,0.0,0.0,0.0,0.0,0.0,0.0,0.0,1.0,0.0,0.0,0.0,0.0,0.0,0.0,0.0,0.0,0.0,0.0,0.0,0.0,1.74,0
-0.1101625152176861,0.12494187047207586,-0.4831597564649931,-0.12394523506162428,-0.17391304347826086,-0.21993127147766323,0.3045955388336468,-0.13333333333333325,0.7272727272727273,0.6666666666666666,0.9736865377921692,0.0,0.0,0.0,0.0,1.0,0.0,0.0,0.0,0.0,0.0,0.0,0.0,0.0,0.0,0.0,0.0,0.0,0.0,0.0,0.0,0.0,1.0,0.0,0.0,0.0,0.0,0.0,0.0,0.0,0.0,0.0,0.0,0.0,0.0,0.49,0
-0.2059092929331975,0.1475350585508918,0.8241746109181223,-0.21959959132332826,2.5217391304347827,-0.9347079037800687,-0.166621875839828,0.03333333333333336,-0.7272727272727273,0.6666666666666666,1.9493865303037912,0.0,0.0,0.0,0.0,1.0,0.0,0.0,0.0,0.0,0.0,0.0,0.0,0.0,0.0,0.0,0.0,0.0,0.0,0.0,0.0,0.0,1.0,0.0,0.0,0.0,0.0,0.0,0.0,0.0,0.0,0.0,0.0,0.0,0.0,1.52,0
-2.684946182534927,1.4042915113056849,8.696809222041542,-0.8610698899777424,0.4782608695652174,-0.041237113402061855,0.37715667831228167,1.8333333333333333,-1.0,-0.6666666666666666,0.020356146177507948,0.0,0.0,-1.0,0.0,0.0,0.0,0.0,0.0,0.0,0.0,0.0,0.0,1.0,0.0,0.0,0.0,0.0,0.0,0.0,0.0,0.0,0.0,0.0,0.0,0.0,0.0,0.0,0.0,0.0,0.0,0.0,1.0,0.0,0.0,4.4,0
1.20281358093876,-0.6649463325049101,-0.2092842856030388,1.18776348518394,-0.391304347826087,0.48109965635738833,1.7853802741198601,0.7333333333333333,0.09090909090909091,-0.6666666666666666,-0.1499799019905217,-1.0,0.0,0.0,1.0,0.0,0.0,0.0,0.0,0.0,0.0,0.0,0.0,0.0,0.0,0.0,0.0,0.0,0.0,0.0,1.0,0.0,0.0,0.0,0.0,0.0,0.0,0.0,0.0,0.0,0.0,0.0,0.0,0.0,0.0,1.2,0
0.0339793482007187,-0.014088711850189102,-0.4751828010029945,0.02005749259796445,-0.6086956521739131,0.6048109965635738,-0.3304488040849234,-0.5666666666666665,0.18181818181818182,0.6666666666666666,-0.1495410374718501,-1.0,0.0,0.0,0.0,1.0,0.0,0.0,0.0,0.0,0.0,0.0,0.0,0.0,0.0,0.0,0.0,0.0,0.0,0.0,0.0,0.0,0.0,0.0,0.0,1.0,0.0,0.0,0.0,0.0,0.0,0.0,0.0,0.0,0.0,0.75,0
-0.8696593170882515,-0.8790125990930532,-0.10824284975105566,-0.8827089177581999,1.0434782608695652,-0.7010309278350515,-0.0847084117172803,0.13333333333333333,0.9090909090909091,-0.3333333333333333,-0.06964054100090533,0.0,0.0,0.0,0.0,0.0,1.0,0.0,0.0,0.0,0.0,0.0,0.0,0.0,0.0,0.0,0.0,0.0,0.0,0.0,0.0,0.0,0.0,1.0,0.0,0.0,0.0,0.0,0.0,0.0,0.0,0.0,0.0,0.0,0.0,1.64,0
0.40136041276159795,0.0062813174638771145,0.05838688656624987,0.38708393538568153,0.0,0.15120274914089346,-0.26401504971781775,0.13333333333333333,0.45454545454545453,0.3333333333333333,-0.024586200375216426,0.0,0.0,0.0,0.0,0.0,0.0,0.0,0.0,0.0,0.0,0.0,0.0,0.0,0.0,0.0,0.0,0.0,0.0,1.0,0.0,0.0,0.0,0.0,0.0,0.0,0.0,0.0,0.0,0.0,0.0,0.0,0.0,0.0,1.0,0.89,0
-0.07568843985813761,0.031829907954386054,-0.6338355824394235,-0.08950443647900153,1.608695652173913,-0.39862542955326463,-0.2565439398011287,0.4333333333333333,-0.18181818181818182,0.3333333333333333,0.2715920200095528,-1.0,0.0,0.0,0.0,1.0,0.0,0.0,0.0,0.0,0.0,0.0,0.0,0.0,0.0,0.0,0.0,0.0,0.0,0.0,0.0,0.0,0.0,0.0,0.0,1.0,0.0,0.0,0.0,0.0,0.0,0.0,0.0,0.0,0.0,2.33,0
0.7355890935090532,-1.1732313101521339,0.22944826480688799,0.7209899953482305,-0.6956521739130435,2.611683848797251,-0.13270626175759204,-0.2666666666666666,-0.36363636363636365,0.6666666666666666,1.8555827202010036,0.0,0.0,0.0,1.0,0.0,0.0,0.0,0.0,0.0,0.0,0.0,0.0,0.0,0.0,0.0,0.0,0.0,0.0,0.0,0.0,1.0,0.0,0.0,0.0,0.0,0.0,0.0,0.0,0.0,0.0,0.0,0.0,0.0,0.0,0.08,0
-0.21238671278672275,0.15331789134497908,0.505982720822842,-0.22607075872038376,0.5652173913043478,-0.15120274914089346,0.1343187315237839,-0.1666666666666666,-0.2727272727272727,0.3333333333333333,3.0515740326607728,0.0,0.0,0.0,0.0,1.0,0.0,0.0,0.0,0.0,0.0,0.0,0.0,0.0,0.0,0.0,0.0,0.0,0.0,0.0,0.0,0.0,1.0,0.0,0.0,0.0,0.0,0.0,0.0,0.0,0.0,0.0,0.0,0.0,0.0,0.41,0
0.03461324150738119,-0.013197639033711111,-0.5008863207772493,0.0206907740266885,-0.5652173913043478,0.013745704467353952,-0.33334587476484817,-0.5666666666666665,-0.09090909090909091,-1.0,-0.14953907671053146,-1.0,0.0,0.0,0.0,1.0,0.0,0.0,0.0,0.0,0.0,0.0,0.0,0.0,0.0,0.0,0.0,0.0,0.0,0.0,0.0,0.0,0.0,0.0,0.0,1.0,0.0,0.0,0.0,0.0,0.0,0.0,0.0,0.0,0.0,0.69,0
0.0346286332789958,-0.013943127553636891,-0.4672058531484135,0.02070615094109388,-0.5652173913043478,0.19243986254295534,-0.29895189465197525,-0.5666666666666665,-0.36363636363636365,0.0,-0.14953668754758018,-1.0,0.0,0.0,0.0,1.0,0.0,0.0,0.0,0.0,0.0,0.0,0.0,0.0,0.0,0.0,0.0,0.0,0.0,0.0,0.0,0.0,0.0,0.0,0.0,1.0,0.0,0.0,0.0,0.0,0.0,0.0,0.0,0.0,0.0,0.7,0
-0.04296121664186837,0.25094234245005664,0.9580101970027668,-0.056808803856388757,-0.34782608695652173,-0.3024054982817869,0.42230583176565434,-0.23333333333333328,-0.09090909090909091,0.0,0.009652481954950864,0.0,0.0,0.0,0.0,0.0,0.0,0.0,0.0,0.0,0.0,0.0,0.0,0.0,0.0,0.0,0.0,0.0,1.0,0.0,0.0,0.0,0.0,0.0,0.0,0.0,0.0,0.0,0.0,0.0,0.0,0.0,0.0,1.0,0.0,1.54,0
-0.11868055436820112,0.6754402042134395,-0.059494788594397066,-0.13245505200789742,1.0,-0.4261168384879725,-0.27752313018005914,-0.23333333333333328,-0.5454545454545454,1.0,1.890765929269235,0.0,0.0,0.0,0.0,0.0,0.0,0.0,0.0,0.0,0.0,0.0,1.0,0.0,0.0,0.0,0.0,0.0,0.0,0.0,0.0,0.0,0.0,0.0,0.0,0.0,0.0,0.0,1.0,0.0,0.0,0.0,0.0,0.0,0.0,0.65,0
1.2941776652688917,-0.6841606876925876,0.32251274519687256,1.2790393785409546,-0.5217391304347826,1.6632302405498283,0.7104004299919376,1.0666666666666664,0.0,-1.0,-0.14981414351266037,-1.0,0.0,0.0,1.0,0.0,0.0,0.0,0.0,0.0,0.0,0.0,0.0,0.0,0.0,0.0,0.0,0.0,0.0,0.0,1.0,0.0,0.0,0.0,0.0,0.0,0.0,0.0,0.0,0.0,0.0,0.0,0.0,0.0,0.0,1.2,0
1.2746062725849754,-0.6922328341557306,-0.45745623330966406,1.2594868775274217,-0.6521739130434783,0.5910652920962199,1.2478903520558988,0.7333333333333333,0.36363636363636365,-1.0,-0.14984632306606624,-1.0,0.0,0.0,1.0,0.0,0.0,0.0,0.0,0.0,0.0,0.0,0.0,0.0,0.0,0.0,0.0,0.0,0.0,0.0,1.0,0.0,0.0,0.0,0.0,0.0,0.0,0.0,0.0,0.0,0.0,0.0,0.0,0.0,0.0,1.0,0
0.05033681810276418,0.08672400632675026,0.02283625505727584,0.03639917313158386,0.13043478260869565,-0.46735395189003437,0.0707874227358237,-0.11366666666666662,0.0,1.0,-0.14880501051299672,-1.0,0.0,0.0,0.0,0.0,0.0,0.0,0.0,0.0,1.0,0.0,0.0,0.0,0.0,0.0,0.0,0.0,0.0,0.0,0.0,0.0,0.0,0.0,0.0,0.0,0.0,1.0,0.0,0.0,0.0,0.0,0.0,0.0,0.0,1.61,0
-0.29931399640572826,0.4702885868067144,-0.09816529601739729,-0.3129141340751188,0.34782608695652173,-0.15120274914089346,-0.36457941413598494,0.06666666666666672,-0.9090909090909091,-1.0,0.18859945237007378,0.0,0.0,0.0,0.0,0.0,0.0,0.0,0.0,0.0,0.0,1.0,0.0,0.0,0.0,0.0,0.0,0.0,0.0,0.0,0.0,0.0,0.0,0.0,0.0,0.0,0.0,0.0,0.0,0.0,0.0,1.0,0.0,0.0,0.0,1.9,0
1.170070919244814,-0.6075679274816526,-0.049745176363065406,1.1550524289859438,-0.6086956521739131,0.7422680412371134,1.2478903520558988,0.3999999999999999,0.0,0.6666666666666666,-0.15010459981959273,-1.0,0.0,0.0,1.0,0.0,0.0,0.0,0.0,0.0,0.0,0.0,0.0,0.0,0.0,0.0,0.0,0.0,0.0,0.0,1.0,0.0,0.0,0.0,0.0,0.0,0.0,0.0,0.0,0.0,0.0,0.0,0.0,0.0,0.0,0.9,0
0.9446984482791919,-0.8633138180754066,0.07434079749024719,0.9298975032151762,-0.391304347826087,0.13745704467353953,0.13738242407954848,0.16666666666666669,0.18181818181818182,-1.0,0.5073920722308881,0.0,0.0,0.0,1.0,0.0,0.0,0.0,0.0,0.0,0.0,0.0,0.0,0.0,0.0,0.0,0.0,0.0,0.0,0.0,0.0,1.0,0.0,0.0,0.0,0.0,0.0,0.0,0.0,0.0,0.0,0.0,0.0,0.0,0.0,0.19,0
0.451548822199463,-0.03428673227465181,-0.2544870332210312,0.437223899477654,-0.6521739130434783,0.8384879725085911,0.9463585057780166,2.6666666666666665,1.0909090909090908,0.0,0.10132730071335834,0.0,0.0,0.0,0.0,0.0,0.0,0.0,0.0,0.0,0.0,0.0,0.0,0.0,0.0,0.0,0.0,0.0,0.0,1.0,0.0,0.0,0.0,0.0,0.0,0.0,0.0,0.0,0.0,0.0,0.0,0.0,0.0,0.0,1.0,1.03,0
0.020437109895842322,0.11459011455967838,0.15130069113084116,0.00652832620403699,-0.17391304347826086,0.28865979381443296,1.7531308787960225,0.8989999999999998,-0.7272727272727273,0.0,-0.14691678088616258,-1.0,0.0,0.0,0.0,0.0,0.0,0.0,0.0,0.0,1.0,0.0,0.0,0.0,0.0,0.0,0.0,0.0,0.0,0.0,0.0,0.0,0.0,0.0,0.0,0.0,0.0,1.0,0.0,0.0,0.0,0.0,0.0,0.0,0.0,1.5,0
0.31074610137393993,0.2959125791668371,0.0867493948755785,0.2965570912381127,-0.21739130434782608,-0.24742268041237114,-0.326294006987369,-0.23333333333333328,-0.2727272727272727,-0.3333333333333333,0.5626489625078422,0.0,0.0,0.0,0.0,0.0,0.0,0.0,0.0,1.0,0.0,0.0,0.0,0.0,0.0,0.0,0.0,0.0,0.0,0.0,0.0,0.0,0.0,0.0,0.0,0.0,0.0,0.0,0.0,0.0,0.0,0.0,0.0,1.0,0.0,1.15,0
0.40956153742101004,0.21560133837206116,0.646022605600152,0.39527714374877576,-0.2608695652173913,0.23367697594501718,-0.03525933888739587,0.03333333333333336,-0.18181818181818182,0.0,2.088034105152837,0.0,0.0,0.0,0.0,0.0,0.0,0.0,0.0,1.0,0.0,0.0,0.0,0.0,0.0,0.0,0.0,0.0,0.0,0.0,0.0,0.0,0.0,0.0,1.0,0.0,0.0,0.0,0.0,0.0,0.0,0.0,0.0,0.0,0.0,1.31,0
1.072724110610831,-0.6586738777122386,0.10093064903024282,1.0577995862669725,-0.2608695652173913,-0.17869415807560138,1.2478903520558988,0.7333333333333333,-0.45454545454545453,-0.6666666666666666,9.374730409221147,0.0,0.0,0.0,1.0,0.0,0.0,0.0,0.0,0.0,0.0,0.0,0.0,0.0,0.0,0.0,0.0,0.0,0.0,0.0,1.0,0.0,0.0,0.0,0.0,0.0,0.0,0.0,0.0,0.0,0.0,0.0,0.0,0.0,0.0,1.3,0
-0.86533842549909,-0.8733443933030216,-0.6418125375580318,-0.8783921969943336,-0.17391304347826086,0.8934707903780069,-0.30319806503628055,-0.06666667999999995,-0.09090909090909091,0.0,-0.1476570918613424,-1.0,0.0,0.0,0.0,0.0,1.0,0.0,0.0,0.0,0.0,0.0,0.0,0.0,0.0,0.0,0.0,0.0,0.0,0.0,0.0,0.0,0.0,1.0,0.0,0.0,0.0,0.0,0.0,0.0,0.0,0.0,0.0,0.0,0.0,2.13,0
1.1889930240197857,-0.6746329082606818,-0.5992687748563071,1.1739562688284118,-0.043478260869565216,-0.4261168384879725,2.322870196183821,1.3999999999999997,-0.36363636363636365,1.0,-0.14983884251448087,-1.0,0.0,0.0,1.0,0.0,0.0,0.0,0.0,0.0,0.0,0.0,0.0,0.0,0.0,0.0,0.0,0.0,0.0,0.0,1.0,0.0,0.0,0.0,0.0,0.0,0.0,0.0,0.0,0.0,0.0,0.0,0.0,0.0,0.0,1.9,0
-1.517447680148408,1.0472194508572152,0.23387990673022066,-1.5298719904043914,1.7391304347826086,-0.28865979381443296,20.61365224402042,4.199999999999999,0.2727272727272727,1.0,-0.1288490244143496,0.0,0.0,0.0,0.0,0.0,0.0,0.0,0.0,0.0,0.0,0.0,0.0,1.0,0.0,0.0,0.0,0.0,0.0,0.0,0.0,0.0,0.0,0.0,0.0,0.0,0.0,0.0,0.0,0.0,0.0,0.0,1.0,0.0,0.0,5.0,1
-0.8727048035499462,-0.8764099422492893,2.1182140728176835,-0.8857514645043966,0.17391304347826086,0.054982817869415807,-0.18237033055630206,-0.16666668333333326,0.9090909090909091,0.3333333333333333,-0.14757997956746655,-1.0,0.0,0.0,0.0,0.0,1.0,0.0,0.0,0.0,0.0,0.0,0.0,0.0,0.0,0.0,0.0,0.0,0.0,0.0,0.0,0.0,0.0,1.0,0.0,0.0,0.0,0.0,0.0,0.0,0.0,0.0,0.0,0.0,0.0,1.73,0
0.9072020715376122,-0.8882933620211779,-0.2092842856030388,0.8924373205861678,3.9565217391304346,0.5223367697594502,0.7104004299919376,3.3999999999999995,0.45454545454545453,-1.0,0.3564259402510633,-1.0,0.0,0.0,1.0,0.0,0.0,0.0,0.0,0.0,0.0,0.0,0.0,0.0,0.0,0.0,0.0,0.0,0.0,0.0,1.0,0.0,0.0,0.0,0.0,0.0,0.0,0.0,0.0,0.0,0.0,0.0,0.0,0.0,0.0,3.4,0
-0.42059170225511666,7.016958164739358,0.23387990673022066,-0.4340747742419175,0.5652173913043478,0.7285223367697594,45.06944369793065,1.3999999999999997,-0.6363636363636364,-0.6666666666666666,-0.1284622601250018,0.0,0.0,0.0,0.0,0.0,0.0,0.0,0.0,0.0,0.0,0.0,0.0,1.0,0.0,0.0,0.0,0.0,0.0,0.0,0.0,0.0,0.0,0.0,0.0,0.0,0.0,0.0,0.0,0.0,0.0,0.0,1.0,0.0,0.0,4.6,1
-0.8658949931399657,-0.8732606433619486,-0.6719477023989616,-0.8789482273973852,-0.4782608695652174,-0.054982817869415807,-0.34846546627250735,-0.1666666666666666,0.9090909090909091,0.0,1.1573355127113008,0.0,0.0,0.0,0.0,0.0,1.0,0.0,0.0,0.0,0.0,0.0,0.0,0.0,0.0,0.0,0.0,0.0,0.0,0.0,0.0,0.0,0.0,1.0,0.0,0.0,0.0,0.0,0.0,0.0,0.0,0.0,0.0,0.0,0.0,1.87,0
0.07071826861614841,0.006753265273109977,1.5456458484151752,0.056760950050387726,-0.6086956521739131,0.563573883161512,-0.24283794678849768,-0.5666666666666665,0.7272727272727273,-0.3333333333333333,-0.12620773062527155,-1.0,0.0,0.0,0.0,1.0,0.0,0.0,0.0,0.0,0.0,0.0,0.0,0.0,0.0,0.0,0.0,0.0,0.0,0.0,0.0,0.0,0.0,0.0,0.0,1.0,0.0,0.0,0.0,0.0,0.0,0.0,0.0,0.0,0.0,2.03,0
0.034334951199991304,-0.01365195896053247,-0.5070906241188917,0.020412752344472256,-0.4782608695652174,-0.21993127147766323,-0.31654931470034936,-0.5666666666666665,0.9090909090909091,0.0,-0.14948845940993605,-1.0,0.0,0.0,0.0,1.0,0.0,0.0,0.0,0.0,0.0,0.0,0.0,0.0,0.0,0.0,0.0,0.0,0.0,0.0,0.0,0.0,0.0,0.0,0.0,1.0,0.0,0.0,0.0,0.0,0.0,0.0,0.0,0.0,0.0,0.71,0
-0.06345552571064281,5.124598252871307,17.378307117011627,-0.07728333039165024,0.17391304347826086,0.7010309278350515,9.471486159634505,1.6666666666666665,0.9090909090909091,-1.0,0.1460106620021638,0.0,0.0,-1.0,0.0,0.0,0.0,0.0,0.0,0.0,0.0,0.0,0.0,1.0,0.0,0.0,0.0,0.0,0.0,0.0,0.0,0.0,0.0,0.0,0.0,0.0,0.0,0.0,0.0,0.0,0.0,0.0,1.0,0.0,0.0,4.3,0
-0.2445496531333961,0.18006183888926047,-0.336029244610351,-0.25820265315850033,0.34782608695652173,-0.6323024054982818,-0.1955388336468691,0.5333333333333333,-0.9090909090909091,-0.6666666666666666,-0.1477968002245418,-1.0,0.0,0.0,0.0,1.0,0.0,0.0,0.0,0.0,0.0,0.0,0.0,0.0,0.0,0.0,0.0,0.0,0.0,0.0,0.0,0.0,1.0,0.0,0.0,0.0,0.0,0.0,0.0,0.0,0.0,0.0,0.0,0.0,0.0,1.41,0
-0.09216023498038535,0.860711404074052,0.12486151541623879,-0.10596033187816366,0.9130434782608695,-0.4948453608247423,-0.07669981187852726,-0.29999999999999993,0.2727272727272727,0.3333333333333333,3.2641184670239105,0.0,0.0,0.0,0.0,0.0,0.0,0.0,0.0,0.0,0.0,0.0,0.0,1.0,0.0,0.0,0.0,0.0,0.0,0.0,0.0,0.0,0.0,0.0,0.0,0.0,1.0,0.0,0.0,0.0,0.0,0.0,0.0,0.0,0.0,2.19,0
-0.0926472009120942,0.11626982678546023,-0.11178816328972174,-0.10644682775646248,-0.21739130434782608,0.5910652920962199,-0.1485084654662725,-0.2666666666666666,-1.0,0.3333333333333333,0.9905164442234444,0.0,0.0,0.0,0.0,1.0,0.0,0.0,0.0,0.0,0.0,0.0,0.0,0.0,0.0,0.0,0.0,0.0,0.0,0.0,0.0,0.0,1.0,0.0,0.0,0.0,0.0,0.0,0.0,0.0,0.0,0.0,0.0,0.0,0.0,0.81,0
-1.8557730584165868,6.91302332416425,0.23387990673022066,-1.6894426384864007,0.43478260869565216,0.13745704467353953,9.724106423004567,0.8666666666666666,0.5454545454545454,0.0,-0.06589184546842956,0.0,0.0,0.0,0.0,0.0,0.0,1.0,0.0,0.0,0.0,0.0,0.0,0.0,0.0,0.0,0.0,0.0,0.0,0.0,0.0,0.0,0.0,0.0,0.0,0.0,0.0,0.0,0.0,0.0,0.0,0.0,1.0,0.0,0.0,4.3,0
1.0171636166882432,-0.8095568514380643,8.494460451822176,1.002292723200118,0.30434782608695654,-0.27491408934707906,0.17291050792797635,1.0666666666666664,-0.36363636363636365,0.6666666666666666,-0.14928869243323717,-1.0,0.0,-1.0,1.0,0.0,0.0,0.0,0.0,0.0,0.0,0.0,0.0,0.0,0.0,0.0,0.0,0.0,0.0,0.0,1.0,0.0,0.0,0.0,0.0,0.0,0.0,0.0,0.0,0.0,0.0,0.0,0.0,0.0,0.0,1.5,0
-0.29940675182129195,0.4748407480908477,-0.1117970265735684,-0.31300679995669967,0.6956521739130435,-0.17869415807560138,0.17291050792797635,0.06666666666666672,0.18181818181818182,-1.0,-0.10765515532119299,0.0,0.0,0.0,0.0,0.0,0.0,0.0,0.0,0.0,0.0,1.0,0.0,0.0,0.0,0.0,0.0,0.0,0.0,0.0,0.0,0.0,0.0,0.0,0.0,0.0,0.0,0.0,0.0,0.0,0.0,1.0,0.0,0.0,0.0,1.8,0
-0.27209028193781587,0.5375123639096084,0.03783293132583334,-0.28571669783117587,1.3478260869565217,-0.48109965635738833,0.17291050792797635,0.06666666666666672,-0.09090909090909091,-0.3333333333333333,0.12960586180635786,0.0,0.0,0.0,0.0,0.0,0.0,0.0,0.0,0.0,0.0,0.0,0.0,0.0,0.0,0.0,0.0,1.0,0.0,0.0,0.0,0.0,0.0,0.0,0.0,0.0,0.0,0.0,0.0,0.0,0.0,1.0,0.0,0.0,0.0,3.1,0
0.034659593739127546,-0.01340056860103098,-0.46366052185910617,0.020737081516034667,-0.6086956521739131,-0.06872852233676977,-0.3510185434023112,-0.5333333333333332,-0.45454545454545453,0.6666666666666666,-0.14949650017904106,-1.0,0.0,0.0,0.0,1.0,0.0,0.0,0.0,0.0,0.0,0.0,0.0,0.0,0.0,0.0,0.0,0.0,0.0,0.0,0.0,0.0,0.0,0.0,0.0,1.0,0.0,0.0,0.0,0.0,0.0,0.0,0.0,0.0,0.0,0.21,0
-0.9339929273995634,1.465690109928127,0.38987370243152797,-0.946980428791233,-0.043478260869565216,1.4570446735395188,-0.24477291050792793,0.30000000000000004,-0.8181818181818182,0.0,-0.10746791085375602,0.0,0.0,0.0,0.0,0.0,0.0,0.0,0.0,0.0,0.0,0.0,0.0,0.0,0.0,1.0,0.0,0.0,0.0,0.0,0.0,0.0,0.0,0.0,0.0,0.0,0.0,0.0,0.0,1.0,0.0,0.0,0.0,0.0,0.0,2.49,0
0.35854451293744677,7.242261035644565,2.449700868396518,0.3443093644480186,0.6956521739130435,1.3058419243986255,32.18581026605751,1.8333333333333333,0.8181818181818182,1.0,-0.1212344819798559,0.0,0.0,0.0,0.0,0.0,0.0,0.0,0.0,0.0,0.0,0.0,0.0,0.0,0.0,0.0,1.0,0.0,0.0,0.0,0.0,0.0,0.0,0.0,0.0,0.0,0.0,0.0,0.0,0.0,0.0,0.0,1.0,0.0,0.0,4.4,0
1.0194747724593676,-0.8160630897075284,-0.6240859696269696,1.004601648082836,-0.6521739130434783,2.006872852233677,-0.2842246707874227,0.19999999999999996,-0.9090909090909091,0.6666666666666666,1.5684880479260488,0.0,0.0,0.0,1.0,0.0,0.0,0.0,0.0,0.0,0.0,0.0,0.0,0.0,0.0,0.0,0.0,0.0,0.0,0.0,0.0,1.0,0.0,0.0,0.0,0.0,0.0,0.0,0.0,0.0,0.0,0.0,0.0,0.0,0.0,-0.32,0
1.017627393766061,-0.8158557722847134,-0.6347219102429679,1.0027560526080215,-0.6521739130434783,0.7010309278350515,-0.36457941413598494,-0.5999999999999999,0.5454545454545454,-1.0,-0.14842037175482628,-1.0,0.0,0.0,1.0,0.0,0.0,0.0,0.0,0.0,0.0,0.0,0.0,0.0,0.0,0.0,0.0,0.0,0.0,0.0,1.0,0.0,0.0,0.0,0.0,0.0,0.0,0.0,0.0,0.0,0.0,0.0,0.0,0.0,0.0,0.3,0
-0.8687239960441563,-0.8637330028509685,2.0792155765573157,-0.8817744995510747,-0.391304347826087,2.7216494845360826,0.22343456060198866,-0.46666666966666653,-0.9090909090909091,0.6666666666666666,-0.1477114659147164,-1.0,0.0,0.0,0.0,0.0,1.0,0.0,0.0,0.0,0.0,0.0,0.0,0.0,0.0,0.0,0.0,0.0,0.0,0.0,0.0,0.0,0.0,1.0,0.0,0.0,0.0,0.0,0.0,0.0,0.0,0.0,0.0,0.0,0.0,1.77,0
0.03389442808148934,-0.013819552533542617,-0.33780190560602746,0.019972654449544592,-0.6086956521739131,0.13745704467353953,-0.34216070948669713,-0.5333333333333332,0.6363636363636364,-0.3333333333333333,-0.14948799805433166,-1.0,0.0,0.0,0.0,1.0,0.0,0.0,0.0,0.0,0.0,0.0,0.0,0.0,0.0,0.0,0.0,0.0,0.0,0.0,0.0,0.0,0.0,0.0,0.0,1.0,0.0,0.0,0.0,0.0,0.0,0.0,0.0,0.0,0.0,0.57,0
0.9358634949467604,-0.8702699792624892,-0.5904054910096419,0.9210710779946121,-0.6086956521739131,0.12371134020618557,-0.36457941413598494,0.06666666666666672,-0.2727272727272727,-0.3333333333333333,0.8435386655355878,-1.0,0.0,0.0,1.0,0.0,0.0,0.0,0.0,0.0,0.0,0.0,0.0,0.0,0.0,0.0,0.0,0.0,0.0,0.0,1.0,0.0,0.0,0.0,0.0,0.0,0.0,0.0,0.0,0.0,0.0,0.0,0.0,0.0,0.0,0.6,0
-0.03889543759299635,0.24902796454566523,1.4773986304173468,-0.05274694938043211,-0.5652173913043478,0.08247422680412371,0.8453104004299918,-0.19999999999999996,0.6363636363636364,-0.3333333333333333,-0.12284324544933357,0.0,0.0,0.0,0.0,0.0,0.0,0.0,0.0,0.0,0.0,0.0,0.0,0.0,0.0,0.0,0.0,0.0,1.0,0.0,0.0,0.0,0.0,0.0,0.0,0.0,0.0,0.0,0.0,0.0,0.0,0.0,0.0,1.0,0.0,1.37,0
-0.2986647084967832,0.4724058711249158,0.04269887415765253,-0.31226547290405376,1.0434782608695652,-0.24742268041237114,-0.36457941413598494,0.3999999999999999,-0.09090909090909091,1.0,1.6256572571831807,0.0,0.0,0.0,0.0,0.0,0.0,0.0,0.0,0.0,0.0,1.0,0.0,0.0,0.0,0.0,0.0,0.0,0.0,0.0,0.0,0.0,0.0,0.0,0.0,0.0,0.0,0.0,0.0,0.0,0.0,1.0,0.0,0.0,0.0,1.8,0
-0.2982936868345289,0.47415263068743196,-0.02092177729371016,-0.3118948093777309,0.5652173913043478,-0.19243986254295534,0.17291050792797635,0.06666666666666672,-0.5454545454545454,0.0,0.051776275304597996,0.0,0.0,0.0,0.0,0.0,0.0,0.0,0.0,0.0,0.0,1.0,0.0,0.0,0.0,0.0,0.0,0.0,0.0,0.0,0.0,0.0,0.0,0.0,0.0,0.0,0.0,0.0,0.0,0.0,0.0,1.0,0.0,0.0,0.0,2.0,0
0.8467255405901544,-0.9146270857288077,-0.2092842856030388,0.8320191657955347,-0.5652173913043478,3.0927835051546393,4.472829884439666,0.06666666666666672,0.18181818181818182,0.0,-0.15020799290593265,-1.0,0.0,0.0,1.0,0.0,0.0,0.0,0.0,0.0,0.0,0.0,0.0,0.0,0.0,0.0,0.0,0.0,0.0,0.0,1.0,0.0,0.0,0.0,0.0,0.0,0.0,0.0,0.0,0.0,0.0,0.0,0.0,0.0,0.0,2.3,0
0.033677881777455475,-0.014009357302990211,-0.3918679277727299,0.019756317171074955,-0.30434782608695654,-0.041237113402061855,-0.3152808384842784,-0.5666666666666665,0.2727272727272727,-1.0,-0.14955143444993463,-1.0,0.0,0.0,0.0,1.0,0.0,0.0,0.0,0.0,0.0,0.0,0.0,0.0,0.0,0.0,0.0,0.0,0.0,0.0,0.0,0.0,0.0,0.0,0.0,1.0,0.0,0.0,0.0,0.0,0.0,0.0,0.0,0.0,0.0,0.71,0
-0.8845542909041723,-0.8753558726351773,2.335364506774537,-0.8975895139087064,0.4782608695652174,1.8831615120274914,0.5432410642300456,-0.19999999999999996,-0.5454545454545454,0.3333333333333333,0.7280469239183046,0.0,0.0,0.0,0.0,0.0,1.0,0.0,0.0,0.0,0.0,0.0,0.0,0.0,0.0,0.0,0.0,0.0,0.0,0.0,0.0,0.0,0.0,1.0,0.0,0.0,0.0,0.0,0.0,0.0,0.0,0.0,0.0,0.0,0.0,1.9,0
-0.18877272990782498,0.13389621873448662,0.8330378947647875,-0.20247956970128914,1.6521739130434783,-0.8109965635738832,0.08551464660037619,-0.1666666666666666,-0.45454545454545453,-1.0,0.280504174512338,0.0,0.0,0.0,0.0,1.0,0.0,0.0,0.0,0.0,0.0,0.0,0.0,0.0,0.0,0.0,0.0,0.0,0.0,0.0,0.0,0.0,1.0,0.0,0.0,0.0,0.0,0.0,0.0,0.0,0.0,0.0,0.0,0.0,0.0,1.03,0
1.0175810160582794,-0.8151411888273208,-0.2092842856030388,1.0027097196672312,-0.6521739130434783,0.28865979381443296,-0.36457941413598494,1.0666666666666664,0.0,0.3333333333333333,-0.1503289339822251,-1.0,0.0,0.0,1.0,0.0,0.0,0.0,0.0,0.0,0.0,0.0,0.0,0.0,0.0,0.0,0.0,0.0,0.0,0.0,1.0,0.0,0.0,0.0,0.0,0.0,0.0,0.0,0.0,0.0,0.0,0.0,0.0,0.0,0.0,0.3,0
-1.806496743898432,6.496606430881994,9.663704856874249,-1.7386713880761613,0.391304347826087,0.17869415807560138,28.45563020693362,1.9333333333333333,-0.9090909090909091,0.0,-0.132557301900484,0.0,0.0,-1.0,0.0,0.0,0.0,1.0,0.0,0.0,0.0,0.0,0.0,0.0,0.0,0.0,0.0,0.0,0.0,0.0,0.0,0.0,0.0,0.0,0.0,0.0,0.0,0.0,0.0,0.0,0.0,0.0,1.0,0.0,0.0,4.6,1
-0.29834006454231077,0.47436435911925234,-0.04590737445745935,-0.3119411423185213,0.13043478260869565,-0.16494845360824742,0.17291050792797635,-0.2666666666666666,0.8181818181818182,0.6666666666666666,2.471438638219629,0.0,0.0,0.0,0.0,0.0,0.0,0.0,0.0,0.0,0.0,1.0,0.0,0.0,0.0,0.0,0.0,0.0,0.0,0.0,0.0,0.0,0.0,0.0,0.0,0.0,0.0,0.0,0.0,0.0,0.0,1.0,0.0,0.0,0.0,1.7,0
1.238849059885213,-0.6644964095872924,-0.27132727252969513,1.2237641801780519,0.08695652173913043,-0.21993127147766323,0.7104004299919376,1.7333333333333332,-1.0,0.3333333333333333,-0.14884999268442428,-1.0,0.0,0.0,1.0,0.0,0.0,0.0,0.0,0.0,0.0,0.0,0.0,0.0,0.0,0.0,0.0,0.0,0.0,0.0,1.0,0.0,0.0,0.0,0.0,0.0,0.0,0.0,0.0,0.0,0.0,0.0,0.0,0.0,0.0,1.7,0
1.0827880731994801,-0.7641675688666222,-0.2092842856030388,1.0678538344184811,1.0,-0.3161512027491409,1.2478903520558988,2.066666666666667,1.0909090909090908,1.0,0.9333077231541944,-1.0,0.0,0.0,1.0,0.0,0.0,0.0,0.0,0.0,0.0,0.0,0.0,0.0,0.0,0.0,0.0,0.0,0.0,0.0,1.0,0.0,0.0,0.0,0.0,0.0,0.0,0.0,0.0,0.0,0.0,0.0,0.0,0.0,0.0,2.1,0
1.1104291870374283,-0.7131939489059242,1.004985601390092,1.0954682671295373,6.217391304347826,-0.7560137457044673,1.2478903520558988,3.3999999999999995,-0.9090909090909091,1.0,0.1060297171420139,0.0,0.0,0.0,1.0,0.0,0.0,0.0,0.0,0.0,0.0,0.0,0.0,0.0,0.0,0.0,0.0,0.0,0.0,0.0,1.0,0.0,0.0,0.0,0.0,0.0,0.0,0.0,0.0,0.0,0.0,0.0,0.0,0.0,0.0,3.5,0
-0.20886973661326708,0.1462514549329821,0.4093729268941914,-0.22255717737711153,0.5217391304347826,-0.5360824742268041,-0.219134641225477,-0.09999999999999998,0.0,0.0,-0.058221116512116075,0.0,0.0,0.0,0.0,1.0,0.0,0.0,0.0,0.0,0.0,0.0,0.0,0.0,0.0,0.0,0.0,0.0,0.0,0.0,0.0,0.0,1.0,0.0,0.0,0.0,0.0,0.0,0.0,0.0,0.0,0.0,0.0,0.0,0.0,0.47,0
-0.4283831571624578,0.616540001086475,0.10159539531874273,-0.44185870829469837,-0.34782608695652173,-0.027491408934707903,0.17291050792797635,0.3999999999999999,-0.09090909090909091,-0.6666666666666666,0.5270198367709867,0.0,0.0,0.0,0.0,0.0,0.0,0.0,0.0,0.0,0.0,0.0,0.0,0.0,0.0,0.0,0.0,1.0,0.0,0.0,0.0,0.0,0.0,0.0,0.0,0.0,0.0,0.0,0.0,0.0,0.0,1.0,0.0,0.0,0.0,1.5,0
0.9368838045179597,-0.8655060895465359,-0.2092842856030388,0.9220904026919999,-0.6521739130434783,0.6323024054982818,-0.36457941413598494,-0.2666666666666666,-0.18181818181818182,-0.6666666666666666,0.6140279776830927,-1.0,0.0,0.0,1.0,0.0,0.0,0.0,0.0,0.0,0.0,0.0,0.0,0.0,0.0,0.0,0.0,0.0,0.0,0.0,1.0,0.0,0.0,0.0,0.0,0.0,0.0,0.0,0.0,0.0,0.0,0.0,0.0,0.0,0.0,0.9,0
-0.8778681713656288,-0.8788096926792437,2.127077336377905,-0.8909098482780942,0.34782608695652173,0.5498281786941581,-0.21730717549045953,-0.23333333333333328,-1.0,-0.3333333333333333,2.83066800580074,0.0,0.0,0.0,0.0,0.0,1.0,0.0,0.0,0.0,0.0,0.0,0.0,0.0,0.0,0.0,0.0,0.0,0.0,0.0,0.0,0.0,0.0,1.0,0.0,0.0,0.0,0.0,0.0,0.0,0.0,0.0,0.0,0.0,0.0,1.85,0
-0.14064039884828936,0.08406505010380048,0.27110569888621444,-0.15439369931769273,0.6521739130434783,-0.041237113402061855,-0.2520827734479978,0.09999999999999998,0.45454545454545453,-1.0,-0.07473248985253501,0.0,0.0,0.0,0.0,1.0,0.0,0.0,0.0,0.0,0.0,0.0,0.0,0.0,0.0,0.0,0.0,0.0,0.0,0.0,0.0,0.0,1.0,0.0,0.0,0.0,0.0,0.0,0.0,0.0,0.0,0.0,0.0,0.0,0.0,1.49,0
1.0385823880654665,-0.8061691965289425,-0.3457788568416827,1.0236908196884658,-0.7391304347826086,0.24742268041237114,-0.22252082773447998,-0.4999999999999999,-0.6363636363636364,0.3333333333333333,1.0107756892470456,0.0,0.0,0.0,1.0,0.0,0.0,0.0,0.0,0.0,0.0,0.0,0.0,0.0,0.0,0.0,0.0,0.0,0.0,0.0,0.0,1.0,0.0,0.0,0.0,0.0,0.0,0.0,0.0,0.0,0.0,0.0,0.0,0.0,0.0,-0.95,0
0.733548474366654,-1.1747531082558411,0.024706407948922166,0.7189513459534543,-0.6521739130434783,1.6219931271477663,-0.23525933888739586,-0.13333333333333325,0.6363636363636364,0.6666666666666666,1.4514900791223628,0.0,0.0,0.0,1.0,0.0,0.0,0.0,0.0,0.0,0.0,0.0,0.0,0.0,0.0,0.0,0.0,0.0,0.0,0.0,0.0,1.0,0.0,0.0,0.0,0.0,0.0,0.0,0.0,0.0,0.0,0.0,0.0,0.0,0.0,-0.01,0
-1.978187018106629,7.281388449844926,7.03520939930722,-1.5671468412702385,1.565217391304348,0.12371134020618557,3.7579682880945984,2.4999999999999996,0.8181818181818182,0.3333333333333333,-0.08608289224751105,0.0,0.0,-1.0,0.0,0.0,0.0,0.0,0.0,0.0,0.0,0.0,0.0,0.0,1.0,0.0,0.0,0.0,0.0,0.0,0.0,0.0,0.0,0.0,0.0,0.0,0.0,0.0,0.0,0.0,0.0,0.0,1.0,0.0,0.0,4.6,1
0.033569785542353105,-0.01365195896053247,-0.5921781471450235,0.019648325277982184,-0.5217391304347826,-0.06872852233676977,-0.3288470841171728,-0.5333333333333332,-0.5454545454545454,0.0,-0.14953462792434633,-1.0,0.0,0.0,0.0,1.0,0.0,0.0,0.0,0.0,0.0,0.0,0.0,0.0,0.0,0.0,0.0,0.0,0.0,0.0,0.0,0.0,0.0,0.0,0.0,1.0,0.0,0.0,0.0,0.0,0.0,0.0,0.0,0.0,0.0,0.53,0
-0.8660109374094203,-0.8732341773079709,-0.6418125373203,-0.8790640597493612,0.13043478260869565,-0.3848797250859107,-0.34161246976619186,-0.2666666666666666,0.36363636363636365,0.6666666666666666,0.04010112799509226,0.0,0.0,0.0,0.0,0.0,1.0,0.0,0.0,0.0,0.0,0.0,0.0,0.0,0.0,0.0,0.0,0.0,0.0,0.0,0.0,0.0,0.0,1.0,0.0,0.0,0.0,0.0,0.0,0.0,0.0,0.0,0.0,0.0,0.0,2.32,0
0.7327445940984334,-1.1738709064565733,0.089408380029578,0.7181482416464184,-0.5652173913043478,0.6872852233676976,-0.21451222789572694,0.16666666666666669,1.0,0.6666666666666666,1.2584448888095305,0.0,0.0,0.0,1.0,0.0,0.0,0.0,0.0,0.0,0.0,0.0,0.0,0.0,0.0,0.0,0.0,0.0,0.0,0.0,0.0,1.0,0.0,0.0,0.0,0.0,0.0,0.0,0.0,0.0,0.0,0.0,0.0,0.0,0.0,0.23,0
-0.1888964037952449,0.13477400952472346,-0.33248393107168495,-0.20260312421006524,2.9130434782608696,-0.865979381443299,0.01096479441010481,0.0,0.0,-1.0,-0.05833123220869133,0.0,0.0,0.0,0.0,1.0,0.0,0.0,0.0,0.0,0.0,0.0,0.0,0.0,0.0,0.0,0.0,0.0,0.0,0.0,0.0,0.0,1.0,0.0,0.0,0.0,0.0,0.0,0.0,0.0,0.0,0.0,0.0,0.0,0.0,1.44,0
0.0027440143770885617,0.11654066273782146,-0.5793707026205437,-0.011147690707486188,-0.13043478260869565,0.16494845360824742,1.4575114216608438,-0.07233333333333332,0.45454545454545453,0.0,-0.12586861777906244,0.0,0.0,0.0,0.0,0.0,0.0,0.0,0.0,0.0,1.0,0.0,0.0,0.0,0.0,0.0,0.0,0.0,0.0,0.0,0.0,0.0,0.0,0.0,0.0,0.0,0.0,1.0,0.0,0.0,0.0,0.0,0.0,0.0,0.0,1.51,0
-0.04289158214409805,0.01894963514881207,-0.3431198708424148,-0.05673923657468224,1.434782608695652,-0.5910652920962199,-0.12002149959688256,-0.1666666666666666,1.0909090909090908,-1.0,-0.14723907072979753,-1.0,0.0,0.0,0.0,1.0,0.0,0.0,0.0,0.0,0.0,0.0,0.0,0.0,0.0,0.0,0.0,0.0,0.0,0.0,0.0,0.0,0.0,0.0,0.0,1.0,0.0,0.0,0.0,0.0,0.0,0.0,0.0,0.0,0.0,2.2,0
0.03383250716121629,-0.013453471632505808,-0.4352980194666577,0.01991079329965347,-0.5652173913043478,-0.27491408934707906,-0.30862671324912655,-0.5666666666666665,0.0,1.0,-0.1495537412279566,-1.0,0.0,0.0,0.0,1.0,0.0,0.0,0.0,0.0,0.0,0.0,0.0,0.0,0.0,0.0,0.0,0.0,0.0,0.0,0.0,0.0,0.0,0.0,0.0,1.0,0.0,0.0,0.0,0.0,0.0,0.0,0.0,0.0,0.0,0.76,0
0.03273491462017883,-0.013850446288559509,-0.3750276833924543,0.018814260231328837,-0.043478260869565216,-0.13745704467353953,-0.3228271969900564,-0.5333333333333332,0.9090909090909091,-0.6666666666666666,-0.1495074573746452,-1.0,0.0,0.0,0.0,1.0,0.0,0.0,0.0,0.0,0.0,0.0,0.0,0.0,0.0,0.0,0.0,0.0,0.0,0.0,0.0,0.0,0.0,0.0,0.0,1.0,0.0,0.0,0.0,0.0,0.0,0.0,0.0,0.0,0.0,0.75,0
0.03201610119428665,-0.017123568961419332,-0.32184798876514914,0.018096140654184602,-0.5217391304347826,0.46735395189003437,-0.04552539639881751,-0.4999999999999999,1.0,-0.3333333333333333,-0.06365970819249787,-1.0,0.0,0.0,0.0,1.0,0.0,0.0,0.0,0.0,0.0,0.0,0.0,0.0,0.0,0.0,0.0,0.0,0.0,0.0,0.0,0.0,0.0,0.0,0.0,1.0,0.0,0.0,0.0,0.0,0.0,0.0,0.0,0.0,0.0,1.15,0
-0.18333880847939013,0.13212299311799316,0.26312874342421577,-0.19705089347201685,0.43478260869565216,-0.5773195876288659,0.1351787153990862,-0.033333333333333263,-0.09090909090909091,0.6666666666666666,1.4792422169937731,0.0,0.0,0.0,0.0,1.0,0.0,0.0,0.0,0.0,0.0,0.0,0.0,0.0,0.0,0.0,0.0,0.0,0.0,0.0,0.0,0.0,1.0,0.0,0.0,0.0,0.0,0.0,0.0,0.0,0.0,0.0,0.0,0.0,0.0,0.71,0
0.31534522406229787,-0.030877022320557,2.2405273696152195,0.3011517745331538,-0.7391304347826086,1.7594501718213058,0.6743886052136522,-0.46666666666666656,0.9090909090909091,-0.6666666666666666,0.22357846215240676,0.0,0.0,0.0,0.0,0.0,0.0,0.0,0.0,0.0,0.0,0.0,0.0,1.0,0.0,0.0,0.0,0.0,0.0,0.0,0.0,0.0,0.0,0.0,0.0,0.0,0.0,0.0,0.0,0.0,0.0,0.0,0.0,0.0,1.0,1.41,0
-0.30089083847030934,0.4704209170766023,0.12449812077852558,-0.31448945406199125,0.30434782608695654,-0.10996563573883161,0.17291050792797635,0.3999999999999999,-0.2727272727272727,1.0,2.1197675606432482,0.0,0.0,0.0,0.0,0.0,0.0,0.0,0.0,0.0,0.0,1.0,0.0,0.0,0.0,0.0,0.0,0.0,0.0,0.0,0.0,0.0,0.0,0.0,0.0,0.0,0.0,0.0,0.0,0.0,0.0,1.0,0.0,0.0,0.0,1.5,0
1.0185935960115136,-0.8151720658903031,-0.5053179660816561,1.0037213222078192,-0.6521739130434783,0.7285223367697594,-0.2968556839559258,-0.06666666666666662,-1.0,0.3333333333333333,1.1220966773387695,0.0,0.0,0.0,1.0,0.0,0.0,0.0,0.0,0.0,0.0,0.0,0.0,0.0,0.0,0.0,0.0,0.0,0.0,0.0,0.0,1.0,0.0,0.0,0.0,0.0,0.0,0.0,0.0,0.0,0.0,0.0,0.0,0.0,0.0,-0.9,0
0.014377130928856197,-0.003665603128883281,0.08320409824228446,0.00047419675052311563,2.608695652173913,-0.7285223367697594,-0.09099704380542864,-0.09999999999999998,0.45454545454545453,-0.6666666666666666,2.0737829788262454,-1.0,0.0,0.0,0.0,1.0,0.0,0.0,0.0,0.0,0.0,0.0,0.0,0.0,0.0,0.0,0.0,0.0,0.0,0.0,0.0,0.0,0.0,0.0,0.0,1.0,0.0,0.0,0.0,0.0,0.0,0.0,0.0,0.0,0.0,2.58,0
0.03460545716312245,-0.014035808818714274,-0.4849324145022287,0.02068299719642063,0.08695652173913043,-0.3436426116838488,-0.29776941682343455,-0.5333333333333332,-0.7272727272727273,0.0,-0.098691922162208,-1.0,0.0,0.0,0.0,1.0,0.0,0.0,0.0,0.0,0.0,0.0,0.0,0.0,0.0,0.0,0.0,0.0,0.0,0.0,0.0,0.0,0.0,0.0,0.0,1.0,0.0,0.0,0.0,0.0,0.0,0.0,0.0,0.0,0.0,1.24,0
-2.7407988560165397,7.69140320467002,0.23387990673022066,-0.8052711293839085,0.391304347826087,0.7972508591065293,9.283364686912119,1.3999999999999997,-0.9090909090909091,-0.3333333333333333,-0.1339809299567162,0.0,0.0,0.0,0.0,0.0,0.0,0.0,0.0,0.0,0.0,0.0,0.0,1.0,0.0,0.0,0.0,0.0,0.0,0.0,0.0,0.0,0.0,0.0,0.0,0.0,0.0,0.0,0.0,0.0,0.0,0.0,1.0,0.0,0.0,4.8,1
0.05885333570757366,-0.026505780250382388,-0.5425437573923816,0.044907470000853274,-0.5652173913043478,0.21993127147766323,0.10486428379467884,-0.4999999999999999,-0.6363636363636364,0.3333333333333333,-0.1054054700553088,-1.0,0.0,0.0,0.0,1.0,0.0,0.0,0.0,0.0,0.0,0.0,0.0,0.0,0.0,0.0,0.0,0.0,0.0,0.0,0.0,0.0,0.0,0.0,0.0,1.0,0.0,0.0,0.0,0.0,0.0,0.0,0.0,0.0,0.0,1.36,0
0.8215888229724229,-0.9923843523147539,0.1718369198035644,0.8069067118871583,-0.5217391304347826,3.2989690721649483,1.2478903520558988,0.7333333333333333,-0.2727272727272727,0.3333333333333333,-0.1503247982587715,-1.0,0.0,0.0,1.0,0.0,0.0,0.0,0.0,0.0,0.0,0.0,0.0,0.0,0.0,0.0,0.0,0.0,0.0,0.0,1.0,0.0,0.0,0.0,0.0,0.0,0.0,0.0,0.0,0.0,0.0,0.0,0.0,0.0,0.0,1.7,0
1.2299909176988906,-0.7690108567445083,-0.014292040976404621,1.2149145884870924,-0.34782608695652173,-0.054982817869415807,2.322870196183821,1.0666666666666664,-0.18181818181818182,0.0,-0.1500176178111802,-1.0,0.0,0.0,1.0,0.0,0.0,0.0,0.0,0.0,0.0,0.0,0.0,0.0,0.0,0.0,0.0,0.0,0.0,0.0,1.0,0.0,0.0,0.0,0.0,0.0,0.0,0.0,0.0,0.0,0.0,0.0,0.0,0.0,0.0,1.3,0
0.03391760419736235,-0.012836000371940806,-0.6338355824394235,0.01999580819421751,-0.17391304347826086,0.09621993127147767,-0.30921795216339687,-0.4999999999999999,-0.8181818181818182,-0.6666666666666666,-0.1495123675164347,-1.0,0.0,0.0,0.0,1.0,0.0,0.0,0.0,0.0,0.0,0.0,0.0,0.0,0.0,0.0,0.0,0.0,0.0,0.0,0.0,0.0,0.0,0.0,0.0,1.0,0.0,0.0,0.0,0.0,0.0,0.0,0.0,0.0,0.0,1.06,0
-0.20281744574774319,0.14449146234347746,0.782517176838796,-0.21651072860396928,1.0,-0.27491408934707906,0.09975812953507117,-0.06666666666666662,-0.6363636363636364,0.3333333333333333,3.297433927358745,0.0,0.0,0.0,0.0,1.0,0.0,0.0,0.0,0.0,0.0,0.0,0.0,0.0,0.0,0.0,0.0,0.0,0.0,0.0,0.0,0.0,1.0,0.0,0.0,0.0,0.0,0.0,0.0,0.0,0.0,0.0,0.0,0.0,0.0,0.63,0
1.0377475893253942,-0.8077836258215705,-0.5079769512356557,1.0228568267542393,-0.7391304347826086,1.0446735395189004,-0.21107229239451758,0.5,0.2727272727272727,0.0,0.5349078147860081,0.0,0.0,0.0,1.0,0.0,0.0,0.0,0.0,0.0,0.0,0.0,0.0,0.0,0.0,0.0,0.0,0.0,0.0,0.0,0.0,1.0,0.0,0.0,0.0,0.0,0.0,0.0,0.0,0.0,0.0,0.0,0.0,0.0,0.0,-0.86,0
0.003230980308797075,0.11480978280769155,-0.12236206091879331,-0.01066119482918769,-0.34782608695652173,0.041237113402061855,1.6725073904864283,-0.1143333333333333,0.0,0.0,0.11022999742625364,0.0,0.0,0.0,0.0,0.0,0.0,0.0,0.0,0.0,1.0,0.0,0.0,0.0,0.0,0.0,0.0,0.0,0.0,0.0,0.0,0.0,0.0,0.0,0.0,0.0,0.0,1.0,0.0,0.0,0.0,0.0,0.0,0.0,0.0,1.78,0
-0.9160370248700443,1.5382159198445156,6.546310662325168,-0.9290418585485627,-0.5652173913043478,3.147766323024055,1.0963181940338618,0.5666666666666665,0.45454545454545453,0.6666666666666666,-0.13158478076342553,0.0,0.0,-1.0,0.0,0.0,0.0,0.0,0.0,0.0,0.0,0.0,0.0,1.0,0.0,0.0,0.0,0.0,0.0,0.0,0.0,0.0,0.0,0.0,0.0,0.0,0.0,0.0,0.0,1.0,0.0,0.0,0.0,0.0,0.0,3.26,0
-0.06761872861145554,0.026638141750557634,-0.19687570005146776,-0.08144251467926503,-0.391304347826087,0.013745704467353952,-0.17678043536683685,-0.06666666666666662,0.09090909090909091,-1.0,-0.14955141797294877,-1.0,0.0,0.0,0.0,1.0,0.0,0.0,0.0,0.0,0.0,0.0,0.0,0.0,0.0,0.0,0.0,0.0,0.0,0.0,0.0,0.0,0.0,0.0,0.0,1.0,0.0,0.0,0.0,0.0,0.0,0.0,0.0,0.0,0.0,1.41,0
1.0737057720922139,-0.789526459586089,0.1869045023428952,1.0587803001803702,-0.4782608695652174,0.3711340206185567,-0.1956463316312819,-0.13333333333333325,0.0,-1.0,0.6100138708622083,0.0,0.0,0.0,1.0,0.0,0.0,0.0,0.0,0.0,0.0,0.0,0.0,0.0,0.0,0.0,0.0,0.0,0.0,0.0,0.0,1.0,0.0,0.0,0.0,0.0,0.0,0.0,0.0,0.0,0.0,0.0,0.0,0.0,0.0,-0.04,0
0.03468276985500056,-0.013413895318883144,-0.4556835740045252,0.020760235260707586,-0.13043478260869565,-0.4261168384879725,-0.3520343993550121,-0.5333333333333332,0.0,-0.6666666666666666,-0.057414666915650434,-1.0,0.0,0.0,0.0,1.0,0.0,0.0,0.0,0.0,0.0,0.0,0.0,0.0,0.0,0.0,0.0,0.0,0.0,0.0,0.0,0.0,0.0,0.0,0.0,1.0,0.0,0.0,0.0,0.0,0.0,0.0,0.0,0.0,0.0,1.15,0
-2.018535623876789,7.262769580871743,1.8315754529300876,-1.5268371827826226,1.434782608695652,0.6597938144329897,6.278796022574576,2.066666666666667,-0.2727272727272727,-0.3333333333333333,-0.13540852896654326,0.0,0.0,0.0,0.0,0.0,0.0,0.0,0.0,0.0,0.0,0.0,0.0,0.0,1.0,0.0,0.0,0.0,0.0,0.0,0.0,0.0,0.0,0.0,0.0,0.0,0.0,0.0,0.0,0.0,0.0,0.0,1.0,0.0,0.0,5.1,1
-0.8777058909048957,-0.8787037530798602,0.23831156555892888,-0.8907477244617564,0.34782608695652173,0.41237113402061853,-0.23224939532383765,0.09999997666666666,-0.18181818181818182,-1.0,-0.14776715812696006,-1.0,0.0,0.0,0.0,0.0,1.0,0.0,0.0,0.0,0.0,0.0,0.0,0.0,0.0,0.0,0.0,0.0,0.0,0.0,0.0,0.0,0.0,1.0,0.0,0.0,0.0,0.0,0.0,0.0,0.0,0.0,0.0,0.0,0.0,1.85,0
-0.12889910916153058,0.1188238009942908,-0.13128738775238513,-0.142663743140931,0.5652173913043478,-0.35738831615120276,-0.049610319806503635,0.03333333333333336,0.36363636363636365,1.0,-0.08452158249734157,0.0,0.0,0.0,0.0,1.0,0.0,0.0,0.0,0.0,0.0,0.0,0.0,0.0,0.0,0.0,0.0,0.0,0.0,0.0,0.0,0.0,1.0,0.0,0.0,0.0,0.0,0.0,0.0,0.0,0.0,0.0,0.0,0.0,0.0,1.04,0
-0.42824402403911244,0.6168311276802276,-0.009762902930758715,-0.4417197094723273,0.34782608695652173,-0.013745704467353952,0.17291050792797635,0.3999999999999999,0.45454545454545453,0.0,1.2779513662566335,0.0,0.0,0.0,0.0,0.0,0.0,0.0,0.0,0.0,0.0,0.0,0.0,0.0,0.0,0.0,0.0,1.0,0.0,0.0,0.0,0.0,0.0,0.0,0.0,0.0,0.0,0.0,0.0,0.0,0.0,1.0,0.0,0.0,0.0,2.4,0
0.43859398249241227,0.20827024142028888,-0.4016175450756734,0.4242815646835427,-0.5217391304347826,-0.20618556701030927,0.3830690674549852,-0.2666666666666666,0.45454545454545453,0.6666666666666666,2.8117921355568885,0.0,0.0,0.0,0.0,0.0,0.0,0.0,0.0,1.0,0.0,0.0,0.0,0.0,0.0,0.0,0.0,0.0,0.0,0.0,0.0,0.0,0.0,0.0,1.0,0.0,0.0,0.0,0.0,0.0,0.0,0.0,0.0,0.0,0.0,0.46,0
0.37959380857601127,0.002108502953439456,-0.18003544890904366,0.365338341841406,-0.5217391304347826,1.2371134020618557,-0.31745767266863745,-0.3999999999999999,0.09090909090909091,-0.3333333333333333,0.23788180404722317,0.0,0.0,0.0,0.0,0.0,0.0,0.0,0.0,0.0,0.0,0.0,0.0,0.0,0.0,0.0,0.0,0.0,0.0,1.0,0.0,0.0,0.0,0.0,0.0,0.0,0.0,0.0,0.0,0.0,0.0,0.0,0.0,0.0,1.0,-0.52,0
-0.18893505188506135,0.12439490535655807,-0.20042100175637365,-0.20264173499405552,2.9130434782608696,-0.8797250859106529,-0.24493415748454714,-0.1666666666666666,0.7272727272727273,0.6666666666666666,0.9649656810953451,0.0,0.0,0.0,0.0,1.0,0.0,0.0,0.0,0.0,0.0,0.0,0.0,0.0,0.0,0.0,0.0,0.0,0.0,0.0,0.0,0.0,1.0,0.0,0.0,0.0,0.0,0.0,0.0,0.0,0.0,0.0,0.0,0.0,0.0,1.86597604825652,0
-0.4295889775647844,0.6168046616262499,0.04266342102226587,-0.4430633647552478,-0.043478260869565216,-0.06872852233676977,0.17291050792797635,0.7333333333333333,-0.9090909090909091,0.3333333333333333,4.52558661910898,0.0,0.0,0.0,0.0,0.0,0.0,0.0,0.0,0.0,0.0,0.0,0.0,0.0,0.0,0.0,0.0,1.0,0.0,0.0,0.0,0.0,0.0,0.0,0.0,0.0,0.0,0.0,0.0,0.0,0.0,1.0,0.0,0.0,0.0,1.8,0
-0.42815126862354885,0.6174133808677331,0.006660762037111862,-0.4416270435907466,0.34782608695652173,-0.054982817869415807,0.17291050792797635,0.7333333333333333,-0.7272727272727273,0.3333333333333333,0.13562770583259806,0.0,0.0,0.0,0.0,0.0,0.0,0.0,0.0,0.0,0.0,0.0,0.0,0.0,0.0,0.0,0.0,1.0,0.0,0.0,0.0,0.0,0.0,0.0,0.0,0.0,0.0,0.0,0.0,0.0,0.0,1.0,0.0,0.0,0.0,1.8,0
0.615583682776477,-0.21438558298625862,0.23387990673022066,0.6011004221904459,0.8695652173913043,1.2783505154639174,5.332813759742004,2.066666666666667,0.5454545454545454,-1.0,-0.02848274390191182,0.0,0.0,0.0,0.0,0.0,0.0,0.0,0.0,0.0,0.0,0.0,0.0,1.0,0.0,0.0,0.0,0.0,0.0,0.0,0.0,0.0,0.0,0.0,0.0,0.0,0.0,0.0,0.0,0.0,0.0,0.0,1.0,0.0,0.0,3.9,0
-2.1932126224661332,6.217537771321461,4.024972306464322,-1.3523287945898006,0.782608695652174,-0.08247422680412371,37.050094060736356,2.166666666666666,0.09090909090909091,1.0,-0.12295617871049276,0.0,0.0,0.0,0.0,0.0,0.0,1.0,0.0,0.0,0.0,0.0,0.0,0.0,0.0,0.0,0.0,0.0,0.0,0.0,0.0,0.0,0.0,0.0,0.0,0.0,0.0,0.0,0.0,0.0,0.0,0.0,1.0,0.0,0.0,4.6,1
0.4583276971535651,0.0019100075486082572,1.1405938442440695,0.44399623098984203,0.043478260869565216,-0.17869415807560138,-0.17317925288900832,0.0,0.8181818181818182,0.3333333333333333,-0.017119324688097782,0.0,0.0,0.0,0.0,0.0,0.0,0.0,0.0,0.0,0.0,0.0,0.0,0.0,0.0,0.0,0.0,0.0,0.0,1.0,0.0,0.0,0.0,0.0,0.0,0.0,0.0,0.0,0.0,0.0,0.0,0.0,0.0,0.0,1.0,1.4,0
-0.2094339987246138,0.1502831171555485,0.6602038597548163,-0.22312089482339587,0.0,-0.3161512027491409,-0.25423273313625366,-0.29999999999999993,0.8181818181818182,-0.3333333333333333,0.935525690222277,0.0,0.0,0.0,0.0,1.0,0.0,0.0,0.0,0.0,0.0,0.0,0.0,0.0,0.0,0.0,0.0,0.0,0.0,0.0,0.0,0.0,1.0,0.0,0.0,0.0,0.0,0.0,0.0,0.0,0.0,0.0,0.0,0.0,0.0,0.54,0
-0.8659568300836732,-0.8732871094159262,-0.6692887172449621,-0.8790100046517708,-0.08695652173913043,-0.3436426116838488,-0.35336737436173066,-0.1666666666666666,0.09090909090909091,0.0,0.07518952848662216,0.0,0.0,0.0,0.0,0.0,1.0,0.0,0.0,0.0,0.0,0.0,0.0,0.0,0.0,0.0,0.0,0.0,0.0,0.0,0.0,0.0,0.0,1.0,0.0,0.0,0.0,0.0,0.0,0.0,0.0,0.0,0.0,0.0,0.0,1.61,0
0.032835403427934555,-0.01402692434015494,-0.38743629007574076,0.018914652040293318,-0.6086956521739131,0.17869415807560138,-0.2952432141897339,-0.5333333333333332,1.0909090909090908,0.3333333333333333,-0.1495540542906881,-1.0,0.0,0.0,0.0,1.0,0.0,0.0,0.0,0.0,0.0,0.0,0.0,0.0,0.0,0.0,0.0,0.0,0.0,0.0,0.0,0.0,0.0,0.0,0.0,1.0,0.0,0.0,0.0,0.0,0.0,0.0,0.0,0.0,0.0,0.5,0
1.001256062919088,-0.8177348621171171,8.848991805688785,0.9864005245090234,1.0869565217391304,-0.013745704467353952,0.7104004299919376,1.0666666666666664,-0.5454545454545454,-1.0,-0.14911932549547013,-1.0,0.0,-1.0,1.0,0.0,0.0,0.0,0.0,0.0,0.0,0.0,0.0,0.0,0.0,0.0,0.0,0.0,0.0,0.0,1.0,0.0,0.0,0.0,0.0,0.0,0.0,0.0,0.0,0.0,0.0,0.0,0.0,0.0,0.0,1.9,0
0.6259027227579261,7.463525186712802,0.23387990673022066,0.6114095015163018,1.7826086956521738,1.127147766323024,10.197097554420854,2.0,1.0909090909090908,0.3333333333333333,-0.0906955585341278,0.0,0.0,0.0,0.0,0.0,0.0,0.0,0.0,0.0,0.0,0.0,0.0,0.0,0.0,0.0,1.0,0.0,0.0,0.0,0.0,0.0,0.0,0.0,0.0,0.0,0.0,0.0,0.0,0.0,0.0,0.0,1.0,0.0,0.0,4.6,1
-0.20315754893814605,0.1446546696763476,0.7089519209114747,-0.21685050350310167,0.21739130434782608,0.06872852233676977,0.10911045417898413,-0.2666666666666666,-0.9090909090909091,0.0,0.5487952116494993,0.0,0.0,0.0,0.0,1.0,0.0,0.0,0.0,0.0,0.0,0.0,0.0,0.0,0.0,0.0,0.0,0.0,0.0,0.0,0.0,0.0,1.0,0.0,0.0,0.0,0.0,0.0,0.0,0.0,0.0,0.0,0.0,0.0,0.0,0.95,0
0.31296450172950085,0.2854364328007453,0.6203190824448228,0.2987733502392502,-0.6521739130434783,0.6185567010309279,-0.0928245095404461,-0.3999999999999999,-1.0,0.6666666666666666,3.7335616845851214,0.0,0.0,0.0,0.0,0.0,0.0,0.0,0.0,1.0,0.0,0.0,0.0,0.0,0.0,0.0,0.0,0.0,0.0,0.0,0.0,0.0,0.0,0.0,1.0,0.0,0.0,0.0,0.0,0.0,0.0,0.0,0.0,0.0,0.0,-0.18,0
0.03456688927563945,-0.013934243075077558,-0.4530245913863315,0.020644466537346945,-0.5652173913043478,0.13745704467353953,-0.3062080085998387,-0.46666666666666656,0.09090909090909091,1.0,-0.14956614839831736,-1.0,0.0,0.0,0.0,1.0,0.0,0.0,0.0,0.0,0.0,0.0,0.0,0.0,0.0,0.0,0.0,0.0,0.0,0.0,0.0,0.0,0.0,0.0,0.0,1.0,0.0,0.0,0.0,0.0,0.0,0.0,0.0,0.0,0.0,0.23,0
0.9936501188428744,-0.7917716631651728,6.252049638615884,0.9788019222194041,7.608695652173913,0.013745704467353952,2.322870196183821,2.733333333333333,-0.7272727272727273,0.0,-0.09579187378701326,-1.0,0.0,-1.0,1.0,0.0,0.0,0.0,0.0,0.0,0.0,0.0,0.0,0.0,0.0,0.0,0.0,0.0,0.0,0.0,1.0,0.0,0.0,0.0,0.0,0.0,0.0,0.0,0.0,0.0,0.0,0.0,0.0,0.0,0.0,3.4,0
0.20396142920636182,0.10162086590890444,-0.5194992202363204,0.18987549506830237,-0.6956521739130435,2.254295532646048,0.4459553883364686,-0.13333333333333325,-0.7272727272727273,0.6666666666666666,2.708918898121178,0.0,0.0,0.0,0.0,0.0,0.0,0.0,0.0,0.0,1.0,0.0,0.0,0.0,0.0,0.0,0.0,0.0,0.0,0.0,0.0,0.0,0.0,0.0,0.0,0.0,0.0,0.0,0.0,0.0,0.0,0.0,0.0,0.0,1.0,1.54,0
0.7331465342325437,-1.173734165177707,-0.11356082005905474,0.7185497937999364,-0.7391304347826086,2.1168384879725086,-0.18419779629131952,-0.19999999999999996,0.45454545454545453,0.3333333333333333,0.4259532514050637,0.0,0.0,0.0,1.0,0.0,0.0,0.0,0.0,0.0,0.0,0.0,0.0,0.0,0.0,0.0,0.0,0.0,0.0,0.0,0.0,1.0,0.0,0.0,0.0,0.0,0.0,0.0,0.0,0.0,0.0,0.0,0.0,0.0,0.0,0.09,0
-0.18704129548397322,0.14050391021085584,0.7568136536834669,-0.20074980657845076,0.34782608695652173,-0.4536082474226804,-0.09255576457941413,-0.09999999999999998,1.0909090909090908,-0.6666666666666666,1.0833531046865672,0.0,0.0,0.0,0.0,1.0,0.0,0.0,0.0,0.0,0.0,0.0,0.0,0.0,0.0,0.0,0.0,0.0,0.0,0.0,0.0,0.0,1.0,0.0,0.0,0.0,0.0,0.0,0.0,0.0,0.0,0.0,0.0,0.0,0.0,1.06,0
-0.11923708670699193,0.10279419430189889,-0.34400620007234967,-0.1330110471429403,-0.13043478260869565,0.21993127147766323,0.47497984412792255,-0.29999999999999993,-0.36363636363636365,1.0,0.28992879622968015,0.0,0.0,0.0,0.0,1.0,0.0,0.0,0.0,0.0,0.0,0.0,0.0,0.0,0.0,0.0,0.0,0.0,0.0,0.0,0.0,0.0,1.0,0.0,0.0,0.0,0.0,0.0,0.0,0.0,0.0,0.0,0.0,0.0,0.0,0.72,0
0.03397174077337206,-0.01406226033446504,-0.4441613159923523,0.020049892513836157,-0.30434782608695654,-0.28865979381443296,-0.33411986025262025,-0.5333333333333332,0.18181818181818182,0.6666666666666666,-0.14956110644064088,-1.0,0.0,0.0,0.0,1.0,0.0,0.0,0.0,0.0,0.0,0.0,0.0,0.0,0.0,0.0,0.0,0.0,0.0,0.0,0.0,0.0,0.0,0.0,0.0,1.0,0.0,0.0,0.0,0.0,0.0,0.0,0.0,0.0,0.0,1.09,0
1.1713694950627043,-0.7808941149804132,-0.2092842856030388,1.1563497513280738,-0.30434782608695654,-0.20618556701030927,0.7104004299919376,1.3999999999999997,0.7272727272727273,1.0,-0.14982729214738535,-1.0,0.0,0.0,1.0,0.0,0.0,0.0,0.0,0.0,0.0,0.0,0.0,0.0,0.0,0.0,0.0,0.0,0.0,0.0,1.0,0.0,0.0,0.0,0.0,0.0,0.0,0.0,0.0,0.0,0.0,0.0,0.0,0.0,0.0,1.7,0
-0.164810914065973,0.656697826900141,-0.1206514471363869,-0.17854088347182528,-0.043478260869565216,0.6597938144329897,0.11423014764848155,0.6666666666666666,-0.36363636363636365,-0.6666666666666666,1.6368525617101535,0.0,0.0,0.0,0.0,0.0,0.0,0.0,0.0,0.0,0.0,0.0,1.0,0.0,0.0,0.0,0.0,0.0,0.0,0.0,0.0,0.0,0.0,0.0,0.0,0.0,0.0,0.0,1.0,0.0,0.0,0.0,0.0,0.0,0.0,1.12,0
-2.7563910413727783,7.698390242920085,0.23387990673022066,-0.7896939946901886,0.43478260869565216,0.10996563573883161,8.504004299919375,1.2333333333333334,-0.09090909090909091,-0.6666666666666666,-0.13494590463424586,0.0,0.0,0.0,0.0,0.0,0.0,0.0,0.0,0.0,0.0,0.0,0.0,1.0,0.0,0.0,0.0,0.0,0.0,0.0,0.0,0.0,0.0,0.0,0.0,0.0,0.0,0.0,0.0,0.0,0.0,0.0,1.0,0.0,0.0,5.0,1
-0.1827281686602663,0.10984298667790202,0.8808996275367795,-0.19644084308494686,0.34782608695652173,-0.12371134020618557,-0.11072292394517602,-0.06666666666666662,-0.18181818181818182,0.3333333333333333,0.3654047276847104,0.0,0.0,0.0,0.0,1.0,0.0,0.0,0.0,0.0,0.0,0.0,0.0,0.0,0.0,0.0,0.0,0.0,0.0,0.0,0.0,0.0,1.0,0.0,0.0,0.0,0.0,0.0,0.0,0.0,0.0,0.0,0.0,0.0,0.0,0.9,0
1.0839938936018068,-0.6338751851353047,0.37569244827686366,1.0690584908790308,1.608695652173913,-0.6048109965635738,1.7853802741198601,2.3999999999999995,-0.7272727272727273,-0.6666666666666666,-0.14845584670540635,-1.0,0.0,0.0,1.0,0.0,0.0,0.0,0.0,0.0,0.0,0.0,0.0,0.0,0.0,0.0,0.0,0.0,0.0,0.0,1.0,0.0,0.0,0.0,0.0,0.0,0.0,0.0,0.0,0.0,0.0,0.0,0.0,0.0,0.0,2.4,0
1.0181375485516608,-0.8138708182364,-0.2092842856030388,1.0032657149567157,-0.6521739130434783,0.3711340206185567,-0.36457941413598494,-0.2666666666666666,-0.36363636363636365,0.6666666666666666,1.8778868580330996,-1.0,0.0,0.0,1.0,0.0,0.0,0.0,0.0,0.0,0.0,0.0,0.0,0.0,0.0,0.0,0.0,0.0,0.0,0.0,1.0,0.0,0.0,0.0,0.0,0.0,0.0,0.0,0.0,0.0,0.0,0.0,0.0,0.0,0.0,0.5,0
-0.15688032618987752,0.0996932549775242,0.28262796788687927,-0.1706179507511151,1.1304347826086956,-0.6185567010309279,-0.08804084923407685,0.06666666666666672,0.9090909090909091,-1.0,-0.14035712804109607,-1.0,0.0,0.0,0.0,1.0,0.0,0.0,0.0,0.0,0.0,0.0,0.0,0.0,0.0,0.0,0.0,0.0,0.0,0.0,0.0,0.0,1.0,0.0,0.0,0.0,0.0,0.0,0.0,0.0,0.0,0.0,0.0,0.0,0.0,1.41,0
-0.2964385785232572,0.4694152070254563,-0.23335696453058147,-0.31004149174611645,0.8695652173913043,-0.23367697594501718,-0.36457941413598494,0.06666666666666672,0.6363636363636364,0.0,-0.11926340606806286,0.0,0.0,0.0,0.0,0.0,0.0,0.0,0.0,0.0,0.0,1.0,0.0,0.0,0.0,0.0,0.0,0.0,0.0,0.0,0.0,0.0,0.0,0.0,0.0,0.0,0.0,0.0,0.0,0.0,0.0,1.0,0.0,0.0,0.0,3.1,0
1.019227424684533,-0.8150353246114102,-0.5186128918516539,1.004354539065289,-0.6956521739130435,2.0618556701030926,-0.3002956194571352,-0.23333333333333328,-0.09090909090909091,0.3333333333333333,0.7218278503711898,0.0,0.0,0.0,1.0,0.0,0.0,0.0,0.0,0.0,0.0,0.0,0.0,0.0,0.0,0.0,0.0,0.0,0.0,0.0,0.0,1.0,0.0,0.0,0.0,0.0,0.0,0.0,0.0,0.0,0.0,0.0,0.0,0.0,0.0,-0.99,0
0.6347716864093962,-1.4961877448217669,0.2524928028082176,0.6202699042267773,-0.6956521739130435,0.9896907216494846,-0.23493684493415745,-0.3666666666666666,-0.45454545454545453,0.0,0.8649914375077339,0.0,0.0,0.0,1.0,0.0,0.0,0.0,0.0,0.0,0.0,0.0,0.0,0.0,0.0,0.0,0.0,0.0,0.0,0.0,0.0,1.0,0.0,0.0,0.0,0.0,0.0,0.0,0.0,0.0,0.0,0.0,0.0,0.0,0.0,0.76,0
-0.8660805039710929,-0.8732871094159262,-0.665743403706296,-0.8791335591605467,0.17391304347826086,-0.6323024054982818,-0.3438430529427573,-0.06666666666666662,0.18181818181818182,0.3333333333333333,0.16290476277039218,0.0,0.0,0.0,0.0,0.0,1.0,0.0,0.0,0.0,0.0,0.0,0.0,0.0,0.0,0.0,0.0,0.0,0.0,0.0,0.0,0.0,0.0,1.0,0.0,0.0,0.0,0.0,0.0,0.0,0.0,0.0,0.0,0.0,0.0,1.68,0
0.954275444936132,-0.8686820160238381,12.810879685148125,0.939465255488386,0.6521739130434783,-0.08247422680412371,0.17291050792797635,1.0666666666666664,0.5454545454545454,-0.3333333333333333,-0.14852343530144882,-1.0,0.0,-1.0,1.0,0.0,0.0,0.0,0.0,0.0,0.0,0.0,0.0,0.0,0.0,0.0,0.0,0.0,0.0,0.0,1.0,0.0,0.0,0.0,0.0,0.0,0.0,0.0,0.0,0.0,0.0,0.0,0.0,0.0,0.0,1.8,0
1.0609750913061116,-0.7946873401117047,0.21172169711355768,1.0460619079334155,-0.17391304347826086,1.0034364261168385,0.8775597957538295,0.3666666666666666,0.45454545454545453,-0.3333333333333333,0.48916934970695913,0.0,0.0,0.0,1.0,0.0,0.0,0.0,0.0,0.0,0.0,0.0,0.0,0.0,0.0,0.0,0.0,0.0,0.0,0.0,0.0,1.0,0.0,0.0,0.0,0.0,0.0,0.0,0.0,0.0,0.0,0.0,0.0,0.0,0.0,0.87,0
0.902564300759433,-0.8897489949899415,-0.2092842856030388,0.8878040265071314,0.0,2.254295532646048,0.7104004299919376,1.0666666666666664,0.5454545454545454,-0.6666666666666666,0.32587255001174054,-1.0,0.0,0.0,1.0,0.0,0.0,0.0,0.0,0.0,0.0,0.0,0.0,0.0,0.0,0.0,0.0,0.0,0.0,0.0,1.0,0.0,0.0,0.0,0.0,0.0,0.0,0.0,0.0,0.0,0.0,0.0,0.0,0.0,0.0,1.8,0
0.7353262864982882,-1.1726446459556232,0.5263682736701719,0.7207274420170836,-0.2608695652173913,0.7835051546391752,0.17291050792797635,0.06666666666666672,-0.36363636363636365,-0.6666666666666666,9.326294595647086,0.0,0.0,0.0,1.0,0.0,0.0,0.0,0.0,0.0,0.0,0.0,0.0,0.0,0.0,0.0,0.0,0.0,0.0,0.0,1.0,0.0,0.0,0.0,0.0,0.0,0.0,0.0,0.0,0.0,0.0,0.0,0.0,0.0,0.0,1.8,0
-0.8782778632912901,-0.8776937494025343,1.9400620472132695,-0.8913191447405943,0.21739130434782608,1.2371134020618557,0.16398817522171455,-0.2333333366666666,0.2727272727272727,1.0,-0.14758294542492334,-1.0,0.0,0.0,0.0,0.0,1.0,0.0,0.0,0.0,0.0,0.0,0.0,0.0,0.0,0.0,0.0,0.0,0.0,0.0,0.0,0.0,0.0,1.0,0.0,0.0,0.0,0.0,0.0,0.0,0.0,0.0,0.0,0.0,0.0,1.76,0
-0.12814933621905675,0.09679522206698614,-0.2243518681423696,-0.1419146939314853,0.8260869565217391,-0.5498281786941581,0.20838484278419778,-0.033333333333333263,-0.45454545454545453,0.6666666666666666,0.278873117680977,0.0,0.0,0.0,0.0,1.0,0.0,0.0,0.0,0.0,0.0,0.0,0.0,0.0,0.0,0.0,0.0,0.0,0.0,0.0,0.0,0.0,1.0,0.0,0.0,0.0,0.0,0.0,0.0,0.0,0.0,0.0,0.0,0.0,0.0,1.36,0
-0.20885427737734127,0.14629997603193196,0.3987369862781931,-0.2225417330635162,0.17391304347826086,-0.7972508591065293,-0.3120343993550121,-0.19999999999999996,0.6363636363636364,-0.6666666666666666,-0.08241948159390307,0.0,0.0,0.0,0.0,1.0,0.0,0.0,0.0,0.0,0.0,0.0,0.0,0.0,0.0,0.0,0.0,0.0,0.0,0.0,0.0,0.0,1.0,0.0,0.0,0.0,0.0,0.0,0.0,0.0,0.0,0.0,0.0,0.0,0.0,0.73,0
-0.20237685752381604,0.14529867698979143,0.7062929357574752,-0.2160705656664607,0.08695652173913043,0.13745704467353953,0.007417360924482624,-0.13333333333333325,0.36363636363636365,1.0,-0.02103547582797959,0.0,0.0,0.0,0.0,1.0,0.0,0.0,0.0,0.0,0.0,0.0,0.0,0.0,0.0,0.0,0.0,0.0,0.0,0.0,0.0,0.0,1.0,0.0,0.0,0.0,0.0,0.0,0.0,0.0,0.0,0.0,0.0,0.0,0.0,0.5,0
1.0861272681597693,-0.4977602695289335,0.2604697582702163,1.0711898061553875,-0.5652173913043478,0.5910652920962199,1.7853802741198601,1.3999999999999997,-0.09090909090909091,0.3333333333333333,-0.14993203634656674,-1.0,0.0,0.0,1.0,0.0,0.0,0.0,0.0,0.0,0.0,0.0,0.0,0.0,0.0,0.0,0.0,0.0,0.0,0.0,1.0,0.0,0.0,0.0,0.0,0.0,0.0,0.0,0.0,0.0,0.0,0.0,0.0,0.0,0.0,1.3,0
-2.495330924269066,7.660173260976551,2.449700868396518,-1.0505021183991405,0.5652173913043478,0.6185567010309279,29.331738779897876,1.5666666666666664,0.0,-1.0,-0.1258397995307742,0.0,0.0,0.0,0.0,0.0,0.0,0.0,0.0,0.0,0.0,0.0,0.0,1.0,0.0,0.0,0.0,0.0,0.0,0.0,0.0,0.0,0.0,0.0,0.0,0.0,0.0,0.0,0.0,0.0,0.0,0.0,1.0,0.0,0.0,4.6,1
-0.8626717424491311,-0.8788582137781935,-0.7162641216322877,-0.875728088012455,0.6086956521739131,-0.5223367697594502,-0.07514109110454177,0.09999999999999998,-0.2727272727272727,-0.6666666666666666,9.21335999985204,0.0,0.0,0.0,0.0,0.0,1.0,0.0,0.0,0.0,0.0,0.0,0.0,0.0,0.0,0.0,0.0,0.0,0.0,0.0,0.0,0.0,0.0,1.0,0.0,0.0,0.0,0.0,0.0,0.0,0.0,0.0,0.0,0.0,0.0,1.59,0
0.37776188911863057,-0.009377764472802962,0.8720363436901142,0.36350819068018686,-0.34782608695652173,0.865979381443299,0.1040580489115829,-0.3666666666666666,-0.18181818181818182,1.0,1.8447952375513212,0.0,0.0,0.0,0.0,0.0,0.0,0.0,0.0,0.0,0.0,0.0,0.0,0.0,0.0,0.0,0.0,0.0,0.0,1.0,0.0,0.0,0.0,0.0,0.0,0.0,0.0,0.0,0.0,0.0,0.0,0.0,0.0,0.0,1.0,0.61,0
-0.2144659800189383,0.15401924177538365,-0.38211832061301,-0.2281480188991502,1.391304347826087,-0.6460481099656358,0.2685837140553614,0.13333333333333333,-0.8181818181818182,-1.0,0.5331961690167525,0.0,0.0,0.0,0.0,1.0,0.0,0.0,0.0,0.0,0.0,0.0,0.0,0.0,0.0,0.0,0.0,0.0,0.0,0.0,0.0,0.0,1.0,0.0,0.0,0.0,0.0,0.0,0.0,0.0,0.0,0.0,0.0,0.0,0.0,0.85,0
-0.23041218187790988,0.1553690105282367,0.23653889188422014,-0.24407882837423506,1.2608695652173914,-0.5910652920962199,-0.1096479441010481,0.09999999999999998,-0.7272727272727273,0.0,0.4386879183370263,0.0,0.0,0.0,0.0,1.0,0.0,0.0,0.0,0.0,0.0,0.0,0.0,0.0,0.0,0.0,0.0,0.0,0.0,0.0,0.0,0.0,1.0,0.0,0.0,0.0,0.0,0.0,0.0,0.0,0.0,0.0,0.0,0.0,0.0,0.8,0
-0.21211617615799258,0.15296501062528783,0.31276313296554087,-0.22580048323243693,0.5652173913043478,-0.3848797250859107,0.08191346412254771,-0.06666666666666662,0.7272727272727273,0.6666666666666666,0.9562858520933396,0.0,0.0,0.0,0.0,1.0,0.0,0.0,0.0,0.0,0.0,0.0,0.0,0.0,0.0,0.0,0.0,0.0,0.0,0.0,0.0,0.0,1.0,0.0,0.0,0.0,0.0,0.0,0.0,0.0,0.0,0.0,0.0,0.0,0.0,0.82,0
-0.18478424703859087,0.12855448684000692,-0.18801240437104233,-0.198494936793318,1.7391304347826086,-0.7972508591065293,-0.310454178984144,0.03333333333333336,-0.5454545454545454,-0.3333333333333333,1.7084310434042658,0.0,0.0,0.0,0.0,1.0,0.0,0.0,0.0,0.0,0.0,0.0,0.0,0.0,0.0,0.0,0.0,0.0,0.0,0.0,0.0,0.0,1.0,0.0,0.0,0.0,0.0,0.0,0.0,0.0,0.0,0.0,0.0,0.0,0.0,0.84,0
0.03339959147006558,-0.014093154089481932,-0.4051628619954137,0.01947829548885871,0.13043478260869565,-0.39862542955326463,-0.31763504434291856,-0.5333333333333332,0.36363636363636365,0.3333333333333333,-0.14952582921389124,-1.0,0.0,0.0,0.0,1.0,0.0,0.0,0.0,0.0,0.0,0.0,0.0,0.0,0.0,0.0,0.0,0.0,0.0,0.0,0.0,0.0,0.0,0.0,0.0,1.0,0.0,0.0,0.0,0.0,0.0,0.0,0.0,0.0,0.0,1.06,0
0.4066010937409405,0.013969706144345726,-0.5602703259309803,0.3923195576949925,-0.2608695652173913,0.08247422680412371,-0.241655468959957,-0.3999999999999999,-0.8181818181818182,1.0,2.2228942800295965,0.0,0.0,0.0,0.0,0.0,0.0,0.0,0.0,0.0,0.0,0.0,0.0,0.0,0.0,0.0,0.0,0.0,0.0,1.0,0.0,0.0,0.0,0.0,0.0,0.0,0.0,0.0,0.0,0.0,0.0,0.0,0.0,0.0,1.0,-0.35,0
0.6396258864905585,7.979443856528933,9.91435852405794,0.6251194186961699,4.3478260869565215,-0.6597938144329897,1.011394786347756,2.266666666666666,0.7272727272727273,-0.3333333333333333,1.4065549000584925,0.0,0.0,-1.0,1.0,0.0,0.0,0.0,0.0,0.0,0.0,0.0,0.0,0.0,0.0,0.0,0.0,0.0,0.0,0.0,0.0,0.0,0.0,0.0,0.0,0.0,0.0,0.0,0.0,0.0,0.0,0.0,1.0,0.0,0.0,4.2,0
-0.2974588880944566,0.4730410564203762,-0.039091509179373804,-0.31106081644350436,0.2608695652173913,-0.21993127147766323,-0.36457941413598494,0.06666666666666672,0.8181818181818182,-0.6666666666666666,0.9143568991016161,0.0,0.0,0.0,0.0,0.0,0.0,0.0,0.0,0.0,0.0,1.0,0.0,0.0,0.0,0.0,0.0,0.0,0.0,0.0,0.0,0.0,0.0,0.0,0.0,0.0,0.0,0.0,0.0,0.0,0.0,1.0,0.0,0.0,0.0,1.7,0
0.9729192834644128,-0.7963238244493057,5.977287839369263,0.9580910976861119,0.6521739130434783,0.6323024054982818,2.322870196183821,0.7333333333333333,-0.18181818181818182,-1.0,-0.14952754282042183,-1.0,0.0,-1.0,1.0,0.0,0.0,0.0,0.0,0.0,0.0,0.0,0.0,0.0,0.0,0.0,0.0,0.0,0.0,0.0,1.0,0.0,0.0,0.0,0.0,0.0,0.0,0.0,0.0,0.0,0.0,0.0,0.0,0.0,0.0,2.0,0
-0.2144814392548641,0.15119178500879438,0.31896743165820657,-0.22816346321274553,1.0,-0.3436426116838488,-0.1543671056167697,0.0,-0.09090909090909091,0.6666666666666666,1.5093158138815208,0.0,0.0,0.0,0.0,1.0,0.0,0.0,0.0,0.0,0.0,0.0,0.0,0.0,0.0,0.0,0.0,0.0,0.0,0.0,0.0,0.0,1.0,0.0,0.0,0.0,0.0,0.0,0.0,0.0,0.0,0.0,0.0,0.0,0.0,0.6,0
0.4828460453342079,-0.022632846506560507,1.5722357675766643,0.46849091235434875,-0.13043478260869565,-0.21993127147766323,0.15345337274926088,-0.29999999999999993,0.5454545454545454,-1.0,-0.14193100973148504,0.0,0.0,0.0,0.0,0.0,0.0,0.0,0.0,0.0,0.0,0.0,0.0,0.0,0.0,0.0,0.0,0.0,0.0,1.0,0.0,0.0,0.0,0.0,0.0,0.0,0.0,0.0,0.0,0.0,0.0,0.0,0.0,0.0,1.0,1.38,0
-0.20963496879166668,0.14506930452197755,-0.14458231352238288,-0.22332167090015254,-0.08695652173913043,-0.24742268041237114,-0.14028486965869388,-0.33333333333333326,-0.7272727272727273,0.0,0.4236242624061829,0.0,0.0,0.0,0.0,1.0,0.0,0.0,0.0,0.0,0.0,0.0,0.0,0.0,0.0,0.0,0.0,0.0,0.0,0.0,0.0,0.0,1.0,0.0,0.0,0.0,0.0,0.0,0.0,0.0,0.0,0.0,0.0,0.0,0.0,0.43,0
-0.02253959098620734,0.0161179095248816,-0.5877465041651051,-0.036406890575151604,-0.6521739130434783,0.9484536082474226,-0.005858640150497219,-0.33333333333333326,-0.36363636363636365,0.6666666666666666,-0.09598025516647532,-1.0,0.0,0.0,0.0,1.0,0.0,0.0,0.0,0.0,0.0,0.0,0.0,0.0,0.0,0.0,0.0,0.0,0.0,0.0,0.0,0.0,0.0,0.0,0.0,1.0,0.0,0.0,0.0,0.0,0.0,0.0,0.0,0.0,0.0,1.24,0
0.034930099702258695,-0.014723952067898723,-0.4813871043446377,0.021007326367983043,-0.30434782608695654,0.28865979381443296,-0.33225477022305827,-0.5666666666666665,-0.7272727272727273,-0.3333333333333333,-0.14948684466532067,-1.0,0.0,0.0,0.0,1.0,0.0,0.0,0.0,0.0,0.0,0.0,0.0,0.0,0.0,0.0,0.0,0.0,0.0,0.0,0.0,0.0,0.0,0.0,0.0,1.0,0.0,0.0,0.0,0.0,0.0,0.0,0.0,0.0,0.0,0.41,0
-0.1310247541015278,0.11316888746108554,-0.020496339669070277,-0.14478733626048768,0.13043478260869565,-0.4948453608247423,0.22719699005643643,-0.09999999999999998,0.6363636363636364,1.0,-0.10881936971187363,0.0,0.0,0.0,0.0,1.0,0.0,0.0,0.0,0.0,0.0,0.0,0.0,0.0,0.0,0.0,0.0,0.0,0.0,0.0,0.0,0.0,1.0,0.0,0.0,0.0,0.0,0.0,0.0,0.0,0.0,0.0,0.0,0.0,0.0,0.89,0
-0.4259715163578046,0.6171487203279578,-0.11145135850354847,-0.43944939537359956,-0.17391304347826086,0.06872852233676977,0.17291050792797635,0.3999999999999999,0.18181818181818182,0.3333333333333333,0.14081072298513622,0.0,0.0,0.0,0.0,0.0,0.0,0.0,0.0,0.0,0.0,0.0,0.0,0.0,0.0,0.0,0.0,1.0,0.0,0.0,0.0,0.0,0.0,0.0,0.0,0.0,0.0,0.0,0.0,0.0,0.0,1.0,0.0,0.0,0.0,1.9,0
0.03462102585164454,-0.013497692105374865,-0.46011521170151426,0.020698550856960977,-0.5217391304347826,0.13745704467353953,-0.3373609244826659,-0.5333333333333332,-0.09090909090909091,0.6666666666666666,-0.14950894030337358,-1.0,0.0,0.0,0.0,1.0,0.0,0.0,0.0,0.0,0.0,0.0,0.0,0.0,0.0,0.0,0.0,0.0,0.0,0.0,0.0,0.0,0.0,0.0,0.0,1.0,0.0,0.0,0.0,0.0,0.0,0.0,0.0,0.0,0.0,1.04,0
1.2354634872171417,-0.4891588019862407,-0.40427653022967297,1.220381875500355,1.608695652173913,0.852233676975945,4.472829884439666,2.3999999999999995,0.8181818181818182,-1.0,0.30746666931287064,0.0,0.0,0.0,1.0,0.0,0.0,0.0,0.0,0.0,0.0,0.0,0.0,0.0,0.0,0.0,0.0,0.0,0.0,0.0,1.0,0.0,0.0,0.0,0.0,0.0,0.0,0.0,0.0,0.0,0.0,0.0,0.0,0.0,0.0,3.2,0
0.9369301822257414,-0.8653208271686931,-0.2092842856030388,0.9221367356327902,-0.4782608695652174,0.6597938144329897,-0.36457941413598494,0.3999999999999999,-0.7272727272727273,-0.3333333333333333,0.9188644257413906,-1.0,0.0,0.0,1.0,0.0,0.0,0.0,0.0,0.0,0.0,0.0,0.0,0.0,0.0,0.0,0.0,0.0,0.0,0.0,1.0,0.0,0.0,0.0,0.0,0.0,0.0,0.0,0.0,0.0,0.0,0.0,0.0,0.0,0.0,0.7,0
-0.29871108620456505,0.4710296363180851,-0.057270104348884174,-0.3123118058448442,0.0,-0.16494845360824742,-0.36457941413598494,0.06666666666666672,0.45454545454545453,-0.6666666666666666,0.16027707897164345,0.0,0.0,0.0,0.0,0.0,0.0,0.0,0.0,0.0,0.0,1.0,0.0,0.0,0.0,0.0,0.0,0.0,0.0,0.0,0.0,0.0,0.0,0.0,0.0,0.0,0.0,0.0,0.0,0.0,0.0,1.0,0.0,0.0,0.0,2.0,0
-0.5442393089721546,5.6934146247723,0.23387990673022066,-0.5576030276831035,1.3043478260869565,0.0,29.019994625100775,2.133333333333333,1.0,-1.0,0.09080677818875638,0.0,0.0,0.0,0.0,0.0,0.0,0.0,0.0,0.0,0.0,0.0,0.0,1.0,0.0,0.0,0.0,0.0,0.0,0.0,0.0,0.0,0.0,0.0,0.0,0.0,0.0,0.0,0.0,0.0,0.0,0.0,1.0,0.0,0.0,4.6,1
-0.18968482482753518,0.1478305961536494,0.37569244827686366,-0.2033907842035012,0.6521739130434783,-0.5360824742268041,-0.05004031174415478,-0.2666666666666666,-0.2727272727272727,1.0,0.2369093817720799,0.0,0.0,0.0,0.0,1.0,0.0,0.0,0.0,0.0,0.0,0.0,0.0,0.0,0.0,0.0,0.0,0.0,0.0,0.0,0.0,0.0,1.0,0.0,0.0,0.0,0.0,0.0,0.0,0.0,0.0,0.0,0.0,0.0,0.0,0.53,0
1.0390538947612495,-0.8086305395488513,-0.30678040791635586,1.0241618712531693,-0.6521739130434783,0.5360824742268041,-0.36457941413598494,0.7333333333333333,-0.45454545454545453,0.3333333333333333,0.9228465342557136,-1.0,0.0,0.0,1.0,0.0,0.0,0.0,0.0,0.0,0.0,0.0,0.0,0.0,0.0,0.0,0.0,0.0,0.0,0.0,1.0,0.0,0.0,0.0,0.0,0.0,0.0,0.0,0.0,0.0,0.0,0.0,0.0,0.0,0.0,0.5,0
-0.8874297087866433,1.4389064633028794,2.1456902324559017,-0.9004621562377088,-0.21739130434782608,1.2783505154639174,2.9662456328943834,1.2666666666666666,0.18181818181818182,0.3333333333333333,1.5210405898724697,0.0,0.0,0.0,0.0,0.0,0.0,0.0,0.0,0.0,0.0,0.0,0.0,1.0,0.0,0.0,0.0,0.0,0.0,0.0,0.0,0.0,0.0,0.0,0.0,0.0,0.0,0.0,0.0,1.0,0.0,0.0,0.0,0.0,0.0,3.28,0
-0.23719105683201688,0.1533620014349506,0.17538223334223038,-0.25085115988642803,1.0434782608695652,-0.7972508591065293,-0.0019887127116366317,0.03333333333333336,-0.5454545454545454,1.0,0.36684000496995334,0.0,0.0,0.0,0.0,1.0,0.0,0.0,0.0,0.0,0.0,0.0,0.0,0.0,0.0,0.0,0.0,0.0,0.0,0.0,0.0,0.0,1.0,0.0,0.0,0.0,0.0,0.0,0.0,0.0,0.0,0.0,0.0,0.0,0.0,0.86,0
0.01821097992231618,0.24853834254708107,-0.3147573633783545,0.004304345046099494,-0.4782608695652174,-0.013745704467353952,-0.34143509809191075,-0.4333333333333333,0.5454545454545454,-1.0,0.025003924921015615,0.0,0.0,0.0,0.0,0.0,0.0,0.0,0.0,0.0,0.0,0.0,0.0,0.0,0.0,0.0,0.0,0.0,1.0,0.0,0.0,0.0,0.0,0.0,0.0,0.0,0.0,0.0,0.0,0.0,0.0,0.0,0.0,1.0,0.0,0.68,0
1.0683646060793424,-0.6678575984424373,0.32251274519687256,1.0534442898326783,-0.4782608695652174,0.06872852233676977,1.2478903520558988,1.0666666666666664,-0.45454545454545453,-0.6666666666666666,9.346762010910181,0.0,0.0,0.0,1.0,0.0,0.0,0.0,0.0,0.0,0.0,0.0,0.0,0.0,0.0,0.0,0.0,0.0,0.0,0.0,1.0,0.0,0.0,0.0,0.0,0.0,0.0,0.0,0.0,0.0,0.0,0.0,0.0,0.0,0.0,1.2,0
-0.19789367910491248,0.12246729442517784,-0.03822290736240067,-0.2115917147233954,-0.043478260869565216,-0.3711340206185567,-0.10282182209083579,-0.06666666666666662,0.8181818181818182,0.6666666666666666,0.9228194955218995,0.0,0.0,0.0,0.0,1.0,0.0,0.0,0.0,0.0,0.0,0.0,0.0,0.0,0.0,0.0,0.0,0.0,0.0,0.0,0.0,0.0,1.0,0.0,0.0,0.0,0.0,0.0,0.0,0.0,0.0,0.0,0.0,0.0,0.0,1.0,0
-0.9340238458714194,1.4626906238106758,-0.2846221982996929,-0.9470113174184281,-0.6521739130434783,1.9243986254295533,-0.19602257457672667,-0.23333333333333328,-0.45454545454545453,-1.0,-0.14110370027090685,0.0,0.0,0.0,0.0,0.0,0.0,0.0,0.0,0.0,0.0,0.0,0.0,0.0,0.0,1.0,0.0,0.0,0.0,0.0,0.0,0.0,0.0,0.0,0.0,0.0,0.0,0.0,0.0,1.0,0.0,0.0,0.0,0.0,0.0,2.12,0
-0.3048793213395435,0.48804730902562865,-0.22085973430678355,-0.3184740869699624,0.17391304347826086,-0.41237113402061853,0.17291050792797635,0.06666666666666672,0.9090909090909091,-0.3333333333333333,0.8518254030856708,0.0,0.0,0.0,0.0,0.0,0.0,0.0,0.0,0.0,0.0,0.0,0.0,0.0,0.0,0.0,0.0,1.0,0.0,0.0,0.0,0.0,0.0,0.0,0.0,0.0,0.0,0.0,0.0,0.0,0.0,1.0,0.0,0.0,0.0,1.9,0
1.1093624997584473,-0.6938472634483592,2.201528920689893,1.094402609491359,0.9565217391304348,-0.24742268041237114,0.7104004299919376,2.3999999999999995,-0.09090909090909091,0.6666666666666666,-0.08867323919627622,-1.0,0.0,0.0,1.0,0.0,0.0,0.0,0.0,0.0,0.0,0.0,0.0,0.0,0.0,0.0,0.0,0.0,0.0,0.0,1.0,0.0,0.0,0.0,0.0,0.0,0.0,0.0,0.0,0.0,0.0,0.0,0.0,0.0,0.0,2.1,0
0.16205144060754673,-0.064594775087914,2.7740970571844636,0.1480059609074096,-0.43478260869565216,2.1993127147766325,3.0038699274388603,-0.29999999999999993,0.2727272727272727,-0.6666666666666666,1.669681127112503,0.0,0.0,0.0,0.0,0.0,0.0,0.0,0.0,0.0,0.0,0.0,0.0,1.0,0.0,0.0,0.0,0.0,0.0,0.0,0.0,0.0,0.0,0.0,0.0,0.0,0.0,0.0,0.0,0.0,0.0,0.0,0.0,0.0,1.0,1.61,0
-0.20692187288643168,0.14619411181602213,0.6105694702134912,-0.22061119386391623,0.13043478260869565,-0.32989690721649484,-0.18478903520558987,-0.2666666666666666,0.9090909090909091,1.0,0.817262107656861,0.0,0.0,0.0,0.0,1.0,0.0,0.0,0.0,0.0,0.0,0.0,0.0,0.0,0.0,0.0,0.0,0.0,0.0,0.0,0.0,0.0,1.0,0.0,0.0,0.0,0.0,0.0,0.0,0.0,0.0,0.0,0.0,0.0,0.0,0.34,0
0.032062453426033005,-0.016999993941325058,-0.12774206745156974,0.01814244814353077,0.7391304347826086,-0.35738831615120276,-0.06578876646062887,-0.4333333333333333,0.9090909090909091,-0.3333333333333333,-0.11339109068860118,-1.0,0.0,0.0,0.0,1.0,0.0,0.0,0.0,0.0,0.0,0.0,0.0,0.0,0.0,0.0,0.0,0.0,0.0,0.0,0.0,0.0,0.0,0.0,0.0,1.0,0.0,0.0,0.0,0.0,0.0,0.0,0.0,0.0,0.0,1.69,0
-0.033847943280002644,0.014957677391757124,-0.1569908973834164,-0.04770432726025389,1.9565217391304348,-0.6597938144329897,0.20892233270626173,-0.33333333333333326,0.8181818181818182,0.6666666666666666,-0.13000770253777758,-1.0,0.0,0.0,0.0,1.0,0.0,0.0,0.0,0.0,0.0,0.0,0.0,0.0,0.0,0.0,0.0,0.0,0.0,0.0,0.0,0.0,0.0,0.0,0.0,1.0,0.0,0.0,0.0,0.0,0.0,0.0,0.0,0.0,0.0,2.4,0
-0.8665365514309457,-0.8735032488567513,-0.6613117617829634,-0.8795891664116504,-0.08695652173913043,-0.17869415807560138,-0.31339424885783385,-0.19999999999999996,-0.9090909090909091,0.0,-0.12609662630954402,0.0,0.0,0.0,0.0,0.0,1.0,0.0,0.0,0.0,0.0,0.0,0.0,0.0,0.0,0.0,0.0,0.0,0.0,0.0,0.0,0.0,0.0,1.0,0.0,0.0,0.0,0.0,0.0,0.0,0.0,0.0,0.0,0.0,0.0,0.83,0
-0.28354557575991873,0.5369036446681256,-0.040066470402506986,-0.2971609342063955,0.13043478260869565,-0.35738831615120276,0.17291050792797635,-0.2666666666666666,0.5454545454545454,1.0,1.203509728158692,0.0,0.0,0.0,0.0,0.0,0.0,0.0,0.0,0.0,0.0,0.0,0.0,0.0,0.0,0.0,0.0,1.0,0.0,0.0,0.0,0.0,0.0,0.0,0.0,0.0,0.0,0.0,0.0,0.0,0.0,1.0,0.0,0.0,0.0,1.3,0
-0.4294034667336573,0.6171222542739802,-0.3666518903005792,-0.44287803299208645,0.43478260869565216,-0.054982817869415807,0.17291050792797635,0.7333333333333333,-0.36363636363636365,-0.6666666666666666,1.0995494051031625,0.0,0.0,0.0,0.0,0.0,0.0,0.0,0.0,0.0,0.0,0.0,0.0,0.0,0.0,0.0,0.0,1.0,0.0,0.0,0.0,0.0,0.0,0.0,0.0,0.0,0.0,0.0,0.0,0.0,0.0,1.0,0.0,0.0,0.0,1.9,0
1.0480047923631355,-0.795873901531688,8.627409709522155,1.0331041288257092,0.17391304347826086,0.19243986254295534,0.17291050792797635,1.7333333333333332,1.0909090909090908,-0.6666666666666666,-0.14936465133810206,-1.0,0.0,-1.0,1.0,0.0,0.0,0.0,0.0,0.0,0.0,0.0,0.0,0.0,0.0,0.0,0.0,0.0,0.0,0.0,1.0,0.0,0.0,0.0,0.0,0.0,0.0,0.0,0.0,0.0,0.0,0.0,0.0,0.0,0.0,1.5,0
1.0151229975458442,-0.8012200444351464,8.237425220268886,1.0002540738053418,3.782608695652174,-0.17869415807560138,0.17291050792797635,1.3999999999999997,0.7272727272727273,0.0,-0.08395256626727568,-1.0,0.0,-1.0,1.0,0.0,0.0,0.0,0.0,0.0,0.0,0.0,0.0,0.0,0.0,0.0,0.0,0.0,0.0,0.0,1.0,0.0,0.0,0.0,0.0,0.0,0.0,0.0,0.0,0.0,0.0,0.0,0.0,0.0,0.0,2.6,0
-0.8657017526908735,-0.8731724231820319,-0.6037004167796397,-0.8787551734774239,0.0,-0.32989690721649484,-0.3229454447729105,-0.19999999999999996,0.0,0.0,0.10342828118175758,0.0,0.0,0.0,0.0,0.0,1.0,0.0,0.0,0.0,0.0,0.0,0.0,0.0,0.0,0.0,0.0,0.0,0.0,0.0,0.0,0.0,0.0,1.0,0.0,0.0,0.0,0.0,0.0,0.0,0.0,0.0,0.0,0.0,0.0,1.85,0
1.1674737676090339,-0.7640352385967346,-0.2092842856030388,1.1524577843016837,-0.043478260869565216,-0.39862542955326463,1.7853802741198601,1.3999999999999997,0.7272727272727273,1.0,-0.1474139739348172,-1.0,0.0,0.0,1.0,0.0,0.0,0.0,0.0,0.0,0.0,0.0,0.0,0.0,0.0,0.0,0.0,0.0,0.0,0.0,1.0,0.0,0.0,0.0,0.0,0.0,0.0,0.0,0.0,0.0,0.0,0.0,0.0,0.0,0.0,2.0,0
0.034041269120991424,-0.014031366579421443,-0.3448925259212103,0.02011935374785524,-0.6521739130434783,0.027491408934707903,-0.34090835796828806,-0.5666666666666665,0.5454545454545454,-0.3333333333333333,-0.14953499041803547,-1.0,0.0,0.0,0.0,1.0,0.0,0.0,0.0,0.0,0.0,0.0,0.0,0.0,0.0,0.0,0.0,0.0,0.0,0.0,0.0,0.0,0.0,0.0,0.0,1.0,0.0,0.0,0.0,0.0,0.0,0.0,0.0,0.0,0.0,0.73,0
1.170766584861541,-0.608282510939046,-0.1915577179097084,1.1557474230977993,-0.13043478260869565,-0.17869415807560138,0.7104004299919376,1.7333333333333332,0.09090909090909091,0.6666666666666666,-0.1499797207436771,-1.0,0.0,0.0,1.0,0.0,0.0,0.0,0.0,0.0,0.0,0.0,0.0,0.0,0.0,0.0,0.0,0.0,0.0,0.0,1.0,0.0,0.0,0.0,0.0,0.0,0.0,0.0,0.0,0.0,0.0,0.0,0.0,0.0,0.0,1.3,0
-0.2799281145529391,0.4918848868523686,0.0483802391033649,-0.2935469648247474,0.2608695652173913,-0.27491408934707906,-0.36457941413598494,-0.2666666666666666,-0.8181818181818182,0.6666666666666666,3.1159495670274464,0.0,0.0,0.0,0.0,0.0,0.0,0.0,0.0,0.0,0.0,0.0,0.0,0.0,0.0,0.0,0.0,1.0,0.0,0.0,0.0,0.0,0.0,0.0,0.0,0.0,0.0,0.0,0.0,0.0,0.0,1.0,0.0,0.0,0.0,1.7,0
-1.1689934105006858,0.8610492873631657,2.449700868396518,-1.1817540730700802,0.43478260869565216,1.4982817869415808,5.784305294275731,2.233333333333333,1.0909090909090908,1.0,-0.011850857886833101,0.0,0.0,0.0,0.0,0.0,0.0,0.0,0.0,0.0,0.0,0.0,0.0,1.0,0.0,0.0,0.0,0.0,0.0,0.0,0.0,0.0,0.0,0.0,0.0,0.0,0.0,0.0,0.0,0.0,0.0,0.0,1.0,0.0,0.0,4.3,0
-0.8719936617132715,-0.8760881001285374,2.0508530952965844,-0.885041009111318,1.565217391304348,0.19243986254295534,-0.1153990862671325,-0.1666666666666666,0.36363636363636365,-0.3333333333333333,0.3525641961185272,0.0,0.0,0.0,0.0,0.0,1.0,0.0,0.0,0.0,0.0,0.0,0.0,0.0,0.0,0.0,0.0,0.0,0.0,0.0,0.0,0.0,0.0,1.0,0.0,0.0,0.0,0.0,0.0,0.0,0.0,0.0,0.0,0.0,0.0,2.62,0
-0.431258575044929,0.6182867606489908,0.1942078482325473,-0.4447313506237009,-0.391304347826087,0.08247422680412371,0.7104004299919376,0.3999999999999999,1.0909090909090908,0.3333333333333333,3.9830650363068134,0.0,0.0,0.0,0.0,0.0,0.0,0.0,0.0,0.0,0.0,0.0,0.0,0.0,0.0,0.0,0.0,1.0,0.0,0.0,0.0,0.0,0.0,0.0,0.0,0.0,0.0,0.0,0.0,0.0,0.0,1.0,0.0,0.0,0.0,1.6,0
0.03454371315976644,-0.013965136830094827,-0.4778417836211882,0.020621312792674026,-0.391304347826087,-0.21993127147766323,-0.3079279763504434,-0.5666666666666665,-0.36363636363636365,0.0,-0.14957176705049935,-1.0,0.0,0.0,0.0,1.0,0.0,0.0,0.0,0.0,0.0,0.0,0.0,0.0,0.0,0.0,0.0,0.0,0.0,0.0,0.0,0.0,0.0,0.0,0.0,1.0,0.0,0.0,0.0,0.0,0.0,0.0,0.0,0.0,0.0,0.74,0
0.9085006473555024,-0.8522995286117548,4.5591624239028326,0.8937346429282979,1.0869565217391304,0.16494845360824742,2.322870196183821,1.0666666666666664,-0.2727272727272727,-0.6666666666666666,-0.1479555724603939,-1.0,0.0,0.0,1.0,0.0,0.0,0.0,0.0,0.0,0.0,0.0,0.0,0.0,0.0,0.0,0.0,0.0,0.0,0.0,1.0,0.0,0.0,0.0,0.0,0.0,0.0,0.0,0.0,0.0,0.0,0.0,0.0,0.0,0.0,2.5,0
0.03383250716121629,-0.013978463547946615,-0.37945934222115985,0.01991079329965347,-0.4782608695652174,0.4261168384879725,-0.2819672131147541,-0.5333333333333332,0.09090909090909091,1.0,-0.14954616181445596,-1.0,0.0,0.0,0.0,1.0,0.0,0.0,0.0,0.0,0.0,0.0,0.0,0.0,0.0,0.0,0.0,0.0,0.0,0.0,0.0,0.0,0.0,0.0,0.0,1.0,0.0,0.0,0.0,0.0,0.0,0.0,0.0,0.0,0.0,0.66,0
-0.2819223559875561,0.5535772586739613,0.05514292467837042,-0.29553928127873297,0.2608695652173913,-0.19243986254295534,0.7104004299919376,-0.2666666666666666,0.8181818181818182,0.3333333333333333,4.123988840845981,0.0,0.0,0.0,0.0,0.0,0.0,0.0,0.0,0.0,0.0,0.0,0.0,0.0,0.0,0.0,0.0,1.0,0.0,0.0,0.0,0.0,0.0,0.0,0.0,0.0,0.0,0.0,0.0,0.0,0.0,1.0,0.0,0.0,0.0,2.3,0
0.9793194071383001,-0.802437482918112,5.9063815685959415,0.9644850435151818,0.5217391304347826,0.3436426116838488,2.322870196183821,0.7333333333333333,-0.18181818181818182,-0.3333333333333333,-0.14933761260428788,-1.0,0.0,-1.0,1.0,0.0,0.0,0.0,0.0,0.0,0.0,0.0,0.0,0.0,0.0,0.0,0.0,0.0,0.0,0.0,1.0,0.0,0.0,0.0,0.0,0.0,0.0,0.0,0.0,0.0,0.0,0.0,0.0,0.0,0.0,1.9,0
-0.14561054304431104,0.6487756548310908,0.15942832241823307,-0.15935904598461537,-0.08695652173913043,1.3608247422680413,-0.021190738511152923,-0.09999999999999998,0.7272727272727273,0.6666666666666666,2.4074001735529165,0.0,0.0,0.0,0.0,0.0,0.0,0.0,0.0,0.0,0.0,0.0,1.0,0.0,0.0,0.0,0.0,0.0,0.0,0.0,0.0,0.0,0.0,0.0,0.0,0.0,0.0,0.0,1.0,0.0,0.0,0.0,0.0,0.0,0.0,0.69,0
-0.21264179017952284,0.14115673954231014,0.459893644820183,-0.22632558989473098,1.3478260869565217,-0.7010309278350515,-0.1473259876377318,0.09999999999999998,0.5454545454545454,0.0,-0.10756776138813372,0.0,0.0,0.0,0.0,1.0,0.0,0.0,0.0,0.0,0.0,0.0,0.0,0.0,0.0,0.0,0.0,0.0,0.0,0.0,0.0,0.0,1.0,0.0,0.0,0.0,0.0,0.0,0.0,0.0,0.0,0.0,0.0,0.0,0.0,1.22,0
0.4565653442578571,0.0843252996345967,-0.6090183870876388,0.44223557923980844,-0.5652173913043478,0.027491408934707903,1.2930395055092716,-0.19999999999999996,-0.09090909090909091,0.6666666666666666,3.16222401197989,0.0,0.0,0.0,0.0,0.0,0.0,0.0,0.0,0.0,0.0,0.0,0.0,0.0,0.0,0.0,0.0,0.0,0.0,1.0,0.0,0.0,0.0,0.0,0.0,0.0,0.0,0.0,0.0,0.0,0.0,0.0,0.0,0.0,1.0,1.57,0
0.03460545716312245,-0.013665285678384636,-0.48581874204162684,0.02068299719642063,-0.30434782608695654,-0.24742268041237114,-0.31299113141628593,-0.5666666666666665,-0.36363636363636365,-0.6666666666666666,-0.1495191725115994,-1.0,0.0,0.0,0.0,1.0,0.0,0.0,0.0,0.0,0.0,0.0,0.0,0.0,0.0,0.0,0.0,0.0,0.0,0.0,0.0,0.0,0.0,0.0,0.0,1.0,0.0,0.0,0.0,0.0,0.0,0.0,0.0,0.0,0.0,1.01,0
0.09957288671188112,0.02980081420119508,-0.044427194221306046,0.08558771566045885,-0.5217391304347826,0.08247422680412371,0.2653587745229776,-0.13333333333333325,0.6363636363636364,1.0,-0.10683591958369154,-1.0,0.0,0.0,0.0,1.0,0.0,0.0,0.0,0.0,0.0,0.0,0.0,0.0,0.0,0.0,0.0,0.0,0.0,0.0,0.0,0.0,0.0,0.0,0.0,1.0,0.0,0.0,0.0,0.0,0.0,0.0,0.0,0.0,0.0,1.94,0
0.9511217608069702,-0.7924333145146109,-0.6169953425496375,0.9363146155146415,0.7391304347826086,1.0309278350515463,0.17291050792797635,2.066666666666667,-0.8181818181818182,1.0,-0.14926577294589075,-1.0,0.0,0.0,1.0,0.0,0.0,0.0,0.0,0.0,0.0,0.0,0.0,0.0,0.0,0.0,0.0,0.0,0.0,0.0,1.0,0.0,0.0,0.0,0.0,0.0,0.0,0.0,0.0,0.0,0.0,0.0,0.0,0.0,0.0,2.4,0
-0.29945312952907366,0.4745760875510724,-0.0527232397355449,-0.3130531328974899,0.8695652173913043,-0.17869415807560138,0.17291050792797635,0.06666666666666672,-0.18181818181818182,0.0,0.5301155328764126,0.0,0.0,0.0,0.0,0.0,0.0,0.0,0.0,0.0,0.0,1.0,0.0,0.0,0.0,0.0,0.0,0.0,0.0,0.0,0.0,0.0,0.0,0.0,0.0,0.0,0.0,0.0,0.0,0.0,0.0,1.0,0.0,0.0,0.0,1.9,0
0.7331929119403258,-1.1737429871956906,0.1408154263402361,0.718596126740727,-0.6521739130434783,0.8247422680412371,-0.1828003224939532,0.30000000000000004,1.0,0.6666666666666666,1.259498427286116,0.0,0.0,0.0,1.0,0.0,0.0,0.0,0.0,0.0,0.0,0.0,0.0,0.0,0.0,0.0,0.0,0.0,0.0,0.0,0.0,1.0,0.0,0.0,0.0,0.0,0.0,0.0,0.0,0.0,0.0,0.0,0.0,0.0,0.0,0.04,0
-0.44106746024077825,6.007696369149921,0.23387990673022066,-0.4545307676008627,1.3478260869565217,0.6185567010309279,23.83859177640419,1.9333333333333333,0.5454545454545454,1.0,-0.11235165651192093,0.0,0.0,0.0,0.0,0.0,0.0,0.0,0.0,0.0,0.0,0.0,0.0,1.0,0.0,0.0,0.0,0.0,0.0,0.0,0.0,0.0,0.0,0.0,0.0,0.0,0.0,0.0,0.0,0.0,0.0,0.0,1.0,0.0,0.0,4.4,0
1.1138147597054993,-0.7745687280797864,6.260912922462549,1.0988505718072337,0.43478260869565216,-0.3711340206185567,2.8603601182477827,1.7333333333333332,-0.2727272727272727,-0.6666666666666666,-0.14932289865590517,-1.0,0.0,-1.0,1.0,0.0,0.0,0.0,0.0,0.0,0.0,0.0,0.0,0.0,0.0,0.0,0.0,0.0,0.0,0.0,1.0,0.0,0.0,0.0,0.0,0.0,0.0,0.0,0.0,0.0,0.0,0.0,0.0,0.0,0.0,1.9,0
-0.2984328199578743,0.4725646674487809,-0.10952802590882212,-0.312033808200102,0.043478260869565216,-0.13745704467353953,0.17291050792797635,0.06666666666666672,-0.5454545454545454,-0.3333333333333333,1.50558812650603,0.0,0.0,0.0,0.0,0.0,0.0,0.0,0.0,0.0,0.0,1.0,0.0,0.0,0.0,0.0,0.0,0.0,0.0,0.0,0.0,0.0,0.0,0.0,0.0,0.0,0.0,0.0,0.0,0.0,0.0,1.0,0.0,0.0,0.0,1.5,0
1.1474385978472992,-0.7571275985086028,7.28905384867571,1.1324419538802468,1.0,0.24742268041237114,1.2478903520558988,1.3999999999999997,-0.9090909090909091,0.3333333333333333,-0.1481152014995112,-1.0,0.0,-1.0,1.0,0.0,0.0,0.0,0.0,0.0,0.0,0.0,0.0,0.0,0.0,0.0,0.0,0.0,0.0,0.0,1.0,0.0,0.0,0.0,0.0,0.0,0.0,0.0,0.0,0.0,0.0,0.0,0.0,0.0,0.0,2.1,0
-0.23298614465979947,0.1692107567584785,-0.03910923574706717,-0.2466503065881003,-0.08695652173913043,0.19243986254295534,0.05192152647137867,-0.09999999999999998,-0.45454545454545453,0.0,0.6282081705855099,0.0,0.0,0.0,0.0,1.0,0.0,0.0,0.0,0.0,0.0,0.0,0.0,0.0,0.0,0.0,0.0,0.0,0.0,0.0,0.0,0.0,1.0,0.0,0.0,0.0,0.0,0.0,0.0,0.0,0.0,0.0,0.0,0.0,0.0,0.9,0
-0.23324122205259926,0.16900785034464186,-0.3617327677656801,-0.24690513776244719,0.5217391304347826,-0.3711340206185567,0.09733942488578338,0.09999999999999998,-0.5454545454545454,0.0,0.26793856145541084,0.0,0.0,0.0,0.0,1.0,0.0,0.0,0.0,0.0,0.0,0.0,0.0,0.0,0.0,0.0,0.0,0.0,0.0,0.0,0.0,0.0,1.0,0.0,0.0,0.0,0.0,0.0,0.0,0.0,0.0,0.0,0.0,0.0,0.0,0.92,0
-0.4275019807146038,0.6172545845438681,0.10460004854276216,-0.44097838241968157,-0.30434782608695654,0.013745704467353952,0.17291050792797635,0.3999999999999999,-0.18181818181818182,0.3333333333333333,0.33907905191110244,0.0,0.0,0.0,0.0,0.0,0.0,0.0,0.0,0.0,0.0,0.0,0.0,0.0,0.0,0.0,0.0,1.0,0.0,0.0,0.0,0.0,0.0,0.0,0.0,0.0,0.0,0.0,0.0,0.0,0.0,1.0,0.0,0.0,0.0,1.6,0
0.17141200796150394,0.2632093584686358,0.2746510124248806,0.15735749279026315,-0.6086956521739131,0.12371134020618557,0.4018812147272238,-0.2666666666666666,0.9090909090909091,1.0,1.0777145977366134,0.0,0.0,0.0,0.0,0.0,0.0,0.0,0.0,0.0,0.0,0.0,0.0,0.0,0.0,0.0,0.0,0.0,1.0,0.0,0.0,0.0,0.0,0.0,0.0,0.0,0.0,0.0,0.0,0.0,0.0,0.0,0.0,1.0,0.0,0.5,0
-0.07378693323542582,0.6317226941397974,0.04686461756558514,-0.08760476532282645,1.173913043478261,0.08247422680412371,0.0029915625907014523,-0.09999999999999998,0.45454545454545453,1.0,1.0971017653290254,0.0,0.0,0.0,0.0,0.0,0.0,0.0,0.0,0.0,0.0,0.0,1.0,0.0,0.0,0.0,0.0,0.0,0.0,0.0,0.0,0.0,0.0,0.0,0.0,0.0,0.0,0.0,1.0,0.0,0.0,0.0,0.0,0.0,0.0,1.82,0
-4.491037894452063,2.5494829601236515,9.47199202727088,0.9432784565154331,2.260869565217391,-0.48109965635738833,39.09793066380005,2.633333333333333,0.36363636363636365,-0.6666666666666666,1.1966127419818904,0.0,0.0,-1.0,0.0,0.0,0.0,0.0,0.0,0.0,0.0,0.0,0.0,1.0,0.0,0.0,0.0,0.0,0.0,0.0,0.0,0.0,0.0,0.0,0.0,0.0,0.0,0.0,0.0,0.0,0.0,0.0,1.0,0.0,0.0,4.8,1
1.1674273899012522,-0.7515432611193463,11.109129186588406,1.1524114513608934,1.391304347826087,-0.5910652920962199,3.3978500403117433,1.0666666666666664,1.0909090909090908,0.3333333333333333,-0.14770538590693005,-1.0,0.0,-1.0,1.0,0.0,0.0,0.0,0.0,0.0,0.0,0.0,0.0,0.0,0.0,0.0,0.0,0.0,0.0,0.0,1.0,0.0,0.0,0.0,0.0,0.0,0.0,0.0,0.0,0.0,0.0,0.0,0.0,0.0,0.0,2.2,0
-0.11443699395157651,0.12379059712405363,0.09206736518357767,-0.1282155877711379,0.5652173913043478,-0.3711340206185567,0.07632356893308252,-0.19999999999999996,0.8181818181818182,0.3333333333333333,0.04887431559904223,0.0,0.0,0.0,0.0,1.0,0.0,0.0,0.0,0.0,0.0,0.0,0.0,0.0,0.0,0.0,0.0,0.0,0.0,0.0,0.0,0.0,1.0,0.0,0.0,0.0,0.0,0.0,0.0,0.0,0.0,0.0,0.0,0.0,0.0,1.17,0
-0.18813117161684528,0.141769869792798,0.4767338841288469,-0.20183863068702423,2.130434782608696,-0.7697594501718213,-0.034883095941951096,-0.06666666666666662,-0.18181818181818182,0.3333333333333333,3.0243684858416584,0.0,0.0,0.0,0.0,1.0,0.0,0.0,0.0,0.0,0.0,0.0,0.0,0.0,0.0,0.0,0.0,0.0,0.0,0.0,0.0,0.0,1.0,0.0,0.0,0.0,0.0,0.0,0.0,0.0,0.0,0.0,0.0,0.0,0.0,1.11,0
0.018079576416936003,0.24842365631318747,-0.32982494591768535,0.004173068380528368,-0.08695652173913043,-0.5360824742268041,-0.31796291319537756,-0.3666666666666666,0.6363636363636364,-1.0,-0.013096303817857273,0.0,0.0,0.0,0.0,0.0,0.0,0.0,0.0,0.0,0.0,0.0,0.0,0.0,0.0,0.0,0.0,0.0,1.0,0.0,0.0,0.0,0.0,0.0,0.0,0.0,0.0,0.0,0.0,0.0,0.0,0.0,0.0,1.0,0.0,1.87,0
-0.8847861943041033,-0.8837675020243279,2.774983223277555,-0.8978211934593354,0.6521739130434783,1.2371134020618557,-0.18779897876914806,-0.09999997999999999,-0.7272727272727273,0.3333333333333333,0.8475826780858278,-1.0,0.0,0.0,0.0,0.0,1.0,0.0,0.0,0.0,0.0,0.0,0.0,0.0,0.0,0.0,0.0,0.0,0.0,0.0,0.0,0.0,0.0,1.0,0.0,0.0,0.0,0.0,0.0,0.0,0.0,0.0,0.0,0.0,0.0,2.32,0
0.01810276527082701,0.24837954622321634,-0.3253933039943528,0.00419623485092366,-0.13043478260869565,-0.5498281786941581,-0.31456060198871266,-0.29999999999999993,0.2727272727272727,-1.0,0.2036454284950778,0.0,0.0,0.0,0.0,0.0,0.0,0.0,0.0,0.0,0.0,0.0,0.0,0.0,0.0,0.0,0.0,0.0,1.0,0.0,0.0,0.0,0.0,0.0,0.0,0.0,0.0,0.0,0.0,0.0,0.0,0.0,0.0,1.0,0.0,1.37,0
0.018767512415697716,0.24844130034918135,-0.24385109260503302,0.004860340335583868,-0.30434782608695654,-0.09621993127147767,-0.327874227358237,-0.3666666666666666,0.7272727272727273,0.6666666666666666,2.5163484097712865,0.0,0.0,0.0,0.0,0.0,0.0,0.0,0.0,0.0,0.0,0.0,0.0,0.0,0.0,0.0,0.0,0.0,1.0,0.0,0.0,0.0,0.0,0.0,0.0,0.0,0.0,0.0,0.0,0.0,0.0,0.0,0.0,1.0,0.0,0.92,0
1.0174032348451172,-0.8145545246308102,-0.3688233948430122,1.0025321100608695,-0.6956521739130435,0.3848797250859107,-0.23359312012899755,-0.06666666666666662,0.09090909090909091,-0.3333333333333333,0.6532157039664312,0.0,0.0,0.0,1.0,0.0,0.0,0.0,0.0,0.0,0.0,0.0,0.0,0.0,0.0,0.0,0.0,0.0,0.0,0.0,0.0,1.0,0.0,0.0,0.0,0.0,0.0,0.0,0.0,0.0,0.0,0.0,0.0,0.0,0.0,-0.79,0
0.6491023981139701,-1.4076676162849817,0.6114557985981577,0.6345867829309992,-0.6086956521739131,1.3195876288659794,1.2263907551733402,0.5,0.2727272727272727,-0.6666666666666666,0.4589314443161067,0.0,0.0,0.0,1.0,0.0,0.0,0.0,0.0,0.0,0.0,0.0,0.0,0.0,0.0,0.0,0.0,0.0,0.0,0.0,0.0,1.0,0.0,0.0,0.0,0.0,0.0,0.0,0.0,0.0,0.0,0.0,0.0,0.0,0.0,1.32,0
0.03443544000774703,-0.013912233798619998,-0.46366052185910617,0.020513144153436736,-0.43478260869565216,-0.15120274914089346,-0.3217307175490459,-0.5333333333333332,-0.45454545454545453,0.6666666666666666,-0.14955448269232077,-1.0,0.0,0.0,0.0,1.0,0.0,0.0,0.0,0.0,0.0,0.0,0.0,0.0,0.0,0.0,0.0,0.0,0.0,0.0,0.0,0.0,0.0,0.0,0.0,1.0,0.0,0.0,0.0,0.0,0.0,0.0,0.0,0.0,0.0,1.06,0
0.03601230047168649,-0.014207844631016875,-0.5274761786567591,0.022088482521907236,0.30434782608695654,0.054982817869415807,-0.3071217414673475,-0.4999999999999999,-0.36363636363636365,1.0,-0.11533642954846385,-1.0,0.0,0.0,0.0,1.0,0.0,0.0,0.0,0.0,0.0,0.0,0.0,0.0,0.0,0.0,0.0,0.0,0.0,0.0,0.0,0.0,0.0,0.0,0.0,1.0,0.0,0.0,0.0,0.0,0.0,0.0,0.0,0.0,0.0,1.55,0
-0.8795223096098476,1.5334405615051732,0.41114558366352444,-0.8925623898329519,-0.30434782608695654,2.859106529209622,3.0570814297231923,0.3999999999999999,-0.5454545454545454,0.0,-0.01008661757867753,0.0,0.0,0.0,0.0,0.0,0.0,0.0,0.0,0.0,0.0,0.0,0.0,1.0,0.0,0.0,0.0,0.0,0.0,0.0,0.0,0.0,0.0,0.0,0.0,0.0,0.0,0.0,0.0,1.0,0.0,0.0,0.0,0.0,0.0,3.5,0
0.034188110160488894,-0.013806427735670342,-0.39984489675902635,0.02026605304616128,0.391304347826087,-0.6872852233676976,-0.34601988712711634,-0.5666666666666665,0.7272727272727273,0.0,-0.14772613043214153,-1.0,0.0,0.0,0.0,1.0,0.0,0.0,0.0,0.0,0.0,0.0,0.0,0.0,0.0,0.0,0.0,0.0,0.0,0.0,0.0,0.0,0.0,0.0,0.0,1.0,0.0,0.0,0.0,0.0,0.0,0.0,0.0,0.0,0.0,1.24,0
0.6828499101431895,-1.2598855818835044,0.01672945248692351,0.668301719512788,-0.6956521739130435,0.5910652920962199,-0.302445579145391,0.30000000000000004,0.36363636363636365,0.6666666666666666,1.4629043463145748,0.0,0.0,0.0,1.0,0.0,0.0,0.0,0.0,0.0,0.0,0.0,0.0,0.0,0.0,0.0,0.0,0.0,0.0,0.0,0.0,1.0,0.0,0.0,0.0,0.0,0.0,0.0,0.0,0.0,0.0,0.0,0.0,0.0,0.0,0.91,0
-0.20420877698119705,0.14561626963752167,0.8995125236147765,-0.21790071682768022,0.34782608695652173,-0.09621993127147767,-0.025154528352593405,-0.13333333333333325,-0.36363636363636365,0.3333333333333333,3.1329297106158926,0.0,0.0,0.0,0.0,1.0,0.0,0.0,0.0,0.0,0.0,0.0,0.0,0.0,0.0,0.0,0.0,0.0,0.0,0.0,0.0,0.0,1.0,0.0,0.0,0.0,0.0,0.0,0.0,0.0,0.0,0.0,0.0,0.0,0.0,0.47,0
-0.8651220561119682,-0.8818577429719185,2.3903170289154367,-0.8781760364620035,0.34782608695652173,-0.5498281786941581,-0.15979575382961567,0.4000000399999999,-0.7272727272727273,-0.6666666666666666,-0.14754323588897444,-1.0,0.0,0.0,0.0,0.0,1.0,0.0,0.0,0.0,0.0,0.0,0.0,0.0,0.0,0.0,0.0,0.0,0.0,0.0,0.0,0.0,0.0,1.0,0.0,0.0,0.0,0.0,0.0,0.0,0.0,0.0,0.0,0.0,0.0,2.21,0
-0.8659259116118171,-0.8732871094159262,-0.6568801198596308,-0.8789791160245757,-0.043478260869565216,-0.3436426116838488,-0.35394248857833915,-0.23333333333333328,-0.18181818181818182,0.0,0.8262044479977616,0.0,0.0,0.0,0.0,0.0,1.0,0.0,0.0,0.0,0.0,0.0,0.0,0.0,0.0,0.0,0.0,0.0,0.0,0.0,0.0,0.0,0.0,1.0,0.0,0.0,0.0,0.0,0.0,0.0,0.0,0.0,0.0,0.0,0.0,1.98,0
-0.014874876809214833,5.758494651503016,0.23387990673022066,-0.028749574913745288,1.608695652173913,0.08247422680412371,37.11459285138403,1.3666666666666665,0.0,-0.3333333333333333,2.5366161404426113,0.0,0.0,0.0,0.0,0.0,0.0,0.0,0.0,0.0,0.0,0.0,0.0,1.0,0.0,0.0,0.0,0.0,0.0,0.0,0.0,0.0,0.0,0.0,0.0,0.0,0.0,0.0,0.0,0.0,0.0,0.0,1.0,0.0,0.0,4.5,1
-0.8659104863439403,-0.8732519139579241,-0.6692887170336449,-0.878963705646241,0.0,-0.35738831615120276,-0.3471002418704649,-0.13333332999999992,-0.18181818181818182,0.0,0.7836883870454857,-1.0,0.0,0.0,0.0,0.0,1.0,0.0,0.0,0.0,0.0,0.0,0.0,0.0,0.0,0.0,0.0,0.0,0.0,0.0,0.0,0.0,0.0,1.0,0.0,0.0,0.0,0.0,0.0,0.0,0.0,0.0,0.0,0.0,0.0,2.14,0
0.9360953834856695,-0.8652678950607385,-0.3156436917630211,0.921302742698564,-0.043478260869565216,-0.21993127147766323,0.17291050792797635,0.7333333333333333,0.2727272727272727,-0.6666666666666666,-0.14878868181999866,-1.0,0.0,0.0,1.0,0.0,0.0,0.0,0.0,0.0,0.0,0.0,0.0,0.0,0.0,0.0,0.0,0.0,0.0,0.0,1.0,0.0,0.0,0.0,0.0,0.0,0.0,0.0,0.0,0.0,0.0,0.0,0.0,0.0,0.0,1.3,0
-0.8803957564397366,-0.8775172670433234,1.773432310895964,-0.893434993551169,1.0434782608695652,1.3333333333333333,-0.0793335124966407,-0.23333333333333328,0.5454545454545454,0.6666666666666666,3.2013716827105765,0.0,0.0,0.0,0.0,0.0,1.0,0.0,0.0,0.0,0.0,0.0,0.0,0.0,0.0,0.0,0.0,0.0,0.0,0.0,0.0,0.0,0.0,1.0,0.0,0.0,0.0,0.0,0.0,0.0,0.0,0.0,0.0,0.0,0.0,2.11,0
0.03489153181477569,-0.015650158958732875,-0.437070674545454,0.020968795708909353,-0.17391304347826086,0.0,-0.33260413867239985,-0.5333333333333332,0.18181818181818182,-0.6666666666666666,-0.11035546967366062,-1.0,0.0,0.0,0.0,1.0,0.0,0.0,0.0,0.0,0.0,0.0,0.0,0.0,0.0,0.0,0.0,0.0,0.0,0.0,0.0,0.0,0.0,0.0,0.0,1.0,0.0,0.0,0.0,0.0,0.0,0.0,0.0,0.0,0.0,1.22,0
1.2125065218651547,-0.6940325258262012,0.7568136536834669,1.197447069809126,-0.6086956521739131,1.429553264604811,1.2478903520558988,0.3999999999999999,-0.36363636363636365,-0.3333333333333333,-0.14973085234908295,-1.0,0.0,0.0,1.0,0.0,0.0,0.0,0.0,0.0,0.0,0.0,0.0,0.0,0.0,0.0,0.0,0.0,0.0,0.0,1.0,0.0,0.0,0.0,0.0,0.0,0.0,0.0,0.0,0.0,0.0,0.0,0.0,0.0,0.0,0.8,0
-0.42907882277918474,0.6168575937342052,0.02705517816828848,-0.44255370240655384,0.08695652173913043,0.041237113402061855,0.17291050792797635,0.7333333333333333,-0.9090909090909091,0.6666666666666666,3.0845356332470435,0.0,0.0,0.0,0.0,0.0,0.0,0.0,0.0,0.0,0.0,0.0,0.0,0.0,0.0,0.0,0.0,1.0,0.0,0.0,0.0,0.0,0.0,0.0,0.0,0.0,0.0,0.0,0.0,0.0,0.0,1.0,0.0,0.0,0.0,1.7,0
-0.09597866625442282,0.11953838445168341,-0.520385548620987,-0.10977507733657337,0.043478260869565216,-0.46735395189003437,-0.3294221983337812,-0.033333333333333263,0.45454545454545453,1.0,-0.07775166683557641,0.0,0.0,0.0,0.0,1.0,0.0,0.0,0.0,0.0,0.0,0.0,0.0,0.0,0.0,0.0,0.0,0.0,0.0,0.0,0.0,0.0,1.0,0.0,0.0,0.0,0.0,0.0,0.0,0.0,0.0,0.0,0.0,0.0,0.0,0.84,0
1.11951921776266,-0.7938095493214415,-0.2092842856030388,1.1045495235244485,-0.5652173913043478,1.5395189003436427,1.7853802741198601,0.3999999999999999,-1.0,0.0,-0.1500143388909919,-1.0,0.0,0.0,1.0,0.0,0.0,0.0,0.0,0.0,0.0,0.0,0.0,0.0,0.0,0.0,0.0,0.0,0.0,0.0,1.0,0.0,0.0,0.0,0.0,0.0,0.0,0.0,0.0,0.0,0.0,0.0,0.0,0.0,0.0,1.3,0
0.829565788710891,-0.945804097314323,3.7614668777029654,0.8148759777031006,0.21739130434782608,1.8969072164948453,1.7853802741198601,1.3999999999999997,0.9090909090909091,0.6666666666666666,-0.14915493226193716,-1.0,0.0,0.0,1.0,0.0,0.0,0.0,0.0,0.0,0.0,0.0,0.0,0.0,0.0,0.0,0.0,0.0,0.0,0.0,1.0,0.0,0.0,0.0,0.0,0.0,0.0,0.0,0.0,0.0,0.0,0.0,0.0,0.0,0.0,2.5,0
-0.8660805039710929,-0.8730797919931113,-0.6444715224742996,-0.8791335591605467,0.0,-0.4536082474226804,-0.3111529158828272,-0.2666666666666666,0.0,0.0,6.229933792134183,0.0,0.0,0.0,0.0,0.0,1.0,0.0,0.0,0.0,0.0,0.0,0.0,0.0,0.0,0.0,0.0,0.0,0.0,0.0,0.0,0.0,0.0,1.0,0.0,0.0,0.0,0.0,0.0,0.0,0.0,0.0,0.0,0.0,0.0,1.87,0
-0.2604030995768043,0.5588175373615096,-0.04222911166109329,-0.2740407967520047,0.9130434782608695,-0.46735395189003437,0.17291050792797635,0.06666666666666672,0.0,1.0,1.4975648559600232,0.0,0.0,0.0,0.0,0.0,0.0,0.0,0.0,0.0,0.0,0.0,0.0,0.0,0.0,0.0,0.0,1.0,0.0,0.0,0.0,0.0,0.0,0.0,0.0,0.0,0.0,0.0,0.0,0.0,0.0,1.0,0.0,0.0,0.0,1.9,0
0.9176834334962974,-0.8571428164896403,5.410037673182692,0.9029085652047897,2.5217391304347827,-0.2611683848797251,1.2478903520558988,1.7333333333333332,0.5454545454545454,0.6666666666666666,-0.12830622306880432,-1.0,0.0,0.0,1.0,0.0,0.0,0.0,0.0,0.0,0.0,0.0,0.0,0.0,0.0,0.0,0.0,0.0,0.0,0.0,1.0,0.0,0.0,0.0,0.0,0.0,0.0,0.0,0.0,0.0,0.0,0.0,0.0,0.0,0.0,2.8,0
-0.11764623223637245,0.6758871629330118,-0.2796261873978538,-0.131421728275779,0.391304347826087,-0.3164746261168385,-0.181098344799785,0.3920818546666667,-0.9090909090909091,-0.6666666666666666,-0.14846406872135592,-1.0,0.0,0.0,0.0,0.0,0.0,0.0,0.0,0.0,0.0,0.0,1.0,0.0,0.0,0.0,0.0,0.0,0.0,0.0,0.0,0.0,0.0,0.0,0.0,0.0,0.0,0.0,1.0,0.0,0.0,0.0,0.0,0.0,0.0,1.9,0
0.30869002299561044,0.27884197435133856,0.37214713473819766,0.2945029975297366,-0.5652173913043478,0.27491408934707906,-0.03300188121472722,-0.13333333333333325,0.45454545454545453,0.3333333333333333,4.19200597033697,0.0,0.0,0.0,0.0,0.0,0.0,0.0,0.0,1.0,0.0,0.0,0.0,0.0,0.0,0.0,0.0,0.0,0.0,0.0,0.0,0.0,0.0,0.0,1.0,0.0,0.0,0.0,0.0,0.0,0.0,0.0,0.0,0.0,0.0,0.69,0
0.035084725086019515,-0.014212286870283378,-0.5833148664681156,0.02116180249656156,-0.4782608695652174,0.3711340206185567,-0.2991668906208008,-0.5333333333333332,-0.18181818181818182,-0.3333333333333333,-0.14952413208434656,-1.0,0.0,0.0,0.0,1.0,0.0,0.0,0.0,0.0,0.0,0.0,0.0,0.0,0.0,0.0,0.0,0.0,0.0,0.0,0.0,0.0,0.0,0.0,0.0,1.0,0.0,0.0,0.0,0.0,0.0,0.0,0.0,0.0,0.0,0.73,0
-0.23345765135558252,0.16868143567892788,-0.48227342808032664,-0.2471213581528038,0.9565217391304348,-0.6185567010309279,0.15597957538296156,0.16666666666666669,-0.5454545454545454,0.0,0.30056800248351023,0.0,0.0,0.0,0.0,1.0,0.0,0.0,0.0,0.0,0.0,0.0,0.0,0.0,0.0,0.0,0.0,0.0,0.0,0.0,0.0,0.0,1.0,0.0,0.0,0.0,0.0,0.0,0.0,0.0,0.0,0.0,0.0,0.0,0.0,1.03,0
0.7332624785019984,-1.174162033050326,0.010525153794257931,0.7186656261519125,-0.6521739130434783,1.9518900343642611,-0.22112335393711366,-0.1666666666666666,1.0,0.6666666666666666,1.2554516795562216,0.0,0.0,0.0,1.0,0.0,0.0,0.0,0.0,0.0,0.0,0.0,0.0,0.0,0.0,0.0,0.0,0.0,0.0,0.0,0.0,1.0,0.0,0.0,0.0,0.0,0.0,0.0,0.0,0.0,0.0,0.0,0.0,0.0,0.0,0.06,0
1.1080175462327753,-0.6898773553517316,0.9429426144634357,1.0930589542084383,-0.5217391304347826,0.8797250859106529,0.7104004299919376,0.3999999999999999,0.0,0.6666666666666666,-0.15001689282380187,-1.0,0.0,0.0,1.0,0.0,0.0,0.0,0.0,0.0,0.0,0.0,0.0,0.0,0.0,0.0,0.0,0.0,0.0,0.0,1.0,0.0,0.0,0.0,0.0,0.0,0.0,0.0,0.0,0.0,0.0,0.0,0.0,0.0,0.0,1.2,0
0.4410056232970655,-0.01830564668123646,1.0147352136214236,0.4266908776046416,-0.5217391304347826,-0.06872852233676977,0.026390755173340486,-0.23333333333333328,0.9090909090909091,-1.0,0.21855462916036744,0.0,0.0,0.0,0.0,0.0,0.0,0.0,0.0,0.0,0.0,0.0,0.0,0.0,0.0,0.0,0.0,0.0,0.0,1.0,0.0,0.0,0.0,0.0,0.0,0.0,0.0,0.0,0.0,0.0,0.0,0.0,0.0,0.0,1.0,0.61,0
0.9342866528821795,-0.8686555499698604,-0.2092842856030388,0.9194957580077397,-0.4782608695652174,0.32989690721649484,0.17291050792797635,-0.2666666666666666,0.9090909090909091,0.6666666666666666,1.299446813622185,-1.0,0.0,0.0,1.0,0.0,0.0,0.0,0.0,0.0,0.0,0.0,0.0,0.0,0.0,0.0,0.0,0.0,0.0,0.0,1.0,0.0,0.0,0.0,0.0,0.0,0.0,0.0,0.0,0.0,0.0,0.0,0.0,0.0,0.0,0.9,0
-0.0869967921519326,0.05111488020846014,0.38721467670463233,-0.1008018731641035,-0.13043478260869565,0.7285223367697594,-0.16479441010481052,-0.23333333333333328,0.9090909090909091,0.0,-0.08632006198213686,-1.0,0.0,0.0,0.0,1.0,0.0,0.0,0.0,0.0,0.0,0.0,0.0,0.0,0.0,0.0,0.0,0.0,0.0,0.0,0.0,0.0,0.0,0.0,0.0,1.0,0.0,0.0,0.0,0.0,0.0,0.0,0.0,0.0,0.0,1.98,0
-0.8691522541498389,1.410831273243529,2.9814978991964294,-0.8822023442722269,-0.4782608695652174,2.268041237113402,0.8060736361193226,1.0666666666666664,0.36363636363636365,0.6666666666666666,-0.019401057691500904,0.0,0.0,0.0,0.0,0.0,0.0,0.0,0.0,0.0,0.0,0.0,0.0,1.0,0.0,0.0,0.0,0.0,0.0,0.0,0.0,0.0,0.0,0.0,0.0,0.0,0.0,0.0,0.0,1.0,0.0,0.0,0.0,0.0,0.0,3.71,0
0.9311793464607994,-0.875324995572195,-0.2092842856030388,0.9163914509747855,-0.34782608695652173,0.5910652920962199,-0.36457941413598494,0.06666666666666672,-1.0,-1.0,1.0833079412682947,-1.0,0.0,0.0,1.0,0.0,0.0,0.0,0.0,0.0,0.0,0.0,0.0,0.0,0.0,0.0,0.0,0.0,0.0,0.0,1.0,0.0,0.0,0.0,0.0,0.0,0.0,0.0,0.0,0.0,0.0,0.0,0.0,0.0,0.0,1.2,0
-0.28577170573344485,0.49987763515357897,-0.12543762041358614,-0.299384915364333,-0.043478260869565216,-0.10996563573883161,-0.36457941413598494,0.06666666666666672,-0.9090909090909091,1.0,1.6897488601293267,0.0,0.0,0.0,0.0,0.0,0.0,0.0,0.0,0.0,0.0,1.0,0.0,0.0,0.0,0.0,0.0,0.0,0.0,0.0,0.0,0.0,0.0,0.0,0.0,0.0,0.0,0.0,0.0,0.0,0.0,1.0,0.0,0.0,0.0,2.2,0
-0.30084446076252747,0.4788371222414527,-0.1117970265735684,-0.3144431211212008,0.4782608695652174,0.06872852233676977,0.17291050792797635,0.06666666666666672,0.09090909090909091,1.0,1.5016250489103884,0.0,0.0,0.0,0.0,0.0,0.0,0.0,0.0,0.0,0.0,0.0,0.0,0.0,0.0,0.0,0.0,1.0,0.0,0.0,0.0,0.0,0.0,0.0,0.0,0.0,0.0,0.0,0.0,0.0,0.0,1.0,0.0,0.0,0.0,1.5,0
-0.15646292681984136,0.07739560450146589,0.25337913119288413,-0.17020095428400184,-0.13043478260869565,-0.5223367697594502,-0.2064498790647675,-0.033333333333333263,0.5454545454545454,0.3333333333333333,-0.010665915447926845,0.0,0.0,0.0,0.0,1.0,0.0,0.0,0.0,0.0,0.0,0.0,0.0,0.0,0.0,0.0,0.0,0.0,0.0,0.0,0.0,0.0,1.0,0.0,0.0,0.0,0.0,0.0,0.0,0.0,0.0,0.0,0.0,0.0,0.0,1.15,0
-0.8665210921950199,-0.8734282617037975,-0.6515621495516317,-0.8795737220980552,0.2608695652173913,-0.5360824742268041,-0.29959688255845196,-0.19999999999999996,-0.7272727272727273,0.0,1.1949984422451598,0.0,0.0,0.0,0.0,0.0,1.0,0.0,0.0,0.0,0.0,0.0,0.0,0.0,0.0,0.0,0.0,0.0,0.0,0.0,0.0,0.0,0.0,1.0,0.0,0.0,0.0,0.0,0.0,0.0,0.0,0.0,0.0,0.0,0.0,1.62,0
-2.752226323213973,-1.4663596197873143,37.79842677134356,-0.7938546927731632,0.6521739130434783,1.2371134020618557,28.229884439666755,3.166666666666666,0.6363636363636364,0.0,-0.05638732684659942,0.0,0.0,-1.0,0.0,0.0,0.0,0.0,0.0,0.0,0.0,0.0,0.0,1.0,0.0,0.0,0.0,0.0,0.0,0.0,0.0,0.0,0.0,0.0,0.0,0.0,0.0,0.0,0.0,0.0,0.0,0.0,1.0,0.0,0.0,4.3,0
-0.3061315194496519,0.48701513292050547,-0.1117970265735684,-0.3197250763713022,-0.17391304347826086,-0.32989690721649484,0.17291050792797635,0.06666666666666672,0.2727272727272727,-0.6666666666666666,0.3131204009977689,0.0,0.0,0.0,0.0,0.0,0.0,0.0,0.0,0.0,0.0,0.0,0.0,0.0,0.0,0.0,0.0,1.0,0.0,0.0,0.0,0.0,0.0,0.0,0.0,0.0,0.0,0.0,0.0,0.0,0.0,1.0,0.0,0.0,0.0,1.6,0
1.3050764265976131,-0.5402118201088715,-0.2092842856030388,1.2899276196266898,-0.391304347826087,0.32989690721649484,3.3978500403117433,2.3999999999999995,0.09090909090909091,0.3333333333333333,-0.14960717609313592,-1.0,0.0,0.0,1.0,0.0,0.0,0.0,0.0,0.0,0.0,0.0,0.0,0.0,0.0,0.0,0.0,0.0,0.0,0.0,1.0,0.0,0.0,0.0,0.0,0.0,0.0,0.0,0.0,0.0,0.0,0.0,0.0,0.0,0.0,1.8,0
0.66221646795107,7.478645243350158,2.17750942146543,0.6476881941551559,5.086956521739131,0.5085910652920962,8.99312012899758,2.0,0.6363636363636364,-0.3333333333333333,-0.12791448272972353,0.0,0.0,0.0,0.0,0.0,0.0,0.0,0.0,0.0,0.0,0.0,0.0,0.0,0.0,0.0,1.0,0.0,0.0,0.0,0.0,0.0,0.0,0.0,0.0,0.0,0.0,0.0,0.0,0.0,0.0,0.0,1.0,0.0,0.0,4.9,1
-0.09352064774198793,0.11756666343035836,-0.4149124708456712,-0.10731943147468427,-0.043478260869565216,-0.39862542955326463,-0.1167428110722924,-0.19999999999999996,1.0909090909090908,0.6666666666666666,0.7123047127553256,0.0,0.0,0.0,0.0,1.0,0.0,0.0,0.0,0.0,0.0,0.0,0.0,0.0,0.0,0.0,0.0,0.0,0.0,0.0,0.0,0.0,1.0,0.0,0.0,0.0,0.0,0.0,0.0,0.0,0.0,0.0,0.0,0.0,0.0,0.76,0
0.73550406771145,-1.1734253945479602,0.3774651050461966,0.7209050516234451,-0.7391304347826086,2.515463917525773,-0.14883095941951086,-0.033333333333333263,0.5454545454545454,-0.6666666666666666,0.31785021865392776,0.0,0.0,0.0,1.0,0.0,0.0,0.0,0.0,0.0,0.0,0.0,0.0,0.0,0.0,0.0,0.0,0.0,0.0,0.0,0.0,1.0,0.0,0.0,0.0,0.0,0.0,0.0,0.0,0.0,0.0,0.0,0.0,0.0,0.0,0.27,0
0.6452530483680813,7.961584563304904,0.2507201460388845,0.6307411488453992,-0.7391304347826086,3.120274914089347,-0.1745767266863746,-0.3999999999999999,1.0,0.0,0.1797725827461564,0.0,0.0,0.0,1.0,0.0,0.0,0.0,0.0,0.0,0.0,0.0,0.0,0.0,0.0,0.0,0.0,0.0,0.0,0.0,0.0,1.0,0.0,0.0,0.0,0.0,0.0,0.0,0.0,0.0,0.0,0.0,0.0,0.0,0.0,1.27,0
0.017778181703993264,-0.012094954091307855,-0.0009971236590928588,0.0038719645947395713,0.8695652173913043,-0.5498281786941581,0.19279763504434289,-0.23333333333333328,-0.45454545454545453,0.0,-0.11253479820987605,-1.0,0.0,0.0,0.0,1.0,0.0,0.0,0.0,0.0,0.0,0.0,0.0,0.0,0.0,0.0,0.0,0.0,0.0,0.0,0.0,0.0,0.0,0.0,0.0,1.0,0.0,0.0,0.0,0.0,0.0,0.0,0.0,0.0,0.0,1.77,0
-0.2996386403602009,0.4743114270112971,-0.08226456479648,-0.3132384646606514,1.0434782608695652,-0.17869415807560138,0.17291050792797635,0.3999999999999999,0.2727272727272727,-0.3333333333333333,0.007069648511742814,0.0,0.0,0.0,0.0,0.0,0.0,0.0,0.0,0.0,0.0,1.0,0.0,0.0,0.0,0.0,0.0,0.0,0.0,0.0,0.0,0.0,0.0,0.0,0.0,0.0,0.0,0.0,0.0,0.0,0.0,1.0,0.0,0.0,0.0,2.0,0
-2.210177587972713,6.383434937468731,3.4203190824448226,-1.3353802048486858,2.652173913043478,-0.3024054982817869,24.35995700080623,3.6999999999999997,1.0,0.6666666666666666,2.4288405218777163,0.0,0.0,0.0,0.0,0.0,0.0,1.0,0.0,0.0,0.0,0.0,0.0,0.0,0.0,0.0,0.0,0.0,0.0,0.0,0.0,0.0,0.0,0.0,0.0,0.0,0.0,0.0,0.0,0.0,0.0,0.0,1.0,0.0,0.0,5.9,1
-0.04445921660322024,0.18899413210667268,-0.06194991821992335,-0.05830535784391744,0.30434782608695654,0.7285223367697594,1.1726417629669441,0.49800000000000005,0.5454545454545454,1.0,-0.14718921137055216,-1.0,0.0,0.0,0.0,0.0,0.0,0.0,0.0,0.0,1.0,0.0,0.0,0.0,0.0,0.0,0.0,0.0,0.0,0.0,0.0,0.0,0.0,0.0,0.0,0.0,0.0,1.0,0.0,0.0,0.0,0.0,0.0,0.0,0.0,1.64,0
1.4625009178921309,-0.6063319627609028,0.23387990673022066,1.4472001538454973,-0.43478260869565216,0.19243986254295534,1.312389142703574,2.133333333333333,-0.7272727272727273,-0.6666666666666666,-0.1296741259588211,0.0,0.0,0.0,1.0,0.0,0.0,0.0,0.0,0.0,0.0,0.0,0.0,0.0,0.0,0.0,0.0,0.0,0.0,0.0,0.0,0.0,0.0,0.0,0.0,0.0,0.0,0.0,0.0,0.0,0.0,0.0,1.0,0.0,0.0,2.5,0
-0.883912755494446,-0.8756955494043606,2.0747840022554764,-0.8969485977536084,0.08695652173913043,1.8969072164948453,0.44541789841440466,0.16666668,0.6363636363636364,1.0,-0.14776633427766653,-1.0,0.0,0.0,0.0,0.0,1.0,0.0,0.0,0.0,0.0,0.0,0.0,0.0,0.0,0.0,0.0,0.0,0.0,0.0,0.0,0.0,0.0,1.0,0.0,0.0,0.0,0.0,0.0,0.0,0.0,0.0,0.0,0.0,0.0,1.88,0
0.32022261299735116,-0.040695928346216145,3.024041661660422,0.3060244554729417,-0.21739130434782608,0.12371134020618557,-0.16291319537758667,-0.2666666666666666,0.6363636363636364,0.3333333333333333,-0.13951185866591856,0.0,0.0,0.0,0.0,0.0,0.0,0.0,0.0,0.0,0.0,0.0,0.0,1.0,0.0,0.0,0.0,0.0,0.0,0.0,0.0,0.0,0.0,0.0,0.0,0.0,0.0,0.0,0.0,0.0,0.0,0.0,0.0,0.0,1.0,1.39,0
0.6984699221240972,7.422103165632589,8.081785955921445,0.6839066539709822,0.17391304347826086,0.7972508591065293,1.1242676699811878,2.3999999999999995,-1.0,0.6666666666666666,-0.04527257830354908,0.0,0.0,-1.0,0.0,0.0,0.0,0.0,0.0,0.0,0.0,0.0,0.0,0.0,0.0,0.0,1.0,0.0,0.0,0.0,0.0,0.0,0.0,0.0,0.0,0.0,0.0,0.0,0.0,0.0,0.0,0.0,1.0,0.0,0.0,4.4,0
1.150870548223152,-0.6958322174966728,-0.6435851940896331,1.135870591498734,0.5217391304347826,-0.6323024054982818,2.322870196183821,2.733333333333333,0.09090909090909091,0.0,-0.1490169539822542,-1.0,0.0,0.0,1.0,0.0,0.0,0.0,0.0,0.0,0.0,0.0,0.0,0.0,0.0,0.0,0.0,0.0,0.0,0.0,1.0,0.0,0.0,0.0,0.0,0.0,0.0,0.0,0.0,0.0,0.0,0.0,0.0,0.0,0.0,2.0,0
-0.8838817950343095,-0.8757306834786901,1.9134722632947674,-0.8969176671786628,0.5652173913043478,1.8144329896907216,0.4384305294275732,-0.06666667999999995,-0.5454545454545454,1.0,-0.14770141495333516,-1.0,0.0,0.0,0.0,0.0,1.0,0.0,0.0,0.0,0.0,0.0,0.0,0.0,0.0,0.0,0.0,0.0,0.0,0.0,0.0,0.0,0.0,1.0,0.0,0.0,0.0,0.0,0.0,0.0,0.0,0.0,0.0,0.0,0.0,1.82,0
-0.865825426578293,-0.8731988892360095,-0.6675160604756291,-0.8788787279861997,0.13043478260869565,-0.3711340206185567,-0.3346842246707874,-0.23333333333333328,-0.09090909090909091,0.0,0.6614520548937212,0.0,0.0,0.0,0.0,0.0,1.0,0.0,0.0,0.0,0.0,0.0,0.0,0.0,0.0,0.0,0.0,0.0,0.0,0.0,0.0,0.0,0.0,1.0,0.0,0.0,0.0,0.0,0.0,0.0,0.0,0.0,0.0,0.0,0.0,1.71,0
-0.876345399828078,-0.875708876122212,2.036671854666219,-0.889388546625616,0.391304347826087,1.4570446735395188,-0.0972319269013706,-0.16666668333333326,0.9090909090909091,0.3333333333333333,-0.14769614231785647,-1.0,0.0,0.0,0.0,0.0,1.0,0.0,0.0,0.0,0.0,0.0,0.0,0.0,0.0,0.0,0.0,0.0,0.0,0.0,0.0,0.0,0.0,1.0,0.0,0.0,0.0,0.0,0.0,0.0,0.0,0.0,0.0,0.0,0.0,1.71,0
0.32649133316585865,0.2722651599379254,-0.16142255283104676,0.31228712463644087,-0.7391304347826086,1.5945017182130585,0.22074711099166885,-0.33333333333333326,0.18181818181818182,0.0,1.8598876622994953,0.0,0.0,0.0,0.0,0.0,0.0,0.0,0.0,1.0,0.0,0.0,0.0,0.0,0.0,0.0,0.0,0.0,0.0,0.0,0.0,0.0,0.0,0.0,1.0,0.0,0.0,0.0,0.0,0.0,0.0,0.0,0.0,0.0,0.0,0.2,0
0.4106514135538821,0.007472289892865436,0.09472635033757716,0.39636596785734923,-0.08695652173913043,0.5910652920962199,-0.22106960494490727,-0.33333333333333326,0.8181818181818182,0.0,1.380657494101641,0.0,0.0,0.0,0.0,0.0,0.0,0.0,0.0,0.0,0.0,0.0,0.0,0.0,0.0,0.0,0.0,0.0,0.0,1.0,0.0,0.0,0.0,0.0,0.0,0.0,0.0,0.0,0.0,0.0,0.0,0.0,0.0,0.0,1.0,0.28,0
-0.2074784053798132,0.14896863647468284,1.305450923792042,-0.22116718915340058,-0.5217391304347826,1.0721649484536082,0.5421660843859176,0.13333333333333333,0.7272727272727273,-1.0,-0.1476097534809353,-1.0,0.0,0.0,0.0,1.0,0.0,0.0,0.0,0.0,0.0,0.0,0.0,0.0,0.0,0.0,0.0,0.0,0.0,0.0,0.0,0.0,1.0,0.0,0.0,0.0,0.0,0.0,0.0,0.0,0.0,0.0,0.0,0.0,0.0,1.06,0
-0.28067015787744765,0.49008519518189747,0.05064923976811117,-0.2942882918773931,0.13043478260869565,-0.15120274914089346,-0.36457941413598494,0.06666666666666672,0.18181818181818182,-1.0,-0.10972840502237152,0.0,0.0,0.0,0.0,0.0,0.0,0.0,0.0,0.0,0.0,1.0,0.0,0.0,0.0,0.0,0.0,0.0,0.0,0.0,0.0,0.0,0.0,0.0,0.0,0.0,0.0,0.0,0.0,0.0,0.0,1.0,0.0,0.0,0.0,1.2,0
-0.866505634846203,-0.8734857372802612,-0.6231996400800588,-0.8795582796697472,-0.13043478260869565,-0.46735395189003437,-0.310722923945176,-0.2666666633333333,-0.7272727272727273,0.0,-0.13771207749923947,-1.0,0.0,0.0,0.0,0.0,1.0,0.0,0.0,0.0,0.0,0.0,0.0,0.0,0.0,0.0,0.0,0.0,0.0,0.0,0.0,0.0,0.0,1.0,0.0,0.0,0.0,0.0,0.0,0.0,0.0,0.0,0.0,0.0,0.0,2.08,0
-2.611966221569497,7.670659111562444,0.23387990673022066,-0.9339794056054572,0.21739130434782608,0.41237113402061853,20.30190808922333,3.033333333333333,0.0,-0.6666666666666666,-0.13338054154555212,0.0,0.0,0.0,0.0,0.0,0.0,0.0,0.0,0.0,0.0,0.0,0.0,1.0,0.0,0.0,0.0,0.0,0.0,0.0,0.0,0.0,0.0,0.0,0.0,0.0,0.0,0.0,0.0,0.0,0.0,0.0,1.0,0.0,0.0,4.8,1
-0.03788288736180187,0.0030524761091327473,-0.6825836433319357,-0.05173537653319407,-0.5652173913043478,0.10996563573883161,-0.1845740392367643,0.19999999999999996,-0.5454545454545454,-0.3333333333333333,-0.1179824192785151,-1.0,0.0,0.0,0.0,1.0,0.0,0.0,0.0,0.0,0.0,0.0,0.0,0.0,0.0,0.0,0.0,0.0,0.0,0.0,0.0,0.0,0.0,0.0,0.0,1.0,0.0,0.0,0.0,0.0,0.0,0.0,0.0,0.0,0.0,1.3,0
-0.8667916288237455,-0.8739487607653635,-0.7242410770942863,-0.8798439975859974,-0.5652173913043478,2.7216494845360826,-0.22225208277344796,0.13333333333333333,0.0,0.6666666666666666,3.4474630461060634,0.0,0.0,0.0,0.0,0.0,1.0,0.0,0.0,0.0,0.0,0.0,0.0,0.0,0.0,0.0,0.0,0.0,0.0,0.0,0.0,0.0,0.0,1.0,0.0,0.0,0.0,0.0,0.0,0.0,0.0,0.0,0.0,0.0,0.0,1.26,0
-0.8937834547527489,1.5310215641716283,1.434854867953354,-0.9068097691259885,-0.4782608695652174,2.6529209621993126,1.3914001612469764,0.03333333333333336,-0.7272727272727273,-1.0,-0.09527609469829629,0.0,0.0,0.0,0.0,0.0,0.0,0.0,0.0,0.0,0.0,0.0,0.0,1.0,0.0,0.0,0.0,0.0,0.0,0.0,0.0,0.0,0.0,0.0,0.0,0.0,0.0,0.0,0.0,1.0,0.0,0.0,0.0,0.0,0.0,2.91,0
0.03276587508031519,-0.012950690913476124,-0.3759140320635679,0.018845190806274233,-0.13043478260869565,-0.13745704467353953,-0.308411717280301,-0.5333333333333332,-0.8181818181818182,1.0,-0.14953527052679527,-1.0,0.0,0.0,0.0,1.0,0.0,0.0,0.0,0.0,0.0,0.0,0.0,0.0,0.0,0.0,0.0,0.0,0.0,0.0,0.0,0.0,0.0,0.0,0.0,1.0,0.0,0.0,0.0,0.0,0.0,0.0,0.0,0.0,0.0,1.04,0
0.07009215965374926,0.006497432674315279,1.242521534097081,0.056135445451936154,-0.391304347826087,0.17869415807560138,-0.2869658693899489,0.4666666666666666,0.7272727272727273,0.3333333333333333,-0.12913804722351113,-1.0,0.0,0.0,0.0,1.0,0.0,0.0,0.0,0.0,0.0,0.0,0.0,0.0,0.0,0.0,0.0,0.0,0.0,0.0,0.0,0.0,0.0,0.0,0.0,1.0,0.0,0.0,0.0,0.0,0.0,0.0,0.0,0.0,0.0,2.41,0
0.9470869002299541,-0.39565423328367255,-0.2092842856030388,0.9322836496658797,0.043478260869565216,0.9621993127147767,3.935339962375705,1.7333333333333332,0.45454545454545453,1.0,0.21600956096877547,-1.0,0.0,0.0,1.0,0.0,0.0,0.0,0.0,0.0,0.0,0.0,0.0,0.0,0.0,0.0,0.0,0.0,0.0,0.0,1.0,0.0,0.0,0.0,0.0,0.0,0.0,0.0,0.0,0.0,0.0,0.0,0.0,0.0,0.0,3.0,0
0.6587103132427664,-1.3991146698412387,20.805561714840124,0.6441854238314043,-0.30434782608695654,1.470790378006873,2.8603601182477827,1.7333333333333332,-0.36363636363636365,-0.6666666666666666,9.316569334845545,0.0,0.0,-1.0,1.0,0.0,0.0,0.0,0.0,0.0,0.0,0.0,0.0,0.0,0.0,0.0,0.0,0.0,0.0,0.0,1.0,0.0,0.0,0.0,0.0,0.0,0.0,0.0,0.0,0.0,0.0,0.0,0.0,0.0,0.0,2.1,0
0.9004309262014705,-0.8545226771458664,2.201528920689893,0.8856727112307748,-0.17391304347826086,1.6357388316151202,3.3978500403117433,0.7333333333333333,0.45454545454545453,-0.3333333333333333,-0.14994289468025565,-1.0,0.0,0.0,1.0,0.0,0.0,0.0,0.0,0.0,0.0,0.0,0.0,0.0,0.0,0.0,0.0,0.0,0.0,0.0,1.0,0.0,0.0,0.0,0.0,0.0,0.0,0.0,0.0,0.0,0.0,0.0,0.0,0.0,0.0,1.7,0
-0.22824015923013097,0.15524109126735428,0.05484157302758388,-0.24190890231388812,1.9130434782608696,-0.7697594501718213,0.12598763773179253,-0.09999999999999998,-0.6363636363636364,0.3333333333333333,0.49906048432526423,0.0,0.0,0.0,0.0,1.0,0.0,0.0,0.0,0.0,0.0,0.0,0.0,0.0,0.0,0.0,0.0,0.0,0.0,0.0,0.0,0.0,1.0,0.0,0.0,0.0,0.0,0.0,0.0,0.0,0.0,0.0,0.0,0.0,0.0,1.15,0
0.03285857954380789,-0.012809548856216744,-0.3812319972999552,0.018937805784966566,0.08695652173913043,-0.17869415807560138,-0.31983337812416013,-0.5333333333333332,0.36363636363636365,0.6666666666666666,-0.14954263573947957,-1.0,0.0,0.0,0.0,1.0,0.0,0.0,0.0,0.0,0.0,0.0,0.0,0.0,0.0,0.0,0.0,0.0,0.0,0.0,0.0,0.0,0.0,0.0,0.0,1.0,0.0,0.0,0.0,0.0,0.0,0.0,0.0,0.0,0.0,1.07,0
-0.00624554310907743,-0.0008116663085413125,0.13017947896208854,-0.020128570847095146,1.0,-0.7285223367697594,-0.04488040849234078,-0.3999999999999999,0.45454545454545453,0.0,-0.11406659767835071,-1.0,0.0,0.0,0.0,1.0,0.0,0.0,0.0,0.0,0.0,0.0,0.0,0.0,0.0,0.0,0.0,0.0,0.0,0.0,0.0,0.0,0.0,0.0,0.0,1.0,0.0,0.0,0.0,0.0,0.0,0.0,0.0,0.0,0.0,1.97,0
-0.20924075827552152,0.14602649347417326,0.40760027012485844,-0.22292784090343454,3.608695652173913,-0.9896907216494846,-0.27428110722923943,0.03333333333333336,-0.45454545454545453,0.0,0.23160506104956005,0.0,0.0,0.0,0.0,1.0,0.0,0.0,0.0,0.0,0.0,0.0,0.0,0.0,0.0,0.0,0.0,0.0,0.0,0.0,0.0,0.0,1.0,0.0,0.0,0.0,0.0,0.0,0.0,0.0,0.0,0.0,0.0,0.0,0.0,1.96,0
-0.30005603973023703,0.4839186046051358,0.05064923976811117,-0.3136554611277647,0.08695652173913043,-0.4261168384879725,-0.36457941413598494,-0.2666666666666666,-0.7272727272727273,0.0,0.10340600429686013,0.0,0.0,0.0,0.0,0.0,0.0,0.0,0.0,0.0,0.0,0.0,0.0,0.0,0.0,0.0,0.0,1.0,0.0,0.0,0.0,0.0,0.0,0.0,0.0,0.0,0.0,0.0,0.0,0.0,0.0,1.0,0.0,0.0,0.0,2.4,0
0.03425763850810859,-0.013930002755764618,-0.36527808045907784,0.020335514280180694,-0.6086956521739131,0.5498281786941581,-0.3413437248051599,-0.3666666666666666,0.9090909090909091,1.0,-0.14956560465778362,-1.0,0.0,0.0,0.0,1.0,0.0,0.0,0.0,0.0,0.0,0.0,0.0,0.0,0.0,0.0,0.0,0.0,0.0,0.0,0.0,0.0,0.0,0.0,0.0,1.0,0.0,0.0,0.0,0.0,0.0,0.0,0.0,0.0,0.0,0.72,0
-0.29954588494463735,0.47444375728118493,-0.025459778623202787,-0.3131457987790707,0.4782608695652174,-0.17869415807560138,0.17291050792797635,0.06666666666666672,0.8181818181818182,-1.0,-0.14205348316746347,0.0,0.0,0.0,0.0,0.0,0.0,0.0,0.0,0.0,0.0,1.0,0.0,0.0,0.0,0.0,0.0,0.0,0.0,0.0,0.0,0.0,0.0,0.0,0.0,0.0,0.0,0.0,0.0,0.0,0.0,1.0,0.0,0.0,0.0,1.8,0
-0.8680129084619979,-0.8768247386309294,0.20817638357489168,-0.8810640983601421,0.7391304347826086,-0.4261168384879725,-0.15366836871808653,-0.19999999999999996,-0.45454545454545453,1.0,2.0194877019217032,0.0,0.0,0.0,0.0,0.0,1.0,0.0,0.0,0.0,0.0,0.0,0.0,0.0,0.0,0.0,0.0,0.0,0.0,0.0,0.0,0.0,0.0,1.0,0.0,0.0,0.0,0.0,0.0,0.0,0.0,0.0,0.0,0.0,0.0,1.57,0
-0.9301435776536745,1.4641947778783972,0.004320855101592273,-0.9431347947056329,-0.782608695652174,1.9381443298969072,0.15990325181402845,-0.4999999999999999,0.5454545454545454,-0.3333333333333333,-0.13482349710621086,0.0,0.0,0.0,0.0,0.0,0.0,0.0,0.0,0.0,0.0,0.0,0.0,0.0,0.0,1.0,0.0,0.0,0.0,0.0,0.0,0.0,0.0,0.0,0.0,0.0,0.0,0.0,0.0,1.0,0.0,0.0,0.0,0.0,0.0,1.61,0
1.2228023729927124,-0.6893480342721809,-0.42200309792300333,1.2077329826645862,-0.043478260869565216,-0.15120274914089346,0.17291050792797635,1.3999999999999997,1.0,1.0,-0.14981976216484236,-1.0,0.0,0.0,1.0,0.0,0.0,0.0,0.0,0.0,0.0,0.0,0.0,0.0,0.0,0.0,0.0,0.0,0.0,0.0,1.0,0.0,0.0,0.0,0.0,0.0,0.0,0.0,0.0,0.0,0.0,0.0,0.0,0.0,0.0,1.8,0
-0.209588591083885,0.15030958320952617,0.6415909636768193,-0.22327533795936227,0.4782608695652174,-0.6048109965635738,-0.2539639881752217,-0.29999999999999993,0.7272727272727273,-0.3333333333333333,0.9008130309165473,0.0,0.0,0.0,0.0,1.0,0.0,0.0,0.0,0.0,0.0,0.0,0.0,0.0,0.0,0.0,0.0,0.0,0.0,0.0,0.0,0.0,1.0,0.0,0.0,0.0,0.0,0.0,0.0,0.0,0.0,0.0,0.0,0.0,0.0,0.73,0
1.0390538947612495,-0.5259201509610124,0.9783957498500964,1.0241618712531693,-0.4782608695652174,1.0584192439862543,0.17291050792797635,2.733333333333333,-0.7272727272727273,-0.6666666666666666,-0.15015981419924612,-1.0,0.0,0.0,1.0,0.0,0.0,0.0,0.0,0.0,0.0,0.0,0.0,0.0,0.0,0.0,0.0,0.0,0.0,0.0,1.0,0.0,0.0,0.0,0.0,0.0,0.0,0.0,0.0,0.0,0.0,0.0,0.0,0.0,0.0,1.3,0
0.03196974896254063,-0.01714113599858406,-0.29525812031978155,0.018049833164838765,2.652173913043478,-0.6735395189003437,-0.0017199677506046804,-0.29999999999999993,0.9090909090909091,-0.3333333333333333,1.5184897876897947,-1.0,0.0,0.0,0.0,1.0,0.0,0.0,0.0,0.0,0.0,0.0,0.0,0.0,0.0,0.0,0.0,0.0,0.0,0.0,0.0,0.0,0.0,0.0,0.0,1.0,0.0,0.0,0.0,0.0,0.0,0.0,0.0,0.0,0.0,2.99,0
-0.09839024148186902,0.04660237277520418,0.2941502639361414,-0.11218432474376488,0.6086956521739131,-0.6872852233676976,-0.23504434291857026,-0.2666666666666666,-0.36363636363636365,0.3333333333333333,-0.11859496770525192,-1.0,0.0,0.0,0.0,1.0,0.0,0.0,0.0,0.0,0.0,0.0,0.0,0.0,0.0,0.0,0.0,0.0,0.0,0.0,0.0,0.0,0.0,0.0,0.0,1.0,0.0,0.0,0.0,0.0,0.0,0.0,0.0,0.0,0.0,1.96,0
0.034041269120991424,-0.013568162174040749,-0.3732550283136588,0.02011935374785524,-0.5217391304347826,0.13745704467353953,-0.31448535339962375,-0.5333333333333332,0.2727272727272727,0.6666666666666666,-0.1495247252558379,-1.0,0.0,0.0,0.0,1.0,0.0,0.0,0.0,0.0,0.0,0.0,0.0,0.0,0.0,0.0,0.0,0.0,0.0,0.0,0.0,0.0,0.0,0.0,0.0,1.0,0.0,0.0,0.0,0.0,0.0,0.0,0.0,0.0,0.0,0.76,0
-0.20968907611741355,0.14502519443203274,-0.06126744536373015,-0.22337572599774277,0.13043478260869565,-0.24742268041237114,-0.1305563020693362,-0.1666666666666666,-0.8181818181818182,0.6666666666666666,1.9925414039982823,0.0,0.0,0.0,0.0,1.0,0.0,0.0,0.0,0.0,0.0,0.0,0.0,0.0,0.0,0.0,0.0,0.0,0.0,0.0,0.0,0.0,1.0,0.0,0.0,0.0,0.0,0.0,0.0,0.0,0.0,0.0,0.0,0.0,0.0,0.54,0
-0.8646196061759663,-0.881945920075579,1.7725459825112975,-0.8776740715256502,0.21739130434782608,-0.5498281786941581,-0.18398280032249395,0.03333333333333336,0.36363636363636365,-1.0,0.23985113339851388,0.0,0.0,0.0,0.0,0.0,1.0,0.0,0.0,0.0,0.0,0.0,0.0,0.0,0.0,0.0,0.0,0.0,0.0,0.0,0.0,0.0,0.0,1.0,0.0,0.0,0.0,0.0,0.0,0.0,0.0,0.0,0.0,0.0,0.0,2.12,0
0.7337339851977815,-1.1788288805683786,-0.4352980236930011,0.719136677716616,-0.7391304347826086,1.8969072164948453,-0.2386455253963988,-0.3666666666666666,0.0,-1.0,0.6140082217770335,0.0,0.0,0.0,1.0,0.0,0.0,0.0,0.0,0.0,0.0,0.0,0.0,0.0,0.0,0.0,0.0,0.0,0.0,0.0,0.0,1.0,0.0,0.0,0.0,0.0,0.0,0.0,0.0,0.0,0.0,0.0,0.0,0.0,0.0,-0.05,0
-0.22824788884809585,0.15525873530332182,0.1266341721855718,-0.24191662447068776,1.5217391304347827,-0.6460481099656358,0.12561139478634775,-0.09999999999999998,-0.45454545454545453,0.3333333333333333,3.203742556207541,0.0,0.0,0.0,0.0,1.0,0.0,0.0,0.0,0.0,0.0,0.0,0.0,0.0,0.0,0.0,0.0,0.0,0.0,0.0,0.0,0.0,1.0,0.0,0.0,0.0,0.0,0.0,0.0,0.0,0.0,0.0,0.0,0.0,0.0,0.98,0
0.034520537043893094,-0.013823994772835448,-0.459228884162117,0.020598159048000778,-0.17391304347826086,-0.17869415807560138,-0.3112872883633432,-0.5666666666666665,-0.36363636363636365,-1.0,-0.14954301471015463,-1.0,0.0,0.0,0.0,1.0,0.0,0.0,0.0,0.0,0.0,0.0,0.0,0.0,0.0,0.0,0.0,0.0,0.0,0.0,0.0,0.0,0.0,0.0,0.0,1.0,0.0,0.0,0.0,0.0,0.0,0.0,0.0,0.0,0.0,1.04,0
0.031900220614920934,-0.017097117445668567,-0.23055614654858805,0.01798037193081935,0.30434782608695654,-0.054982817869415807,-0.04445041655468959,-0.4333333333333333,-0.7272727272727273,0.3333333333333333,-0.10174299858989547,-1.0,0.0,0.0,0.0,1.0,0.0,0.0,0.0,0.0,0.0,0.0,0.0,0.0,0.0,0.0,0.0,0.0,0.0,0.0,0.0,0.0,0.0,0.0,0.0,1.0,0.0,0.0,0.0,0.0,0.0,0.0,0.0,0.0,0.0,1.47,0
-0.8696979651780727,-0.8691407609594395,-0.15167294059971503,-0.882747528542195,0.34782608695652173,0.3848797250859107,-0.10513302875571083,-0.19999999999999996,0.0,0.0,0.3039920849173433,0.0,0.0,0.0,0.0,0.0,1.0,0.0,0.0,0.0,0.0,0.0,0.0,0.0,0.0,0.0,0.0,0.0,0.0,0.0,0.0,0.0,0.0,1.0,0.0,0.0,0.0,0.0,0.0,0.0,0.0,0.0,0.0,0.0,0.0,1.45,0
0.6669238052909217,7.423789053270958,7.245446492150118,0.6523909876453774,1.6521739130434783,0.7697594501718213,2.9356087073367374,1.333333333333333,0.8181818181818182,0.3333333333333333,0.9994006537581923,0.0,0.0,-1.0,0.0,0.0,0.0,0.0,0.0,0.0,0.0,0.0,0.0,0.0,0.0,0.0,1.0,0.0,0.0,0.0,0.0,0.0,0.0,0.0,0.0,0.0,0.0,0.0,0.0,0.0,0.0,0.0,1.0,0.0,0.0,4.7,1
0.37626234323368263,0.002611357979012428,-0.452138263001665,0.36201009226129516,-0.43478260869565216,0.3711340206185567,-0.3544853533996237,-0.46666666666666656,0.0,0.0,0.5748435797509001,0.0,0.0,0.0,0.0,0.0,0.0,0.0,0.0,0.0,0.0,0.0,0.0,0.0,0.0,0.0,0.0,0.0,0.0,1.0,0.0,0.0,0.0,0.0,0.0,0.0,0.0,0.0,0.0,0.0,0.0,0.0,0.0,0.0,1.0,0.18,0
-2.1500071498966156,6.4243355772855875,0.23387990673022066,-1.3954925622301024,1.434782608695652,-0.21993127147766323,17.415587207739854,2.733333333333333,-0.09090909090909091,1.0,-0.13331285408759444,0.0,0.0,0.0,0.0,0.0,0.0,1.0,0.0,0.0,0.0,0.0,0.0,0.0,0.0,0.0,0.0,0.0,0.0,0.0,0.0,0.0,0.0,0.0,0.0,0.0,0.0,0.0,0.0,0.0,0.0,0.0,1.0,0.0,0.0,5.0,1
0.033662490005845806,-0.013241859506580168,-0.482273431884035,0.019740940256674513,0.30434782608695654,-0.4536082474226804,-0.3416715936576189,-0.5333333333333332,0.45454545454545453,-1.0,-0.11714062654735637,-1.0,0.0,0.0,0.0,1.0,0.0,0.0,0.0,0.0,0.0,0.0,0.0,0.0,0.0,0.0,0.0,0.0,0.0,0.0,0.0,0.0,0.0,0.0,0.0,1.0,0.0,0.0,0.0,0.0,0.0,0.0,0.0,0.0,0.0,1.44,0
-0.228688477072023,0.1762595491344816,-0.3768003503050109,-0.24235678740819633,-0.21739130434782608,0.21993127147766323,-0.2500403117441548,-0.13333333333333325,0.2727272727272727,0.3333333333333333,0.15133477158471453,0.0,0.0,0.0,0.0,1.0,0.0,0.0,0.0,0.0,0.0,0.0,0.0,0.0,0.0,0.0,0.0,0.0,0.0,0.0,0.0,0.0,1.0,0.0,0.0,0.0,0.0,0.0,0.0,0.0,0.0,0.0,0.0,0.0,0.0,1.13,0
0.032982244467432024,-0.012875778605543361,-0.5336804714325446,0.019061351338599358,-0.6086956521739131,-0.013745704467353952,-0.3128513840365493,-0.5666666666666665,0.2727272727272727,-1.0,-0.1495315796819602,-1.0,0.0,0.0,0.0,1.0,0.0,0.0,0.0,0.0,0.0,0.0,0.0,0.0,0.0,0.0,0.0,0.0,0.0,0.0,0.0,0.0,0.0,0.0,0.0,1.0,0.0,0.0,0.0,0.0,0.0,0.0,0.0,0.0,0.0,0.26,0
0.14281860519043743,0.14782618514464438,0.35594505186649367,0.12879169036164634,-0.7391304347826086,2.4329896907216493,4.134211233539371,-0.2883333333333333,-0.5454545454545454,-1.0,0.6631765197579844,0.0,0.0,0.0,0.0,0.0,0.0,0.0,0.0,0.0,1.0,0.0,0.0,0.0,0.0,0.0,0.0,0.0,0.0,0.0,0.0,0.0,0.0,0.0,0.0,0.0,0.0,1.0,0.0,0.0,0.0,0.0,0.0,0.0,0.0,2.45,0
0.9687452897640513,-0.759800669960332,4.1780412184962294,0.953921133014979,5.521739130434782,0.46735395189003437,3.935339962375705,1.7333333333333332,0.36363636363636365,0.0,1.6310183740759974,-1.0,0.0,0.0,1.0,0.0,0.0,0.0,0.0,0.0,0.0,0.0,0.0,0.0,0.0,0.0,0.0,0.0,0.0,0.0,1.0,0.0,0.0,0.0,0.0,0.0,0.0,0.0,0.0,0.0,0.0,0.0,0.0,0.0,0.0,3.0,0
-0.12874451680225937,0.11864736063443182,-0.05151783313239841,-0.14250930000496456,0.5217391304347826,-0.6735395189003437,-0.055415210964794404,-0.033333333333333263,-0.5454545454545454,-0.6666666666666666,0.35759162109348636,0.0,0.0,0.0,0.0,1.0,0.0,0.0,0.0,0.0,0.0,0.0,0.0,0.0,0.0,0.0,0.0,0.0,0.0,0.0,0.0,0.0,1.0,0.0,0.0,0.0,0.0,0.0,0.0,0.0,0.0,0.0,0.0,0.0,0.0,1.51,0
1.0620108601132368,-0.7820850874094019,7.377686687142362,1.0470966769443988,0.21739130434782608,-0.027491408934707903,0.7104004299919376,1.0666666666666664,0.0,1.0,-0.14940900738406654,-1.0,0.0,-1.0,1.0,0.0,0.0,0.0,0.0,0.0,0.0,0.0,0.0,0.0,0.0,0.0,0.0,0.0,0.0,0.0,1.0,0.0,0.0,0.0,0.0,0.0,0.0,0.0,0.0,0.0,0.0,0.0,0.0,0.0,0.0,1.8,0
-0.18994763183829552,0.14060536341778732,0.09472635033757716,-0.20365333753464346,1.7391304347826086,-0.7972508591065293,0.19817253426498252,-0.033333333333333263,0.2727272727272727,0.3333333333333333,2.7144792712041315,0.0,0.0,0.0,0.0,1.0,0.0,0.0,0.0,0.0,0.0,0.0,0.0,0.0,0.0,0.0,0.0,0.0,0.0,0.0,0.0,0.0,1.0,0.0,0.0,0.0,0.0,0.0,0.0,0.0,0.0,0.0,0.0,0.0,0.0,1.23,0
1.0377089412355773,-0.7836465845940753,6.438178599395853,1.0228182159702486,0.30434782608695654,-0.5223367697594502,1.2478903520558988,1.3999999999999997,-0.18181818181818182,0.3333333333333333,-0.14985271613658419,-1.0,0.0,-1.0,1.0,0.0,0.0,0.0,0.0,0.0,0.0,0.0,0.0,0.0,0.0,0.0,0.0,0.0,0.0,0.0,1.0,0.0,0.0,0.0,0.0,0.0,0.0,0.0,0.0,0.0,0.0,0.0,0.0,0.0,0.0,1.4,0
1.0481903031942625,-0.8043959709124486,10.923000225808439,1.0332894605888705,-0.17391304347826086,0.6872852233676976,0.17291050792797635,1.0666666666666664,1.0909090909090908,0.3333333333333333,-0.14956726883335658,-1.0,0.0,-1.0,1.0,0.0,0.0,0.0,0.0,0.0,0.0,0.0,0.0,0.0,0.0,0.0,0.0,0.0,0.0,0.0,1.0,0.0,0.0,0.0,0.0,0.0,0.0,0.0,0.0,0.0,0.0,0.0,0.0,0.0,0.0,1.3,0
-0.030709791040650414,0.1014884602555437,-0.17914910700007936,-0.044569204183857854,-0.43478260869565216,0.43986254295532645,-0.2705186777747917,-0.09999999999999998,-0.6363636363636364,0.0,-0.12640075851474922,-1.0,0.0,0.0,0.0,1.0,0.0,0.0,0.0,0.0,0.0,0.0,0.0,0.0,0.0,0.0,0.0,0.0,0.0,0.0,0.0,0.0,0.0,0.0,0.0,1.0,0.0,0.0,0.0,0.0,0.0,0.0,0.0,0.0,0.0,2.02,0
0.033925211624709,-0.013912233798619998,-0.41313980984999477,0.0200034082783458,-0.08695652173913043,-0.3024054982817869,-0.34751410911045416,-0.5333333333333332,0.45454545454545453,0.6666666666666666,-0.14952032590061037,-1.0,0.0,0.0,0.0,1.0,0.0,0.0,0.0,0.0,0.0,0.0,0.0,0.0,0.0,0.0,0.0,0.0,0.0,0.0,0.0,0.0,0.0,0.0,0.0,1.0,0.0,0.0,0.0,0.0,0.0,0.0,0.0,0.0,0.0,1.07,0
0.034087621352737775,-0.013876897804310276,-0.37945934222115985,0.020165661237201406,-0.43478260869565216,0.06872852233676977,-0.3620123622682075,-0.5333333333333332,-0.36363636363636365,0.6666666666666666,-0.1495413834885534,-1.0,0.0,0.0,0.0,1.0,0.0,0.0,0.0,0.0,0.0,0.0,0.0,0.0,0.0,0.0,0.0,0.0,0.0,0.0,0.0,0.0,0.0,0.0,0.0,1.0,0.0,0.0,0.0,0.0,0.0,0.0,0.0,0.0,0.0,0.79,0
1.0172177240139901,-0.8143119191360338,-0.8412364238702666,1.0023467782977082,-0.6956521739130435,0.4261168384879725,-0.26449879064767534,-0.29999999999999993,0.8181818181818182,-0.3333333333333333,0.28586805953878114,0.0,0.0,0.0,1.0,0.0,0.0,0.0,0.0,0.0,0.0,0.0,0.0,0.0,0.0,0.0,0.0,0.0,0.0,0.0,0.0,1.0,0.0,0.0,0.0,0.0,0.0,0.0,0.0,0.0,0.0,0.0,0.0,0.0,0.0,-1.18,0
0.7415548126533829,7.507681151168892,4.134965659001437,0.7269499559652292,1.7391304347826086,0.6735395189003437,12.551303413061005,1.2333333333333334,0.2727272727272727,-0.6666666666666666,0.007584208303505342,0.0,0.0,0.0,0.0,0.0,0.0,0.0,0.0,0.0,0.0,0.0,0.0,0.0,0.0,0.0,1.0,0.0,0.0,0.0,0.0,0.0,0.0,0.0,0.0,0.0,0.0,0.0,0.0,0.0,0.0,0.0,1.0,0.0,0.0,4.4,0
0.4125451699549752,0.00885293570870156,0.367715492814865,0.3982578962729589,0.30434782608695654,-0.4536082474226804,-0.32190808922332703,-0.19999999999999996,-0.18181818181818182,0.3333333333333333,0.3801966616415568,0.0,0.0,0.0,0.0,0.0,0.0,0.0,0.0,0.0,0.0,0.0,0.0,0.0,0.0,0.0,0.0,0.0,0.0,1.0,0.0,0.0,0.0,0.0,0.0,0.0,0.0,0.0,0.0,0.0,0.0,0.0,0.0,0.0,1.0,0.54,0
1.0139635548512993,-0.4957488494266423,-0.6258586263963027,0.9990957502855828,-0.17391304347826086,1.3195876288659794,2.322870196183821,2.066666666666667,-0.36363636363636365,-0.6666666666666666,9.328043116910722,0.0,0.0,0.0,1.0,0.0,0.0,0.0,0.0,0.0,0.0,0.0,0.0,0.0,0.0,0.0,0.0,0.0,0.0,0.0,1.0,0.0,0.0,0.0,0.0,0.0,0.0,0.0,0.0,0.0,0.0,0.0,0.0,0.0,0.0,1.8,0
-0.8659877485555294,-0.8732077112539933,-0.6559937914749643,-0.8790408932789661,0.0,0.16494845360824742,-0.33776404192421394,-0.19999999999999996,0.36363636363636365,1.0,1.4759033700078503,0.0,0.0,0.0,0.0,0.0,1.0,0.0,0.0,0.0,0.0,0.0,0.0,0.0,0.0,0.0,0.0,0.0,0.0,0.0,0.0,0.0,0.0,1.0,0.0,0.0,0.0,0.0,0.0,0.0,0.0,0.0,0.0,0.0,0.0,2.17,0
0.034504968355366726,-0.013488807626815532,-0.4521382638469333,0.02058260538745615,-0.43478260869565216,-0.06872852233676977,-0.32844934157484545,-0.5666666666666665,-1.0,-1.0,-0.14955982123574296,-1.0,0.0,0.0,0.0,1.0,0.0,0.0,0.0,0.0,0.0,0.0,0.0,0.0,0.0,0.0,0.0,0.0,0.0,0.0,0.0,0.0,0.0,0.0,0.0,1.0,0.0,0.0,0.0,0.0,0.0,0.0,0.0,0.0,0.0,0.69,0
-0.8660495854992368,-0.873273876388937,-0.6577664482442973,-0.8791026705333517,-0.13043478260869565,-0.35738831615120276,-0.3451867777479172,-0.23333333333333328,-0.18181818181818182,0.0,0.3000984083861894,0.0,0.0,0.0,0.0,0.0,1.0,0.0,0.0,0.0,0.0,0.0,0.0,0.0,0.0,0.0,0.0,0.0,0.0,0.0,0.0,0.0,0.0,1.0,0.0,0.0,0.0,0.0,0.0,0.0,0.0,0.0,0.0,0.0,0.0,2.44,0
-0.895800885041257,1.4887243989065586,3.144582321975069,-0.9088252520503693,-0.7391304347826086,3.6013745704467355,3.953077129803816,-0.23333333333333328,-0.7272727272727273,-1.0,-0.08883128644474997,0.0,0.0,0.0,0.0,0.0,0.0,0.0,0.0,0.0,0.0,0.0,0.0,0.0,0.0,1.0,0.0,0.0,0.0,0.0,0.0,0.0,0.0,0.0,0.0,0.0,0.0,0.0,0.0,1.0,0.0,0.0,0.0,0.0,0.0,3.0,0
-0.8659181819938567,-0.8732297662989655,-0.5992687748563071,-0.8789713938677806,0.08695652173913043,-0.3711340206185567,-0.3429293200752485,-0.1666666666666666,0.36363636363636365,0.6666666666666666,0.04863983161311334,0.0,0.0,0.0,0.0,0.0,1.0,0.0,0.0,0.0,0.0,0.0,0.0,0.0,0.0,0.0,0.0,0.0,0.0,0.0,0.0,0.0,0.0,1.0,0.0,0.0,0.0,0.0,0.0,0.0,0.0,0.0,0.0,0.0,0.0,2.28,0
-0.29820093141896536,0.4760846526277909,-0.016374912680370966,-0.3118021434961502,0.6521739130434783,-0.09621993127147767,-0.36457941413598494,0.06666666666666672,0.8181818181818182,-0.6666666666666666,-0.06531674923057731,0.0,0.0,0.0,0.0,0.0,0.0,0.0,0.0,0.0,0.0,1.0,0.0,0.0,0.0,0.0,0.0,0.0,0.0,0.0,0.0,0.0,0.0,0.0,0.0,0.0,0.0,0.0,0.0,0.0,0.0,1.0,0.0,0.0,0.0,1.8,0
0.033886643737226,-0.013427020116755043,-0.39629956546971995,0.019964877619272115,-0.5652173913043478,0.3848797250859107,-0.3018005912389143,-0.5333333333333332,0.0,0.3333333333333333,-0.14951577825251,-1.0,0.0,0.0,0.0,1.0,0.0,0.0,0.0,0.0,0.0,0.0,0.0,0.0,0.0,0.0,0.0,0.0,0.0,0.0,0.0,0.0,0.0,0.0,0.0,1.0,0.0,0.0,0.0,0.0,0.0,0.0,0.0,0.0,0.0,0.26,0
1.0194438539875161,-0.8161071997974999,-0.5726789233163115,1.0045707594556457,-0.6521739130434783,2.020618556701031,-0.28981456597688793,0.33333333333333337,0.5454545454545454,-1.0,0.34626857049505605,0.0,0.0,0.0,1.0,0.0,0.0,0.0,0.0,0.0,0.0,0.0,0.0,0.0,0.0,0.0,0.0,0.0,0.0,0.0,0.0,1.0,0.0,0.0,0.0,0.0,0.0,0.0,0.0,0.0,0.0,0.0,0.0,0.0,0.0,0.16,0
0.11432103458520826,-0.003727188718963503,0.6158874777133094,0.10032162759499053,-0.6086956521739131,0.9484536082474226,0.22988443966675623,-0.5333333333333332,1.0909090909090908,1.0,-0.1494939132922593,-1.0,0.0,0.0,0.0,1.0,0.0,0.0,0.0,0.0,0.0,0.0,0.0,0.0,0.0,0.0,0.0,0.0,0.0,0.0,0.0,0.0,0.0,0.0,0.0,1.0,0.0,0.0,0.0,0.0,0.0,0.0,0.0,0.0,0.0,2.28,0
-0.8439970264937203,-0.878293451705954,1.841679542418091,-0.8570713981926408,-0.30434782608695654,2.1443298969072164,0.2992206396130072,-0.2666666633333333,0.0,-1.0,-0.14764358073292827,-1.0,0.0,0.0,0.0,0.0,1.0,0.0,0.0,0.0,0.0,0.0,0.0,0.0,0.0,0.0,0.0,0.0,0.0,0.0,0.0,0.0,0.0,1.0,0.0,0.0,0.0,0.0,0.0,0.0,0.0,0.0,0.0,0.0,0.0,1.77,0
-2.827103132427678,-1.4562945794596645,21.236140044111117,-0.7190501598671226,-0.2608695652173913,0.4948453608247423,35.6579951625907,3.1,-0.6363636363636364,0.0,-0.09121306770636121,0.0,0.0,-1.0,0.0,0.0,0.0,0.0,0.0,0.0,0.0,0.0,0.0,1.0,0.0,0.0,0.0,0.0,0.0,0.0,0.0,0.0,0.0,0.0,0.0,0.0,0.0,0.0,0.0,0.0,0.0,0.0,1.0,0.0,0.0,4.2,0
-0.8779067800619468,-0.8792860902660954,1.9941281327751221,-0.8909484197066113,0.08695652173913043,1.470790378006873,-0.12711636656812686,-0.09999997999999999,1.0,0.0,-0.14772481227327183,-1.0,0.0,0.0,0.0,0.0,1.0,0.0,0.0,0.0,0.0,0.0,0.0,0.0,0.0,0.0,0.0,0.0,0.0,0.0,0.0,0.0,0.0,1.0,0.0,0.0,0.0,0.0,0.0,0.0,0.0,0.0,0.0,0.0,0.0,1.88,0
-0.20848325571508713,0.14817906586433602,-0.4193441127690038,-0.2221710695371935,-0.08695652173913043,-0.43986254295532645,-0.0917495296963182,-0.19999999999999996,-1.0,-0.3333333333333333,0.9391152345482257,0.0,0.0,0.0,0.0,1.0,0.0,0.0,0.0,0.0,0.0,0.0,0.0,0.0,0.0,0.0,0.0,0.0,0.0,0.0,0.0,0.0,1.0,0.0,0.0,0.0,0.0,0.0,0.0,0.0,0.0,0.0,0.0,0.0,0.0,0.43,0
-0.2144659800189383,0.153992775721406,-0.4166851276150042,-0.2281480188991502,1.6521739130434783,-0.6460481099656358,0.2637463047567858,0.09999999999999998,0.0,0.3333333333333333,2.8507694342536696,0.0,0.0,0.0,0.0,1.0,0.0,0.0,0.0,0.0,0.0,0.0,0.0,0.0,0.0,0.0,0.0,0.0,0.0,0.0,0.0,0.0,1.0,0.0,0.0,0.0,0.0,0.0,0.0,0.0,0.0,0.0,0.0,0.0,0.0,0.94,0
-0.1027575412085252,0.1220217825165652,0.06370485687424904,-0.11654740884876172,-0.21739130434782608,-0.35738831615120276,0.05041655468959956,-0.06666666666666662,-0.5454545454545454,-0.3333333333333333,0.5762027992693628,0.0,0.0,0.0,0.0,1.0,0.0,0.0,0.0,0.0,0.0,0.0,0.0,0.0,0.0,0.0,0.0,0.0,0.0,0.0,0.0,0.0,1.0,0.0,0.0,0.0,0.0,0.0,0.0,0.0,0.0,0.0,0.0,0.0,0.0,0.84,0
-0.2111422442945749,0.14762327873080813,-0.16585419475437935,-0.22482749147583928,0.6521739130434783,-0.7422680412371134,-0.1590432679387261,-0.06666666666666662,-0.6363636363636364,-1.0,0.3867966831020071,0.0,0.0,0.0,0.0,1.0,0.0,0.0,0.0,0.0,0.0,0.0,0.0,0.0,0.0,0.0,0.0,0.0,0.0,0.0,0.0,0.0,1.0,0.0,0.0,0.0,0.0,0.0,0.0,0.0,0.0,0.0,0.0,0.0,0.0,0.56,0
-0.934526271039054,1.4643050531033046,-0.007201413899072463,-0.9475132576103221,-0.5217391304347826,1.8831615120274914,-0.05509271701155604,-0.2666666666666666,-1.0,0.6666666666666666,-0.129528123387019,0.0,0.0,0.0,0.0,0.0,0.0,0.0,0.0,0.0,0.0,0.0,0.0,0.0,0.0,1.0,0.0,0.0,0.0,0.0,0.0,0.0,0.0,0.0,0.0,0.0,0.0,0.0,0.0,1.0,0.0,0.0,0.0,0.0,0.0,2.1,0
0.6060716149104313,7.975082250833437,2.2812984753098795,0.5915975360343424,0.08695652173913043,2.4604810996563575,1.2478903520558988,1.0666666666666664,-0.36363636363636365,-0.6666666666666666,9.326218966281939,0.0,0.0,0.0,1.0,0.0,0.0,0.0,0.0,0.0,0.0,0.0,0.0,0.0,0.0,0.0,0.0,0.0,0.0,0.0,1.0,0.0,0.0,0.0,0.0,0.0,0.0,0.0,0.0,0.0,0.0,0.0,0.0,0.0,0.0,2.7,0
-0.0894162206032991,0.1158375479038097,0.01761578087159001,-0.10321896621473702,-0.6521739130434783,2.240549828178694,-0.03499059392636389,-0.3999999999999999,0.5454545454545454,1.0,-0.1197275462830604,0.0,0.0,0.0,0.0,1.0,0.0,0.0,0.0,0.0,0.0,0.0,0.0,0.0,0.0,0.0,0.0,0.0,0.0,0.0,0.0,0.0,1.0,0.0,0.0,0.0,0.0,0.0,0.0,0.0,0.0,0.0,0.0,0.0,0.0,0.33,0
-0.10849290499952383,0.05257920381260737,0.3508752264576037,-0.12227723646744912,-0.2608695652173913,0.7560137457044673,0.08121472722386454,-0.4333333333333333,0.5454545454545454,0.0,-0.1157250886911868,-1.0,0.0,0.0,0.0,1.0,0.0,0.0,0.0,0.0,0.0,0.0,0.0,0.0,0.0,0.0,0.0,0.0,0.0,0.0,0.0,0.0,0.0,0.0,0.0,1.0,0.0,0.0,0.0,0.0,0.0,0.0,0.0,0.0,0.0,1.51,0
0.6819378152234793,-1.2604766570890196,0.040660318872919564,0.6673905050105761,-0.7391304347826086,1.3333333333333333,-0.31115829078204776,-0.1666666666666666,-0.2727272727272727,0.6666666666666666,1.8303834770894745,0.0,0.0,0.0,1.0,0.0,0.0,0.0,0.0,0.0,0.0,0.0,0.0,0.0,0.0,0.0,0.0,0.0,0.0,0.0,0.0,1.0,0.0,0.0,0.0,0.0,0.0,0.0,0.0,0.0,0.0,0.0,0.0,0.0,0.0,0.82,0
-1.4830307832035396,6.514497483370795,0.23387990673022066,-1.4954883150438631,1.6521739130434783,-0.41237113402061853,10.143348562214458,1.7999999999999998,-0.5454545454545454,0.0,0.07758315670107462,0.0,0.0,0.0,0.0,0.0,0.0,0.0,0.0,0.0,0.0,0.0,0.0,1.0,0.0,0.0,0.0,0.0,0.0,0.0,0.0,0.0,0.0,0.0,0.0,0.0,0.0,0.0,0.0,0.0,0.0,0.0,1.0,0.0,0.0,5.0,1
0.030624826574244698,-0.01140236860285728,-0.5017726483166466,0.016706208989238344,-0.6086956521739131,1.402061855670103,-0.2888470841171728,-0.5666666666666665,-1.0,-0.3333333333333333,-0.14950024045483373,-1.0,0.0,0.0,0.0,1.0,0.0,0.0,0.0,0.0,0.0,0.0,0.0,0.0,0.0,0.0,0.0,0.0,0.0,0.0,0.0,0.0,0.0,0.0,0.0,1.0,0.0,0.0,0.0,0.0,0.0,0.0,0.0,0.0,0.0,1.05,0
1.0183617074726048,-0.8150397356204157,-0.6063594019336392,1.0034896575038676,-0.6521739130434783,0.27491408934707906,-0.29067454985219027,-0.33333333333333326,-0.09090909090909091,0.3333333333333333,0.7290675084231486,0.0,0.0,0.0,1.0,0.0,0.0,0.0,0.0,0.0,0.0,0.0,0.0,0.0,0.0,0.0,0.0,0.0,0.0,0.0,0.0,1.0,0.0,0.0,0.0,0.0,0.0,0.0,0.0,0.0,0.0,0.0,0.0,0.0,0.0,-1.09,0
-0.2052290865523964,0.14741596130799278,0.5458674981328353,-0.21892004152506814,1.0,-0.4536082474226804,-0.17554420854608974,-0.09999999999999998,-0.36363636363636365,0.0,0.14925143796818305,0.0,0.0,0.0,0.0,1.0,0.0,0.0,0.0,0.0,0.0,0.0,0.0,0.0,0.0,0.0,0.0,0.0,0.0,0.0,0.0,0.0,1.0,0.0,0.0,0.0,0.0,0.0,0.0,0.0,0.0,0.0,0.0,0.0,0.0,0.64,0
-2.0742723530889475,7.339012989170174,2.7377575934131366,-1.4711542545407648,2.130434782608696,0.13745704467353953,19.71066917495297,1.9666666666666666,0.0,0.3333333333333333,-0.13168303303017373,0.0,0.0,0.0,0.0,0.0,0.0,0.0,0.0,0.0,0.0,0.0,0.0,0.0,1.0,0.0,0.0,0.0,0.0,0.0,0.0,0.0,0.0,0.0,0.0,0.0,0.0,0.0,0.0,0.0,0.0,0.0,1.0,0.0,0.0,5.0,1
-0.9318827416954918,1.463211122872232,0.0025481983322591943,-0.9448722799852716,-0.34782608695652173,0.6735395189003437,-0.09524321418973393,-0.23333333333333328,0.09090909090909091,0.6666666666666666,-0.1054554117994835,0.0,0.0,0.0,0.0,0.0,0.0,0.0,0.0,0.0,0.0,0.0,0.0,0.0,0.0,1.0,0.0,0.0,0.0,0.0,0.0,0.0,0.0,0.0,0.0,0.0,0.0,0.0,0.0,1.0,0.0,0.0,0.0,0.0,0.0,1.95,0
-0.07436669358571503,0.03171521741285073,-0.20396632036665147,-0.08818396604807435,1.0869565217391304,-0.6597938144329897,-0.15968825584520288,0.16666666666666669,-0.2727272727272727,0.0,-0.07567896087493162,-1.0,0.0,0.0,0.0,1.0,0.0,0.0,0.0,0.0,0.0,0.0,0.0,0.0,0.0,0.0,0.0,0.0,0.0,0.0,0.0,0.0,0.0,0.0,0.0,1.0,0.0,0.0,0.0,0.0,0.0,0.0,0.0,0.0,0.0,2.38,0
1.2375504840673226,-0.7284913281049293,-0.6169953425496375,1.2224668578359215,-0.043478260869565216,0.17869415807560138,1.7853802741198601,1.7333333333333332,-0.36363636363636365,0.3333333333333333,-0.14962767346355932,-1.0,0.0,0.0,1.0,0.0,0.0,0.0,0.0,0.0,0.0,0.0,0.0,0.0,0.0,0.0,0.0,0.0,0.0,0.0,1.0,0.0,0.0,0.0,0.0,0.0,0.0,0.0,0.0,0.0,0.0,0.0,0.0,0.0,0.0,1.7,0
0.03395617208484536,-0.014009357302990211,-0.3643917529196796,0.0200343388532912,-0.21739130434782608,0.054982817869415807,-0.34081160978231656,-0.5333333333333332,0.45454545454545453,-0.3333333333333333,-0.14949511611222788,-1.0,0.0,0.0,0.0,1.0,0.0,0.0,0.0,0.0,0.0,0.0,0.0,0.0,0.0,0.0,0.0,0.0,0.0,0.0,0.0,0.0,0.0,0.0,0.0,1.0,0.0,0.0,0.0,0.0,0.0,0.0,0.0,0.0,0.0,0.71,0
0.9604591393070361,-0.8327675807763472,-0.3466651852263492,0.9456429809270994,-0.5652173913043478,1.745704467353952,0.39865627519484,-0.1666666666666666,-0.5454545454545454,-1.0,0.8792988986490181,0.0,0.0,0.0,1.0,0.0,0.0,0.0,0.0,0.0,0.0,0.0,0.0,0.0,0.0,0.0,0.0,0.0,0.0,0.0,0.0,1.0,0.0,0.0,0.0,0.0,0.0,0.0,0.0,0.0,0.0,0.0,0.0,0.0,0.0,0.37,0
1.0794952559469728,-0.6574829052832499,0.9074894790767751,1.0645641956223655,0.13043478260869565,-0.4536082474226804,2.322870196183821,1.7333333333333332,0.18181818181818182,-1.0,-0.14887358772819143,-1.0,0.0,0.0,1.0,0.0,0.0,0.0,0.0,0.0,0.0,0.0,0.0,0.0,0.0,0.0,0.0,0.0,0.0,0.0,1.0,0.0,0.0,0.0,0.0,0.0,0.0,0.0,0.0,0.0,0.0,0.0,0.0,0.0,0.0,1.8,0
-0.2144118726931914,0.15400600874839482,-0.3794593354590104,-0.22809396380155997,0.9565217391304348,-0.4948453608247423,0.2648212846009137,0.13333333333333333,-0.18181818181818182,-0.3333333333333333,1.473487629678359,0.0,0.0,0.0,0.0,1.0,0.0,0.0,0.0,0.0,0.0,0.0,0.0,0.0,0.0,0.0,0.0,0.0,0.0,0.0,0.0,0.0,1.0,0.0,0.0,0.0,0.0,0.0,0.0,0.0,0.0,0.0,0.0,0.0,0.0,0.78,0
-2.0721760806972105,7.1305054761191,7.698626195230109,-1.473248503464489,0.6521739130434783,0.4948453608247423,14.658263907551733,2.033333333333333,-0.9090909090909091,1.0,-0.13256776478651205,0.0,0.0,-1.0,0.0,0.0,0.0,0.0,0.0,0.0,0.0,0.0,0.0,0.0,1.0,0.0,0.0,0.0,0.0,0.0,0.0,0.0,0.0,0.0,0.0,0.0,0.0,0.0,0.0,0.0,0.0,0.0,1.0,0.0,0.0,4.9,1
0.3134978453689914,0.28500856492809984,0.5467538265175018,0.2993061790583393,-0.6086956521739131,0.13745704467353953,-0.01961838215533459,0.13333333333333333,-0.09090909090909091,-0.3333333333333333,1.5579506859218868,0.0,0.0,0.0,0.0,0.0,0.0,0.0,0.0,1.0,0.0,0.0,0.0,0.0,0.0,0.0,0.0,0.0,0.0,0.0,0.0,0.0,0.0,0.0,1.0,0.0,0.0,0.0,0.0,0.0,0.0,0.0,0.0,0.0,0.0,0.22,0
0.7347929428587974,-1.1733195303320505,0.3872147172775285,0.7201946131979943,-0.6956521739130435,2.3780068728522337,-0.08873958613276002,0.19999999999999996,0.0,0.0,0.6147297489883204,0.0,0.0,0.0,1.0,0.0,0.0,0.0,0.0,0.0,0.0,0.0,0.0,0.0,0.0,0.0,0.0,0.0,0.0,0.0,0.0,1.0,0.0,0.0,0.0,0.0,0.0,0.0,0.0,0.0,0.0,0.0,0.0,0.0,0.0,0.61,0
0.6490451989410405,7.482144055685985,0.23387990673022066,0.6345296389706926,1.8695652173913044,0.6872852233676976,10.127223864552539,2.333333333333333,-0.8181818181818182,0.6666666666666666,-0.13608095475993495,0.0,0.0,0.0,0.0,0.0,0.0,0.0,0.0,0.0,0.0,0.0,0.0,0.0,0.0,0.0,1.0,0.0,0.0,0.0,0.0,0.0,0.0,0.0,0.0,0.0,0.0,0.0,0.0,0.0,0.0,0.0,1.0,0.0,0.0,5.0,1
-0.29810817600340167,0.4762699150056333,0.16994017706037806,-0.3117094776145694,0.6956521739130435,-0.24742268041237114,-0.36457941413598494,0.3999999999999999,-0.09090909090909091,0.3333333333333333,0.2452902852964153,0.0,0.0,0.0,0.0,0.0,0.0,0.0,0.0,0.0,0.0,1.0,0.0,0.0,0.0,0.0,0.0,0.0,0.0,0.0,0.0,0.0,0.0,0.0,0.0,0.0,0.0,0.0,0.0,0.0,0.0,1.0,0.0,0.0,0.0,1.6,0
0.9992618214844711,-0.7964561547191932,6.074783961682581,0.9844082080550378,-0.34782608695652173,1.5807560137457044,1.7853802741198601,0.06666666666666672,-1.0,0.0,-0.14994607473852872,-1.0,0.0,-1.0,1.0,0.0,0.0,0.0,0.0,0.0,0.0,0.0,0.0,0.0,0.0,0.0,0.0,0.0,0.0,0.0,1.0,0.0,0.0,0.0,0.0,0.0,0.0,0.0,0.0,0.0,0.0,0.0,0.0,0.0,0.0,1.5,0
-0.21257222361785014,0.15445152065700746,-0.3608464393810135,-0.22625609048354545,0.9565217391304348,-0.7285223367697594,0.32287019618382157,-0.09999999999999998,-1.0,0.0,0.6186107382403536,0.0,0.0,0.0,0.0,1.0,0.0,0.0,0.0,0.0,0.0,0.0,0.0,0.0,0.0,0.0,0.0,0.0,0.0,0.0,0.0,0.0,1.0,0.0,0.0,0.0,0.0,0.0,0.0,0.0,0.0,0.0,0.0,0.0,0.0,0.83,0
0.48563643741908075,0.00620191930194456,-0.20307998691037313,0.4712786109585706,-0.5652173913043478,0.5085910652920962,-0.2234345606019887,-0.3999999999999999,-0.9090909090909091,-1.0,1.0509820063199378,0.0,0.0,0.0,0.0,0.0,0.0,0.0,0.0,0.0,0.0,0.0,0.0,0.0,0.0,0.0,0.0,0.0,0.0,1.0,0.0,0.0,0.0,0.0,0.0,0.0,0.0,0.0,0.0,0.0,0.0,0.0,0.0,0.0,1.0,1.1,0
-0.42791938008464,0.6175986432455755,0.053458900747504104,-0.44139537888679486,-0.13043478260869565,0.0,0.17291050792797635,0.7333333333333333,-0.36363636363636365,1.0,1.4098015583084678,0.0,0.0,0.0,0.0,0.0,0.0,0.0,0.0,0.0,0.0,0.0,0.0,0.0,0.0,0.0,0.0,1.0,0.0,0.0,0.0,0.0,0.0,0.0,0.0,0.0,0.0,0.0,0.0,0.0,0.0,1.0,0.0,0.0,0.0,1.4,0
-0.26513362577054705,0.5463784919920766,0.02917350300764148,-0.2787667567126215,0.043478260869565216,-0.21993127147766323,-0.36457941413598494,-0.2666666666666666,0.5454545454545454,-1.0,-0.0212178266306129,0.0,0.0,0.0,0.0,0.0,0.0,0.0,0.0,0.0,0.0,0.0,0.0,0.0,0.0,0.0,0.0,1.0,0.0,0.0,0.0,0.0,0.0,0.0,0.0,0.0,0.0,0.0,0.0,0.0,0.0,1.0,0.0,0.0,0.0,1.1,0
-0.22370287348548018,0.16603924129018136,-0.39275426122900825,-0.23737599627323225,1.2608695652173914,-0.013745704467353952,-0.22332706261757593,0.03333333333333336,-0.9090909090909091,-0.3333333333333333,1.0083027902535684,0.0,0.0,0.0,0.0,1.0,0.0,0.0,0.0,0.0,0.0,0.0,0.0,0.0,0.0,0.0,0.0,0.0,0.0,0.0,0.0,0.0,1.0,0.0,0.0,0.0,0.0,0.0,0.0,0.0,0.0,0.0,0.0,0.0,0.0,1.33,0
0.034822003467156325,-0.013823994772835448,-0.4379570020848513,0.02089933447489027,-0.5217391304347826,-0.24742268041237114,-0.29088954582101584,-0.5666666666666665,0.7272727272727273,1.0,-0.1495028108646296,-1.0,0.0,0.0,0.0,1.0,0.0,0.0,0.0,0.0,0.0,0.0,0.0,0.0,0.0,0.0,0.0,0.0,0.0,0.0,0.0,0.0,0.0,0.0,0.0,1.0,0.0,0.0,0.0,0.0,0.0,0.0,0.0,0.0,0.0,0.27,0
-0.055421368819476596,0.017216152228018353,-0.4415023122424432,-0.06925692862789108,-0.4782608695652174,0.08247422680412371,-0.1724267669981188,0.16666666666666669,0.2727272727272727,-0.3333333333333333,-0.1495250712725412,-1.0,0.0,0.0,0.0,1.0,0.0,0.0,0.0,0.0,0.0,0.0,0.0,0.0,0.0,0.0,0.0,0.0,0.0,0.0,0.0,0.0,0.0,0.0,0.0,1.0,0.0,0.0,0.0,0.0,0.0,0.0,0.0,0.0,0.0,1.08,0
-0.17664495932288624,0.09516755974736896,0.024706407948922166,-0.19036350568460939,0.0,0.7972508591065293,-0.15576457941413596,0.09999999999999998,1.0909090909090908,0.0,0.9446021037972095,0.0,0.0,0.0,0.0,1.0,0.0,0.0,0.0,0.0,0.0,0.0,0.0,0.0,0.0,0.0,0.0,0.0,0.0,0.0,0.0,0.0,1.0,0.0,0.0,0.0,0.0,0.0,0.0,0.0,0.0,0.0,0.0,0.0,0.0,1.31,0
1.0235173626543488,-0.8180524547648472,1.6254154706566553,1.0086403360883978,-0.6086956521739131,1.9243986254295533,0.17291050792797635,0.06666666666666672,0.0,0.0,-0.15034387860841003,-1.0,0.0,0.0,1.0,0.0,0.0,0.0,0.0,0.0,0.0,0.0,0.0,0.0,0.0,0.0,0.0,0.0,0.0,0.0,1.0,0.0,0.0,0.0,0.0,0.0,0.0,0.0,0.0,0.0,0.0,0.0,0.0,0.0,0.0,0.6,0
-0.09919418732729211,0.5200183022304695,-0.044391752919679596,-0.11298749456470351,-0.17391304347826086,0.16494845360824742,1.7853802741198601,0.3999999999999999,-0.6363636363636364,0.6666666666666666,3.2213499951250784,0.0,0.0,0.0,0.0,0.0,0.0,0.0,0.0,0.0,0.0,0.0,0.0,0.0,0.0,0.0,0.0,1.0,0.0,0.0,0.0,0.0,0.0,0.0,0.0,0.0,0.0,0.0,0.0,0.0,0.0,1.0,0.0,0.0,0.0,2.1,0
1.1361688148563238,-0.765437939457543,7.094061604049077,1.121183049268189,0.17391304347826086,0.16494845360824742,0.7104004299919376,1.7333333333333332,-0.5454545454545454,-1.0,-0.1491362803139313,-1.0,0.0,-1.0,1.0,0.0,0.0,0.0,0.0,0.0,0.0,0.0,0.0,0.0,0.0,0.0,0.0,0.0,0.0,0.0,1.0,0.0,0.0,0.0,0.0,0.0,0.0,0.0,0.0,0.0,0.0,0.0,0.0,0.0,0.0,2.0,0
0.9773251657036831,-0.8159881025546009,5.950697987829267,0.9624927270611963,1.4782608695652173,1.8831615120274914,3.3978500403117433,2.733333333333333,-0.09090909090909091,-0.6666666666666666,-0.1469039782681409,-1.0,0.0,-1.0,1.0,0.0,0.0,0.0,0.0,0.0,0.0,0.0,0.0,0.0,0.0,0.0,0.0,0.0,0.0,0.0,1.0,0.0,0.0,0.0,0.0,0.0,0.0,0.0,0.0,0.0,0.0,0.0,0.0,0.0,0.0,2.5,0
-0.2287735028696215,0.15260771889659153,-0.2066253004490392,-0.2424417311329772,0.34782608695652173,-0.5910652920962199,0.17038430529427567,0.0,0.7272727272727273,-1.0,0.03199913041059368,0.0,0.0,0.0,0.0,1.0,0.0,0.0,0.0,0.0,0.0,0.0,0.0,0.0,0.0,0.0,0.0,0.0,0.0,0.0,0.0,0.0,1.0,0.0,0.0,0.0,0.0,0.0,0.0,0.0,0.0,0.0,0.0,0.0,0.0,0.61,0
-0.8669153027111652,-0.8729915718131682,-0.570019938162312,-0.8799675520947733,0.0,-0.6048109965635738,-0.34941682343456054,-0.19999999999999996,-0.45454545454545453,-0.6666666666666666,0.3307891013487744,0.0,0.0,0.0,0.0,0.0,1.0,0.0,0.0,0.0,0.0,0.0,0.0,0.0,0.0,0.0,0.0,0.0,0.0,0.0,0.0,0.0,0.0,1.0,0.0,0.0,0.0,0.0,0.0,0.0,0.0,0.0,0.0,0.0,0.0,1.94,0
-0.17825271985932337,0.13638843881735183,-0.4441613075396663,-0.1919697142986769,1.7391304347826086,-0.7010309278350515,-0.10223058317656544,0.0,-0.9090909090909091,0.0,0.5549177959673541,0.0,0.0,0.0,0.0,1.0,0.0,0.0,0.0,0.0,0.0,0.0,0.0,0.0,0.0,0.0,0.0,0.0,0.0,0.0,0.0,0.0,1.0,0.0,0.0,0.0,0.0,0.0,0.0,0.0,0.0,0.0,0.0,0.0,0.0,1.32,0
-0.0159693907128649,0.2570515899098583,-0.12331043229038648,-0.029843032316397605,-0.4782608695652174,0.027491408934707903,1.5983337812416016,-0.13333333333333325,-0.18181818181818182,0.3333333333333333,0.17355400350861763,0.0,0.0,0.0,0.0,0.0,0.0,0.0,0.0,0.0,0.0,0.0,0.0,0.0,0.0,0.0,0.0,0.0,1.0,0.0,0.0,0.0,0.0,0.0,0.0,0.0,0.0,0.0,0.0,0.0,0.0,0.0,0.0,1.0,0.0,1.45,0
-0.18694854006840952,0.1331066481241398,0.6628628449088158,-0.20065714069686993,0.9130434782608695,-0.3711340206185567,0.1895726955119591,-0.06666666666666662,0.9090909090909091,1.0,0.7741288847218044,0.0,0.0,0.0,0.0,1.0,0.0,0.0,0.0,0.0,0.0,0.0,0.0,0.0,0.0,0.0,0.0,0.0,0.0,0.0,0.0,0.0,1.0,0.0,0.0,0.0,0.0,0.0,0.0,0.0,0.0,0.0,0.0,0.0,0.0,1.02,0
-0.20317300817407186,0.14633967511289842,0.7878351471467949,-0.216865947816697,-0.043478260869565216,-0.15120274914089346,-0.17565170653050255,-0.23333333333333328,-0.09090909090909091,-1.0,0.04867059414573432,0.0,0.0,0.0,0.0,1.0,0.0,0.0,0.0,0.0,0.0,0.0,0.0,0.0,0.0,0.0,0.0,0.0,0.0,0.0,0.0,0.0,1.0,0.0,0.0,0.0,0.0,0.0,0.0,0.0,0.0,0.0,0.0,0.0,0.0,1.41,0
-0.20927167674737743,0.14597356136621834,0.4217815242795226,-0.22295872953062948,3.0869565217391304,-0.9621993127147767,-0.2686912120397742,0.0,0.36363636363636365,-0.6666666666666666,-0.10177906671196689,0.0,0.0,0.0,0.0,1.0,0.0,0.0,0.0,0.0,0.0,0.0,0.0,0.0,0.0,0.0,0.0,0.0,0.0,0.0,0.0,0.0,1.0,0.0,0.0,0.0,0.0,0.0,0.0,0.0,0.0,0.0,0.0,0.0,0.0,2.06,0
0.4159384722410064,0.006426880760753402,-0.16939950829304543,0.40164792310745046,-0.17391304347826086,1.6357388316151202,0.03101316850309055,-0.2666666666666666,-1.0,0.0,0.9577509362460229,0.0,0.0,0.0,0.0,0.0,0.0,0.0,0.0,0.0,0.0,0.0,0.0,0.0,0.0,0.0,0.0,0.0,0.0,1.0,0.0,0.0,0.0,0.0,0.0,0.0,0.0,0.0,0.0,0.0,0.0,0.0,0.0,0.0,1.0,0.44,0
0.39621248719781876,-0.006320935238399793,0.6362729933688202,0.3819409789579511,1.391304347826087,-0.5085910652920962,0.07100241870464928,-0.23333333333333328,-0.2727272727272727,0.6666666666666666,3.287545000656547,0.0,0.0,0.0,0.0,0.0,0.0,0.0,0.0,0.0,0.0,0.0,0.0,0.0,0.0,0.0,0.0,0.0,0.0,1.0,0.0,0.0,0.0,0.0,0.0,0.0,0.0,0.0,0.0,0.0,0.0,0.0,0.0,0.0,1.0,1.02,0
0.8019865118166501,-1.0516153811164375,0.9172390913081068,0.7873233222464301,-0.6956521739130435,2.4329896907216493,-0.07815103466809999,0.3666666666666666,0.18181818181818182,0.0,0.6022016375512355,0.0,0.0,0.0,1.0,0.0,0.0,0.0,0.0,0.0,0.0,0.0,0.0,0.0,0.0,0.0,0.0,0.0,0.0,0.0,0.0,1.0,0.0,0.0,0.0,0.0,0.0,0.0,0.0,0.0,0.0,0.0,0.0,0.0,0.0,0.97,0
-0.8805426191810471,-0.876961479909796,1.9506979878292678,-0.89358171453034,0.6086956521739131,1.402061855670103,-0.01241601719967754,-0.19999999999999996,1.0909090909090908,0.3333333333333333,4.187772867896875,0.0,0.0,0.0,0.0,0.0,1.0,0.0,0.0,0.0,0.0,0.0,0.0,0.0,0.0,0.0,0.0,0.0,0.0,0.0,0.0,0.0,0.0,1.0,0.0,0.0,0.0,0.0,0.0,0.0,0.0,0.0,0.0,0.0,0.0,1.69,0
0.033422944502850695,-0.014093154089481932,-0.39984489675902635,0.019501625979671207,-0.21739130434782608,-0.3711340206185567,-0.3175167965600645,-0.46666666666666656,0.5454545454545454,-1.0,-0.14951462486349903,-1.0,0.0,0.0,0.0,1.0,0.0,0.0,0.0,0.0,0.0,0.0,0.0,0.0,0.0,0.0,0.0,0.0,0.0,0.0,0.0,0.0,0.0,0.0,0.0,1.0,0.0,0.0,0.0,0.0,0.0,0.0,0.0,0.0,0.0,1.03,0
0.03306734150357809,-0.014009357302990211,-0.3918679277727299,0.019146366233163396,-0.34782608695652173,-0.17869415807560138,-0.29346949744692286,-0.5666666666666665,0.5454545454545454,-0.3333333333333333,-0.14954672203197555,-1.0,0.0,0.0,0.0,1.0,0.0,0.0,0.0,0.0,0.0,0.0,0.0,0.0,0.0,0.0,0.0,0.0,0.0,0.0,0.0,0.0,0.0,0.0,0.0,1.0,0.0,0.0,0.0,0.0,0.0,0.0,0.0,0.0,0.0,0.85,0
0.6356219443853985,-1.4958877962100303,-0.2615776602983634,0.6211193414746035,-0.6956521739130435,0.4536082474226804,-0.22977694168234342,-0.23333333333333328,0.7272727272727273,-0.6666666666666666,0.2586798794627747,0.0,0.0,0.0,1.0,0.0,0.0,0.0,0.0,0.0,0.0,0.0,0.0,0.0,0.0,0.0,0.0,0.0,0.0,0.0,0.0,1.0,0.0,0.0,0.0,0.0,0.0,0.0,0.0,0.0,0.0,0.0,0.0,0.0,0.0,0.4,0
0.034721514659400265,-0.014551916255596124,-0.5177265651575249,0.02079894266592546,-0.391304347826087,-0.027491408934707903,-0.3587100241870465,-0.5333333333333332,-0.45454545454545453,1.0,-0.1495533787342674,-1.0,0.0,0.0,0.0,1.0,0.0,0.0,0.0,0.0,0.0,0.0,0.0,0.0,0.0,0.0,0.0,0.0,0.0,0.0,0.0,0.0,0.0,0.0,0.0,1.0,0.0,0.0,0.0,0.0,0.0,0.0,0.0,0.0,0.0,0.72,0
0.6827107770198441,-1.2617117396079527,-0.3156436917630211,0.668162720690417,-0.7391304347826086,2.4329896907216493,-0.2334856221445848,-0.06666666666666662,0.18181818181818182,-0.3333333333333333,0.6342577783329425,0.0,0.0,0.0,1.0,0.0,0.0,0.0,0.0,0.0,0.0,0.0,0.0,0.0,0.0,0.0,0.0,0.0,0.0,0.0,0.0,1.0,0.0,0.0,0.0,0.0,0.0,0.0,0.0,0.0,0.0,0.0,0.0,0.0,0.0,0.5,0
0.3084194863668849,0.27316941678216616,-0.3714823799970118,0.29423272204179435,0.391304347826087,-0.054982817869415807,0.219134641225477,0.03333333333333336,0.6363636363636364,1.0,1.2912072332056648,0.0,0.0,0.0,0.0,0.0,0.0,0.0,0.0,0.0,0.0,0.0,0.0,1.0,0.0,0.0,0.0,0.0,0.0,0.0,0.0,0.0,0.0,0.0,1.0,0.0,0.0,0.0,0.0,0.0,0.0,0.0,0.0,0.0,0.0,2.21,0
-0.4285222902858032,0.6168046616262499,0.014141373603697324,-0.4419977071170695,-0.21739130434782608,-0.027491408934707903,0.17291050792797635,0.3999999999999999,0.0,0.3333333333333333,0.2699964051748001,0.0,0.0,0.0,0.0,0.0,0.0,0.0,0.0,0.0,0.0,0.0,0.0,0.0,0.0,0.0,0.0,1.0,0.0,0.0,0.0,0.0,0.0,0.0,0.0,0.0,0.0,0.0,0.0,0.0,0.0,1.0,0.0,0.0,0.0,1.5,0
-0.22738217163616767,0.15056542173131732,-0.2704409441450286,-0.24105174290926626,0.9130434782608695,-0.6460481099656358,-0.1251276538564902,0.06666666666666672,1.0909090909090908,0.0,0.7931812564383052,0.0,0.0,0.0,0.0,1.0,0.0,0.0,0.0,0.0,0.0,0.0,0.0,0.0,0.0,0.0,0.0,0.0,0.0,0.0,0.0,0.0,1.0,0.0,0.0,0.0,0.0,0.0,0.0,0.0,0.0,0.0,0.0,0.0,0.0,0.94,0
-0.22402751743995297,0.15794945079104492,0.4590073164355164,-0.23770032685876502,1.434782608695652,-0.7422680412371134,0.06482128460091373,0.09999999999999998,-0.45454545454545453,-0.3333333333333333,1.7005133738607048,0.0,0.0,0.0,0.0,1.0,0.0,0.0,0.0,0.0,0.0,0.0,0.0,0.0,0.0,0.0,0.0,0.0,0.0,0.0,0.0,0.0,1.0,0.0,0.0,0.0,0.0,0.0,0.0,0.0,0.0,0.0,0.0,0.0,0.0,0.79,0
1.0110417592610466,-0.819243427193836,11.109129186588406,0.9961767750157902,2.130434782608696,0.20618556701030927,0.17291050792797635,1.0666666666666664,0.36363636363636365,1.0,-0.14638449185760297,-1.0,0.0,-1.0,1.0,0.0,0.0,0.0,0.0,0.0,0.0,0.0,0.0,0.0,0.0,0.0,0.0,0.0,0.0,0.0,1.0,0.0,0.0,0.0,0.0,0.0,0.0,0.0,0.0,0.0,0.0,0.0,0.0,0.0,0.0,2.4,0
1.0134534000656998,-0.8205402638387338,12.952692226694767,0.9985860879368891,1.826086956521739,0.48109965635738833,0.17291050792797635,1.0666666666666664,0.6363636363636364,-0.3333333333333333,-0.14766551160112246,-1.0,0.0,-1.0,1.0,0.0,0.0,0.0,0.0,0.0,0.0,0.0,0.0,0.0,0.0,0.0,0.0,0.0,0.0,0.0,1.0,0.0,0.0,0.0,0.0,0.0,0.0,0.0,0.0,0.0,0.0,0.0,0.0,0.0,0.0,2.0,0
-0.09855262919090314,0.6362483893699531,-0.059494788594397066,-0.1123465557048801,0.30434782608695654,0.06872852233676977,0.10939368744961027,0.13333333333333333,0.6363636363636364,0.6666666666666666,2.452001825468788,0.0,0.0,0.0,0.0,0.0,0.0,0.0,0.0,0.0,0.0,0.0,1.0,0.0,0.0,0.0,0.0,0.0,0.0,0.0,0.0,0.0,0.0,0.0,0.0,0.0,0.0,0.0,1.0,0.0,0.0,0.0,0.0,0.0,0.0,1.19,0
-0.2647162264005109,0.5612259482734638,-0.16557056967128608,-0.2783497602455083,-0.13043478260869565,-0.13745704467353953,0.17291050792797635,-0.2666666666666666,0.45454545454545453,0.0,1.2333859637096778,0.0,0.0,0.0,0.0,0.0,0.0,0.0,0.0,0.0,0.0,0.0,0.0,0.0,0.0,0.0,0.0,1.0,0.0,0.0,0.0,0.0,0.0,0.0,0.0,0.0,0.0,0.0,0.0,0.0,0.0,1.0,0.0,0.0,0.0,1.2,0
0.0347059459708739,-0.014260747662491703,-0.4946820280014637,0.020783389005380834,-0.13043478260869565,-0.041237113402061855,-0.3171405536146197,-0.5666666666666665,0.9090909090909091,1.0,-0.1495368523174389,-1.0,0.0,0.0,0.0,1.0,0.0,0.0,0.0,0.0,0.0,0.0,0.0,0.0,0.0,0.0,0.0,0.0,0.0,0.0,0.0,0.0,0.0,0.0,0.0,1.0,0.0,0.0,0.0,0.0,0.0,0.0,0.0,0.0,0.0,0.83,0
-0.8483719492164086,-0.8673190142439958,3.362619104603032,-0.8614420979354235,0.6521739130434783,1.6219931271477663,0.1815103466809997,-0.033333333333333263,0.2727272727272727,1.0,1.8225066539938877,0.0,0.0,0.0,0.0,0.0,1.0,0.0,0.0,0.0,0.0,0.0,0.0,0.0,0.0,0.0,0.0,0.0,0.0,0.0,0.0,0.0,0.0,1.0,0.0,0.0,0.0,0.0,0.0,0.0,0.0,0.0,0.0,0.0,0.0,1.82,0
-0.1287213279483687,0.11878851292230305,-0.10115222267372351,-0.1424861335345696,0.0,0.054982817869415807,-0.038430529427573246,-0.1666666666666666,-0.36363636363636365,1.0,0.2769345179083355,0.0,0.0,0.0,0.0,1.0,0.0,0.0,0.0,0.0,0.0,0.0,0.0,0.0,0.0,0.0,0.0,0.0,0.0,0.0,0.0,0.0,1.0,0.0,0.0,0.0,0.0,0.0,0.0,0.0,0.0,0.0,0.0,0.0,0.0,0.67,0
-0.027386052957396063,0.01127021494563206,-0.15167293214702907,-0.041248674403932956,-0.30434782608695654,-0.06872852233676977,-0.07841977962913194,-0.4333333333333333,0.09090909090909091,1.0,-0.11882910567447749,-1.0,0.0,0.0,0.0,1.0,0.0,0.0,0.0,0.0,0.0,0.0,0.0,0.0,0.0,0.0,0.0,0.0,0.0,0.0,0.0,0.0,0.0,0.0,0.0,1.0,0.0,0.0,0.0,0.0,0.0,0.0,0.0,0.0,0.0,1.62,0
0.03458228104724944,-0.01318451423581251,-0.4796144386999836,0.020659843451747713,0.34782608695652173,-0.3436426116838488,-0.3295726955119591,-0.4999999999999999,-0.09090909090909091,-1.0,-0.11908097288050018,-1.0,0.0,0.0,0.0,1.0,0.0,0.0,0.0,0.0,0.0,0.0,0.0,0.0,0.0,0.0,0.0,0.0,0.0,0.0,0.0,0.0,0.0,0.0,0.0,1.0,0.0,0.0,0.0,0.0,0.0,0.0,0.0,0.0,0.0,1.65,0
0.4719472840054866,-0.05847229460109756,2.0207179302179226,0.45760267126861354,-0.391304347826087,1.2096219931271477,-0.152647137866165,-0.13333333333333325,0.45454545454545453,-0.6666666666666666,0.016727205378341926,0.0,0.0,0.0,0.0,0.0,0.0,0.0,0.0,0.0,0.0,0.0,0.0,0.0,0.0,0.0,0.0,0.0,0.0,1.0,0.0,0.0,0.0,0.0,0.0,0.0,0.0,0.0,0.0,0.0,0.0,0.0,0.0,0.0,1.0,0.77,0
-0.8665520106668714,-0.8718491204831564,2.662419680716482,-0.8796046107252457,0.043478260869565216,0.054982817869415807,-0.20854608976081696,0.19999999999999996,-0.09090909090909091,1.0,1.9905854210055465,0.0,0.0,0.0,0.0,0.0,1.0,0.0,0.0,0.0,0.0,0.0,0.0,0.0,0.0,0.0,0.0,0.0,0.0,0.0,0.0,0.0,0.0,1.0,0.0,0.0,0.0,0.0,0.0,0.0,0.0,0.0,0.0,0.0,0.0,1.32,0
-0.1420471893176687,0.6459658420122577,0.09206736518357767,-0.15579913185499866,0.13043478260869565,0.9759450171821306,0.007828022789572654,0.16666666666666669,-0.18181818181818182,0.3333333333333333,4.4043415259502225,0.0,0.0,0.0,0.0,0.0,0.0,0.0,0.0,0.0,0.0,0.0,1.0,0.0,0.0,0.0,0.0,0.0,0.0,0.0,0.0,0.0,0.0,0.0,0.0,0.0,0.0,0.0,1.0,0.0,0.0,0.0,0.0,0.0,0.0,0.6,0
-0.8934510540530531,-0.8701156930230107,0.8729225909289974,-0.9064776892825831,0.5217391304347826,2.556701030927835,1.9729642569201826,2.3333333321051694e-08,0.36363636363636365,-1.0,-0.1477384881715447,-1.0,0.0,0.0,0.0,0.0,1.0,0.0,0.0,0.0,0.0,0.0,0.0,0.0,0.0,0.0,0.0,0.0,0.0,0.0,0.0,0.0,0.0,1.0,0.0,0.0,0.0,0.0,0.0,0.0,0.0,0.0,0.0,0.0,0.0,1.91,0
0.97621210071692,-0.7880664156083207,4.993463332389427,0.9613807364822275,-0.2608695652173913,0.9072164948453608,2.8603601182477827,0.7333333333333333,-0.36363636363636365,-0.6666666666666666,9.314914007413995,0.0,0.0,0.0,1.0,0.0,0.0,0.0,0.0,0.0,0.0,0.0,0.0,0.0,0.0,0.0,0.0,0.0,0.0,0.0,1.0,0.0,0.0,0.0,0.0,0.0,0.0,0.0,0.0,0.0,0.0,0.0,0.0,0.0,0.0,1.9,0
0.03412618924022078,-0.014851767407305939,-0.47341014592419894,0.020204191896275096,-0.391304347826087,-0.08247422680412371,-0.31901639344262295,-0.5666666666666665,0.45454545454545453,0.3333333333333333,-0.14952152872057894,-1.0,0.0,0.0,0.0,1.0,0.0,0.0,0.0,0.0,0.0,0.0,0.0,0.0,0.0,0.0,0.0,0.0,0.0,0.0,0.0,0.0,0.0,0.0,0.0,1.0,0.0,0.0,0.0,0.0,0.0,0.0,0.0,0.0,0.0,0.38,0
0.7335716632205451,-1.174162033050326,-0.0018834435910733843,0.7189745124238497,-0.6521739130434783,1.9518900343642611,-0.19639881752217145,0.4333333333333333,0.6363636363636364,-0.6666666666666666,0.28949447935910894,0.0,0.0,0.0,1.0,0.0,0.0,0.0,0.0,0.0,0.0,0.0,0.0,0.0,0.0,0.0,0.0,0.0,0.0,0.0,0.0,1.0,0.0,0.0,0.0,0.0,0.0,0.0,0.0,0.0,0.0,0.0,0.0,0.0,0.0,0.5,0
1.0179752265744244,-0.8147353759996738,-0.6763793443222942,1.0031035496639493,-0.6956521739130435,0.4948453608247423,-0.26159634506852997,-0.2666666666666666,-0.45454545454545453,0.3333333333333333,0.8911891859630402,0.0,0.0,0.0,1.0,0.0,0.0,0.0,0.0,0.0,0.0,0.0,0.0,0.0,0.0,0.0,0.0,0.0,0.0,0.0,0.0,1.0,0.0,0.0,0.0,0.0,0.0,0.0,0.0,0.0,0.0,0.0,0.0,0.0,0.0,-1.18,0
0.03469055419926391,-0.013140293762943829,-0.47163749084540263,0.020768012090980063,-0.6086956521739131,1.0859106529209621,-0.3285407148615963,-0.5333333333333332,-0.18181818181818182,0.0,-0.14949724164340525,-1.0,0.0,0.0,0.0,1.0,0.0,0.0,0.0,0.0,0.0,0.0,0.0,0.0,0.0,0.0,0.0,0.0,0.0,0.0,0.0,0.0,0.0,0.0,0.0,1.0,0.0,0.0,0.0,0.0,0.0,0.0,0.0,0.0,0.0,0.2,0
1.2336083789058705,-0.7598536020682872,-0.4663195171563293,1.218528557868741,-0.17391304347826086,-0.054982817869415807,1.7853802741198601,2.3999999999999995,-0.45454545454545453,0.3333333333333333,-0.14949355079857016,-1.0,0.0,0.0,1.0,0.0,0.0,0.0,0.0,0.0,0.0,0.0,0.0,0.0,0.0,0.0,0.0,0.0,0.0,0.0,1.0,0.0,0.0,0.0,0.0,0.0,0.0,0.0,0.0,0.0,0.0,0.0,0.0,0.0,0.0,1.6,0
-0.8658795339040354,-0.8732385883169757,-0.6684023888602956,-0.8789327830837854,-0.391304347826087,-0.027491408934707903,-0.34392905133028756,-0.29999999999999993,1.0909090909090908,0.0,1.0674876621462592,0.0,0.0,0.0,0.0,0.0,1.0,0.0,0.0,0.0,0.0,0.0,0.0,0.0,0.0,0.0,0.0,0.0,0.0,0.0,0.0,0.0,0.0,1.0,0.0,0.0,0.0,0.0,0.0,0.0,0.0,0.0,0.0,0.0,0.0,1.87,0
-2.137012116176157,6.436184429651322,0.23387990673022066,-1.4084750522395622,0.6086956521739131,0.41237113402061853,16.66847621607095,2.3999999999999995,0.5454545454545454,0.0,-0.11325106926267021,0.0,0.0,0.0,0.0,0.0,0.0,1.0,0.0,0.0,0.0,0.0,0.0,0.0,0.0,0.0,0.0,0.0,0.0,0.0,0.0,0.0,0.0,0.0,0.0,0.0,0.0,0.0,0.0,0.0,0.0,0.0,1.0,0.0,0.0,4.6,1
-0.20460298749734218,0.14562950266451047,0.8321515663801209,-0.21829454682439822,0.8695652173913043,-0.6048109965635738,-0.00628863208814837,-0.13333333333333325,-0.2727272727272727,-0.6666666666666666,0.17802023882179965,0.0,0.0,0.0,0.0,1.0,0.0,0.0,0.0,0.0,0.0,0.0,0.0,0.0,0.0,0.0,0.0,0.0,0.0,0.0,0.0,0.0,1.0,0.0,0.0,0.0,0.0,0.0,0.0,0.0,0.0,0.0,0.0,0.0,0.0,0.74,0
-0.21428046918781124,0.154204504153226,-0.37325503676634475,-0.22796268713598886,0.34782608695652173,0.32989690721649484,0.2938457403923676,-0.19999999999999996,0.2727272727272727,-0.3333333333333333,1.24530075230169,0.0,0.0,0.0,0.0,1.0,0.0,0.0,0.0,0.0,0.0,0.0,0.0,0.0,0.0,0.0,0.0,0.0,0.0,0.0,0.0,0.0,1.0,0.0,0.0,0.0,0.0,0.0,0.0,0.0,0.0,0.0,0.0,0.0,0.0,0.78,0
-0.10992289706081214,0.12492422643610832,-0.5070906228509892,-0.12370584820087271,0.7391304347826086,-0.5085910652920962,0.31857027680730976,-0.1666666666666666,-0.36363636363636365,-0.6666666666666666,0.20898232421866436,0.0,0.0,0.0,0.0,1.0,0.0,0.0,0.0,0.0,0.0,0.0,0.0,0.0,0.0,0.0,0.0,0.0,0.0,0.0,0.0,0.0,1.0,0.0,0.0,0.0,0.0,0.0,0.0,0.0,0.0,0.0,0.0,0.0,0.0,1.76,0
0.30978762874644805,0.29520240671844916,0.06636384202824853,0.29559954379511033,-0.6086956521739131,0.24742268041237114,-0.18774522977694166,0.19999999999999996,-0.45454545454545453,-0.3333333333333333,1.8081182908519773,0.0,0.0,0.0,0.0,0.0,0.0,0.0,0.0,1.0,0.0,0.0,0.0,0.0,0.0,0.0,0.0,0.0,0.0,0.0,0.0,0.0,0.0,0.0,1.0,0.0,0.0,0.0,0.0,0.0,0.0,0.0,0.0,0.0,0.0,-0.09,0
0.9320141452008717,-0.8734988378477458,-0.2092842856030388,0.9172254439090121,-0.4782608695652174,0.12371134020618557,-0.36457941413598494,-0.2666666666666666,0.09090909090909091,-0.6666666666666666,0.5987319303435259,-1.0,0.0,0.0,1.0,0.0,0.0,0.0,0.0,0.0,0.0,0.0,0.0,0.0,0.0,0.0,0.0,0.0,0.0,0.0,1.0,0.0,0.0,0.0,0.0,0.0,0.0,0.0,0.0,0.0,0.0,0.0,0.0,0.0,0.0,0.9,0
-0.9297184486656733,1.468883680441415,0.5901839173661612,-0.9427100760817198,-0.08695652173913043,-0.13745704467353953,-0.24122547702230582,0.03333333333333336,0.2727272727272727,1.0,-0.12922115714024401,0.0,0.0,0.0,0.0,0.0,0.0,0.0,0.0,0.0,0.0,0.0,0.0,0.0,0.0,1.0,0.0,0.0,0.0,0.0,0.0,0.0,0.0,0.0,0.0,0.0,0.0,0.0,0.0,1.0,0.0,0.0,0.0,0.0,0.0,2.13,0
1.168076677810197,-0.7481291401562469,11.312984715061706,1.1530601125319582,2.9130434782608696,-0.7972508591065293,3.3978500403117433,1.3999999999999997,0.2727272727272727,0.3333333333333333,1.4679265975159703,-1.0,0.0,-1.0,1.0,0.0,0.0,0.0,0.0,0.0,0.0,0.0,0.0,0.0,0.0,0.0,0.0,0.0,0.0,0.0,1.0,0.0,0.0,0.0,0.0,0.0,0.0,0.0,0.0,0.0,0.0,0.0,0.0,0.0,0.0,2.5,0
-4.056840518657362,0.14191102208066922,0.23387990673022066,0.5095001982478989,-0.043478260869565216,1.140893470790378,179.2591776404192,1.333333333333333,1.0,0.3333333333333333,2.0811388161055806,0.0,0.0,0.0,0.0,0.0,0.0,0.0,0.0,0.0,0.0,0.0,0.0,1.0,0.0,0.0,0.0,0.0,0.0,0.0,0.0,0.0,0.0,0.0,0.0,0.0,0.0,0.0,0.0,0.0,0.0,0.0,1.0,0.0,0.0,4.6,1
-0.8678428568668011,-0.8733356305148761,-0.5026589809276566,-0.8808942109105805,0.5652173913043478,-0.5223367697594502,-0.3090029561945713,-0.23333333333333328,0.09090909090909091,0.3333333333333333,4.771344702511256,0.0,0.0,0.0,0.0,0.0,1.0,0.0,0.0,0.0,0.0,0.0,0.0,0.0,0.0,0.0,0.0,0.0,0.0,0.0,0.0,0.0,0.0,1.0,0.0,0.0,0.0,0.0,0.0,0.0,0.0,0.0,0.0,0.0,0.0,1.57,0
-1.231056059054281,0.9285747774814032,2.67438511390948,-1.2437568144357436,0.30434782608695654,1.443298969072165,10.159473259876375,3.1333333333333333,-0.18181818181818182,0.6666666666666666,0.004887156394240184,0.0,0.0,0.0,0.0,0.0,0.0,0.0,0.0,0.0,0.0,0.0,0.0,1.0,0.0,0.0,0.0,0.0,0.0,0.0,0.0,0.0,0.0,0.0,0.0,0.0,0.0,0.0,0.0,0.0,0.0,0.0,1.0,0.0,0.0,4.4,0
-0.2004135345610552,0.14608824760011194,0.7089519209114747,-0.21410913783967042,3.0,-0.9759450171821306,-0.11255038968019349,0.0,0.45454545454545453,0.0,-0.1226292094028705,0.0,0.0,0.0,0.0,1.0,0.0,0.0,0.0,0.0,0.0,0.0,0.0,0.0,0.0,0.0,0.0,0.0,0.0,0.0,0.0,0.0,1.0,0.0,0.0,0.0,0.0,0.0,0.0,0.0,0.0,0.0,0.0,0.0,0.0,1.69,0
0.034791043007019636,-0.013250542065185939,-0.5354531265113401,0.020868403899944543,-0.5217391304347826,0.06872852233676977,-0.3467454985219027,-0.4333333333333333,-0.2727272727272727,-0.3333333333333333,-0.14954420105313732,-1.0,0.0,0.0,0.0,1.0,0.0,0.0,0.0,0.0,0.0,0.0,0.0,0.0,0.0,0.0,0.0,0.0,0.0,0.0,0.0,0.0,0.0,0.0,0.0,1.0,0.0,0.0,0.0,0.0,0.0,0.0,0.0,0.0,0.0,0.78,0
0.735581363891088,-1.1734253945479602,0.3304897006588712,0.7209822731914306,-0.6956521739130435,2.542955326460481,-0.15318462778822897,-0.29999999999999993,-0.18181818181818182,-0.6666666666666666,0.6190752244720545,0.0,0.0,0.0,1.0,0.0,0.0,0.0,0.0,0.0,0.0,0.0,0.0,0.0,0.0,0.0,0.0,0.0,0.0,0.0,0.0,1.0,0.0,0.0,0.0,0.0,0.0,0.0,0.0,0.0,0.0,0.0,0.0,0.0,0.0,0.1,0
-0.865825426578293,-0.8821091274084232,-0.9440505164915829,-0.8788787279861997,1.5217391304347827,-0.5360824742268041,-0.25401773716742804,0.3666666666666666,-0.2727272727272727,-0.3333333333333333,0.5399059436800889,0.0,0.0,0.0,0.0,0.0,1.0,0.0,0.0,0.0,0.0,0.0,0.0,0.0,0.0,0.0,0.0,0.0,0.0,0.0,0.0,0.0,0.0,1.0,0.0,0.0,0.0,0.0,0.0,0.0,0.0,0.0,0.0,0.0,0.0,2.18,0
0.9066455390442307,-0.8871553217001453,-0.5638156394696463,0.8918813252966834,1.1304347826086956,0.865979381443299,1.2478903520558988,1.7333333333333332,0.6363636363636364,-1.0,-0.10785187405550575,0.0,0.0,0.0,1.0,0.0,0.0,0.0,0.0,0.0,0.0,0.0,0.0,0.0,0.0,0.0,0.0,0.0,0.0,0.0,1.0,0.0,0.0,0.0,0.0,0.0,0.0,0.0,0.0,0.0,0.0,0.0,0.0,0.0,0.0,2.7,0
1.2253114069837077,2.7782475908891175,0.23387990673022066,1.2102395947613451,3.391304347826087,-0.23367697594501718,9.019994625100779,2.066666666666667,0.5454545454545454,-1.0,-0.12573726324769957,0.0,0.0,0.0,0.0,0.0,0.0,0.0,0.0,0.0,0.0,0.0,0.0,1.0,0.0,0.0,0.0,0.0,0.0,0.0,0.0,0.0,0.0,0.0,0.0,0.0,0.0,0.0,0.0,0.0,0.0,0.0,1.0,0.0,0.0,4.7,1
0.43647606717038023,-0.007917720495060987,-0.46011521846366366,0.422165693720786,0.0,-0.08247422680412371,0.5760279494759472,0.19999999999999996,-0.6363636363636364,0.3333333333333333,0.589848841243817,0.0,0.0,0.0,0.0,0.0,0.0,0.0,0.0,0.0,0.0,0.0,0.0,0.0,0.0,0.0,0.0,0.0,0.0,1.0,0.0,0.0,0.0,0.0,0.0,0.0,0.0,0.0,0.0,0.0,0.0,0.0,0.0,0.0,1.0,0.97,0
-0.9001217414829288,1.5206424600034445,1.1113450075500741,-0.9131419377006729,-0.7391304347826086,2.185567010309278,1.387100241870465,-0.13333333333333325,0.2727272727272727,-0.3333333333333333,-0.07597775453671464,0.0,0.0,0.0,0.0,0.0,0.0,0.0,0.0,0.0,0.0,0.0,0.0,1.0,0.0,0.0,0.0,0.0,0.0,0.0,0.0,0.0,0.0,0.0,0.0,0.0,0.0,0.0,0.0,1.0,0.0,0.0,0.0,0.0,0.0,2.6,0
0.9383678911669773,-0.8311796175376961,4.842787506996119,0.9235730567972917,1.9565217391304348,0.3161512027491409,1.7853802741198601,1.0666666666666664,0.09090909090909091,0.3333333333333333,-0.1488606368172969,-1.0,0.0,0.0,1.0,0.0,0.0,0.0,0.0,0.0,0.0,0.0,0.0,0.0,0.0,0.0,0.0,0.0,0.0,0.0,1.0,0.0,0.0,0.0,0.0,0.0,0.0,0.0,0.0,0.0,0.0,0.0,0.0,0.0,0.0,2.1,0
-0.4293107113180936,0.6173339827058005,0.11432307092255388,-0.4427853671105056,-0.34782608695652173,-0.054982817869415807,0.17291050792797635,0.7333333333333333,-0.5454545454545454,-0.6666666666666666,3.0980016147199003,0.0,0.0,0.0,0.0,0.0,0.0,0.0,0.0,0.0,0.0,0.0,0.0,0.0,0.0,0.0,0.0,1.0,0.0,0.0,0.0,0.0,0.0,0.0,0.0,0.0,0.0,0.0,0.0,0.0,0.0,1.0,0.0,0.0,0.0,1.4,0
-0.21656070648708425,0.14941414838329548,-0.06038111697906364,-0.23024072339151658,0.13043478260869565,-0.6460481099656358,0.07368986831496908,-0.13333333333333325,0.45454545454545453,0.3333333333333333,0.023928686254037875,0.0,0.0,0.0,0.0,1.0,0.0,0.0,0.0,0.0,0.0,0.0,0.0,0.0,0.0,0.0,0.0,0.0,0.0,0.0,0.0,0.0,1.0,0.0,0.0,0.0,0.0,0.0,0.0,0.0,0.0,0.0,0.0,0.0,0.0,0.33,0
-0.2086455776923232,0.14631762006792584,0.42444050943352224,-0.22233323482995956,0.08695652173913043,-0.5085910652920962,-0.32708411717280295,-0.19999999999999996,-0.45454545454545453,0.0,0.579723107300682,0.0,0.0,0.0,0.0,1.0,0.0,0.0,0.0,0.0,0.0,0.0,0.0,0.0,0.0,0.0,0.0,0.0,0.0,0.0,0.0,0.0,1.0,0.0,0.0,0.0,0.0,0.0,0.0,0.0,0.0,0.0,0.0,0.0,0.0,0.28,0
1.0616862161587644,-0.7726896382473828,5.764569027049299,1.0467723463588663,1.1304347826086956,-0.3711340206185567,1.2478903520558988,1.3999999999999997,0.0,-0.3333333333333333,-0.1489723672584875,-1.0,0.0,-1.0,1.0,0.0,0.0,0.0,0.0,0.0,0.0,0.0,0.0,0.0,0.0,0.0,0.0,0.0,0.0,0.0,1.0,0.0,0.0,0.0,0.0,0.0,0.0,0.0,0.0,0.0,0.0,0.0,0.0,0.0,0.0,1.9,0
0.43057836866412724,-0.005562241691061989,1.2620208329433826,0.41627368808360987,-0.17391304347826086,0.09621993127147767,-0.05643644181671594,-0.29999999999999993,-0.2727272727272727,-0.6666666666666666,0.5324669140990921,0.0,0.0,0.0,0.0,0.0,0.0,0.0,0.0,0.0,0.0,0.0,0.0,0.0,0.0,0.0,0.0,0.0,0.0,1.0,0.0,0.0,0.0,0.0,0.0,0.0,0.0,0.0,0.0,0.0,0.0,0.0,0.0,0.0,1.0,1.12,0
-1.5576757038783353,6.564446867042563,13.24934633704265,-1.5700611832459521,0.13043478260869565,0.12371134020618557,13.373662993818865,2.066666666666667,-0.8181818181818182,-0.3333333333333333,-0.1294641267738964,0.0,0.0,-1.0,0.0,0.0,0.0,0.0,0.0,0.0,0.0,0.0,0.0,1.0,0.0,0.0,0.0,0.0,0.0,0.0,0.0,0.0,0.0,0.0,0.0,0.0,0.0,0.0,0.0,0.0,0.0,0.0,1.0,0.0,0.0,4.5,1
-0.19504145007633245,0.13919384053896888,0.9385109725401031,-0.20874223886478832,-0.17391304347826086,0.0,0.5814028486965868,-0.29999999999999993,0.9090909090909091,-0.6666666666666666,0.9219867980869414,0.0,0.0,0.0,0.0,1.0,0.0,0.0,0.0,0.0,0.0,0.0,0.0,0.0,0.0,0.0,0.0,0.0,0.0,0.0,0.0,0.0,1.0,0.0,0.0,0.0,0.0,0.0,0.0,0.0,0.0,0.0,0.0,0.0,0.0,0.67,0
-2.1807462946143876,7.4186202329291495,0.23387990673022066,-1.36478308907425,1.3478260869565217,-0.43986254295532645,57.32958882020961,0.7999999999999998,-0.6363636363636364,0.3333333333333333,-0.13656087992739685,0.0,0.0,0.0,0.0,0.0,0.0,0.0,0.0,0.0,0.0,0.0,0.0,1.0,0.0,0.0,0.0,0.0,0.0,0.0,0.0,0.0,0.0,0.0,0.0,0.0,0.0,0.0,0.0,0.0,0.0,0.0,1.0,0.0,0.0,5.1,1
-0.8787106905239848,-0.8738075977084286,3.185353360048235,-0.8917515541783192,-0.43478260869565216,2.2130584192439864,0.3411448535339962,0.09999997666666666,-0.8181818181818182,-0.6666666666666666,-0.14765676232162497,-1.0,0.0,0.0,0.0,0.0,1.0,0.0,0.0,0.0,0.0,0.0,0.0,0.0,0.0,0.0,0.0,0.0,0.0,0.0,0.0,0.0,0.0,1.0,0.0,0.0,0.0,0.0,0.0,0.0,0.0,0.0,0.0,0.0,0.0,1.83,0
0.6342460723878706,-1.4957025338321877,0.09029470841424467,0.6197447975644879,-0.7391304347826086,1.4158075601374571,-0.2757323300188121,-0.1666666666666666,0.09090909090909091,0.0,0.5966101723959435,0.0,0.0,0.0,1.0,0.0,0.0,0.0,0.0,0.0,0.0,0.0,0.0,0.0,0.0,0.0,0.0,0.0,0.0,0.0,0.0,1.0,0.0,0.0,0.0,0.0,0.0,0.0,0.0,0.0,0.0,0.0,0.0,0.0,0.0,0.56,0
-0.24420182032503263,0.18049852877988934,0.37391979150753063,-0.2578551561025726,0.391304347826087,-0.6597938144329897,-0.23617307175490457,0.2333333333333333,1.0,-0.3333333333333333,-0.12474854523352996,0.0,0.0,0.0,0.0,1.0,0.0,0.0,0.0,0.0,0.0,0.0,0.0,0.0,0.0,0.0,0.0,0.0,0.0,0.0,0.0,0.0,1.0,0.0,0.0,0.0,0.0,0.0,0.0,0.0,0.0,0.0,0.0,0.0,0.0,2.01,0
-0.2982473091267471,0.4743114270112971,-0.03455350784988125,-0.31184847643694047,0.0,-0.15120274914089346,0.17291050792797635,0.06666666666666672,0.8181818181818182,0.3333333333333333,-0.14319713427977723,0.0,0.0,0.0,0.0,0.0,0.0,0.0,0.0,0.0,0.0,1.0,0.0,0.0,0.0,0.0,0.0,0.0,0.0,0.0,0.0,0.0,0.0,0.0,0.0,0.0,0.0,0.0,0.0,0.0,0.0,1.0,0.0,0.0,0.0,1.7,0
0.03861253357552692,0.18519889996629674,-0.6524484779362982,0.024686205699780136,-0.5652173913043478,1.4158075601374571,1.6510077936038698,-0.12233333333333325,-0.18181818181818182,-0.6666666666666666,1.1288248073643659,0.0,0.0,0.0,0.0,0.0,0.0,0.0,0.0,0.0,1.0,0.0,0.0,0.0,0.0,0.0,0.0,0.0,0.0,0.0,0.0,0.0,0.0,0.0,0.0,0.0,0.0,1.0,0.0,0.0,0.0,0.0,0.0,0.0,0.0,3.07,0
-0.014373997565171319,4.193223407532304,0.4072457387709917,-0.02824917915320922,1.2608695652173914,-0.5910652920962199,0.9845202902445578,2.2999999999999994,0.5454545454545454,1.0,-0.10588565885454461,0.0,0.0,0.0,0.0,0.0,0.0,0.0,0.0,0.0,0.0,0.0,0.0,1.0,0.0,0.0,0.0,0.0,0.0,0.0,0.0,0.0,0.0,0.0,0.0,0.0,0.0,0.0,0.0,0.0,0.0,0.0,1.0,0.0,0.0,4.2,0
0.9794585402616455,-0.7867166468554669,5.2327719962493875,0.964624042337553,0.0,0.7697594501718213,2.322870196183821,0.3999999999999999,-0.2727272727272727,0.3333333333333333,-0.14995174282166832,-1.0,0.0,0.0,1.0,0.0,0.0,0.0,0.0,0.0,0.0,0.0,0.0,0.0,0.0,0.0,0.0,0.0,0.0,0.0,1.0,0.0,0.0,0.0,0.0,0.0,0.0,0.0,0.0,0.0,0.0,0.0,0.0,0.0,0.0,1.8,0
0.8885118553015499,-0.8943805544360074,6.624307560175821,0.8737651454476517,-0.391304347826087,0.5910652920962199,1.7853802741198601,0.7333333333333333,-0.7272727272727273,1.0,-0.14986869881287895,-1.0,0.0,-1.0,1.0,0.0,0.0,0.0,0.0,0.0,0.0,0.0,0.0,0.0,0.0,0.0,0.0,0.0,0.0,0.0,1.0,0.0,0.0,0.0,0.0,0.0,0.0,0.0,0.0,0.0,0.0,0.0,0.0,0.0,0.0,1.9,0
-0.42829040174689426,0.6166458653023849,0.13060492334887783,-0.4417660424131177,-0.13043478260869565,-0.027491408934707903,0.17291050792797635,0.3999999999999999,0.8181818181818182,-0.6666666666666666,-0.07407217464375844,0.0,0.0,0.0,0.0,0.0,0.0,0.0,0.0,0.0,0.0,0.0,0.0,0.0,0.0,0.0,0.0,1.0,0.0,0.0,0.0,0.0,0.0,0.0,0.0,0.0,0.0,0.0,0.0,0.0,0.0,1.0,0.0,0.0,0.0,2.3,0
-0.8710491023981141,5.272236488379488,0.7686018211995316,-0.8840973615505526,0.21739130434782608,0.46735395189003437,66.89153453372748,2.133333333333333,-0.6363636363636364,0.6666666666666666,2.1022782617144053,0.0,0.0,0.0,0.0,0.0,0.0,0.0,0.0,0.0,0.0,0.0,0.0,1.0,0.0,0.0,0.0,0.0,0.0,0.0,0.0,0.0,0.0,0.0,0.0,0.0,0.0,0.0,0.0,0.0,0.0,0.0,1.0,0.0,0.0,4.2,0
0.9310402133374539,-0.8766482982710704,-0.2092842856030388,0.9162524521524144,-0.5217391304347826,0.9347079037800687,0.17291050792797635,0.06666666666666672,-0.8181818181818182,-0.6666666666666666,-0.150491940803446,-1.0,0.0,0.0,1.0,0.0,0.0,0.0,0.0,0.0,0.0,0.0,0.0,0.0,0.0,0.0,0.0,0.0,0.0,0.0,1.0,0.0,0.0,0.0,0.0,0.0,0.0,0.0,0.0,0.0,0.0,0.0,0.0,0.0,0.0,0.8,0
-0.3033952346905261,0.4825159037443275,-0.11294039018978821,-0.3169914328646708,1.173913043478261,-0.46735395189003437,-0.36457941413598494,0.06666666666666672,0.36363636363636365,1.0,1.6436831621108814,0.0,0.0,0.0,0.0,0.0,0.0,0.0,0.0,0.0,0.0,0.0,0.0,0.0,0.0,0.0,0.0,1.0,0.0,0.0,0.0,0.0,0.0,0.0,0.0,0.0,0.0,0.0,0.0,0.0,0.0,1.0,0.0,0.0,0.0,1.8,0
-0.17559373127983066,0.06977779196494606,-0.39275426122900825,-0.1893132923600262,0.2608695652173913,0.23367697594501718,0.30782047836603055,0.09999999999999998,-0.9090909090909091,0.6666666666666666,2.3720014949404518,0.0,0.0,0.0,0.0,1.0,0.0,0.0,0.0,0.0,0.0,0.0,0.0,0.0,0.0,0.0,0.0,0.0,0.0,0.0,0.0,0.0,1.0,0.0,0.0,0.0,0.0,0.0,0.0,0.0,0.0,0.0,0.0,0.0,0.0,1.43,0
1.0132215115267909,-0.8183700474125775,-0.2092842856030388,0.9983544232329371,-0.6521739130434783,2.9828178694158076,0.17291050792797635,2.3999999999999995,0.18181818181818182,-1.0,-0.14837695489705643,-1.0,0.0,0.0,1.0,0.0,0.0,0.0,0.0,0.0,0.0,0.0,0.0,0.0,0.0,0.0,0.0,0.0,0.0,0.0,1.0,0.0,0.0,0.0,0.0,0.0,0.0,0.0,0.0,0.0,0.0,0.0,0.0,0.0,0.0,0.5,0
0.03200831685002363,-0.017132251520025104,-0.28284953476821056,0.018088363823912452,-0.043478260869565216,0.46735395189003437,-0.04391292663262565,-0.5333333333333332,0.9090909090909091,-0.3333333333333333,-0.04091260307224856,-1.0,0.0,0.0,0.0,1.0,0.0,0.0,0.0,0.0,0.0,0.0,0.0,0.0,0.0,0.0,0.0,0.0,0.0,0.0,0.0,0.0,0.0,0.0,0.0,1.0,0.0,0.0,0.0,0.0,0.0,0.0,0.0,0.0,0.0,1.37,0
0.03401030866085506,-0.013766649502067787,-0.424662088993883,0.020088423172909844,-0.043478260869565216,-0.6323024054982818,-0.3449234076861059,-0.5333333333333332,0.0,-1.0,-0.14956557170381188,-1.0,0.0,0.0,0.0,1.0,0.0,0.0,0.0,0.0,0.0,0.0,0.0,0.0,0.0,0.0,0.0,0.0,0.0,0.0,0.0,0.0,0.0,0.0,0.0,1.0,0.0,0.0,0.0,0.0,0.0,0.0,0.0,0.0,0.0,0.99,0
1.0187404587528242,-0.8139458053893274,-0.5549523556229812,1.0038680431869902,-0.6956521739130435,2.1580756013745703,-0.2992743886052136,-0.2666666666666666,0.7272727272727273,0.0,0.3497671289050256,0.0,0.0,0.0,1.0,0.0,0.0,0.0,0.0,0.0,0.0,0.0,0.0,0.0,0.0,0.0,0.0,0.0,0.0,0.0,0.0,1.0,0.0,0.0,0.0,0.0,0.0,0.0,0.0,0.0,0.0,0.0,0.0,0.0,0.0,-0.83,0
0.41228237992823225,0.0038553098998258106,0.4891424916573999,0.3979953599094399,0.6086956521739131,-0.28865979381443296,-0.20059123891427036,-0.33333333933333326,0.45454545454545453,-1.0,-0.14913359456523434,-1.0,0.0,0.0,0.0,0.0,0.0,0.0,0.0,0.0,0.0,0.0,0.0,0.0,0.0,0.0,0.0,0.0,0.0,1.0,0.0,0.0,0.0,0.0,0.0,0.0,0.0,0.0,0.0,0.0,0.0,0.0,0.0,0.0,1.0,0.360000014,0
0.9291387273184002,-0.8172584731455217,3.610791052309658,0.9143528015800093,-0.13043478260869565,0.6185567010309279,2.322870196183821,0.3999999999999999,0.6363636363636364,-0.6666666666666666,-0.14992775233024028,-1.0,0.0,0.0,1.0,0.0,0.0,0.0,0.0,0.0,0.0,0.0,0.0,0.0,0.0,0.0,0.0,0.0,0.0,0.0,1.0,0.0,0.0,0.0,0.0,0.0,0.0,0.0,0.0,0.0,0.0,0.0,0.0,0.0,0.0,1.9,0
0.03201610119428665,-0.011618624888028938,-0.5150675825393313,0.018096140654184602,-0.2608695652173913,-0.13745704467353953,-0.30878796022574573,-0.5333333333333332,-0.36363636363636365,-0.3333333333333333,-0.14951851343216457,-1.0,0.0,0.0,0.0,1.0,0.0,0.0,0.0,0.0,0.0,0.0,0.0,0.0,0.0,0.0,0.0,0.0,0.0,0.0,0.0,0.0,0.0,0.0,0.0,1.0,0.0,0.0,0.0,0.0,0.0,0.0,0.0,0.0,0.0,1.15,0
1.094475255560492,-0.7316143224742762,1.758364728356633,1.0795297354976527,1.1304347826086956,-0.3024054982817869,1.7853802741198601,1.7333333333333332,0.2727272727272727,-0.3333333333333333,-0.01850291366866367,-1.0,0.0,0.0,1.0,0.0,0.0,0.0,0.0,0.0,0.0,0.0,0.0,0.0,0.0,0.0,0.0,0.0,0.0,0.0,1.0,0.0,0.0,0.0,0.0,0.0,0.0,0.0,0.0,0.0,0.0,0.0,0.0,0.0,0.0,2.1,0
-0.2544899418346255,0.1374382589584689,0.39164635920086094,-0.26813334680123324,-0.08695652173913043,1.3608247422680413,0.15474334856221442,-0.23333333333333328,-0.36363636363636365,-1.0,0.18346955701998335,0.0,0.0,0.0,0.0,1.0,0.0,0.0,0.0,0.0,0.0,0.0,0.0,0.0,0.0,0.0,0.0,0.0,0.0,0.0,0.0,0.0,1.0,0.0,0.0,0.0,0.0,0.0,0.0,0.0,0.0,0.0,0.0,0.0,0.0,0.97,0
-0.20437109895843308,0.14746448240694301,0.6761577706788136,-0.21806288212044628,0.30434782608695654,-0.35738831615120276,-0.20908357968288094,-0.13333333333333325,0.36363636363636365,-1.0,-0.003980230137933755,0.0,0.0,0.0,0.0,1.0,0.0,0.0,0.0,0.0,0.0,0.0,0.0,0.0,0.0,0.0,0.0,0.0,0.0,0.0,0.0,0.0,1.0,0.0,0.0,0.0,0.0,0.0,0.0,0.0,0.0,0.0,0.0,0.0,0.0,0.43,0
1.0171172389804615,-0.8132400439499441,-0.35464214068834793,1.0022463902593277,-0.7391304347826086,2.1168384879725086,-0.3399731255038968,-0.13333333333333325,0.6363636363636364,-0.6666666666666666,0.25200554679604664,0.0,0.0,0.0,1.0,0.0,0.0,0.0,0.0,0.0,0.0,0.0,0.0,0.0,0.0,0.0,0.0,0.0,0.0,0.0,0.0,1.0,0.0,0.0,0.0,0.0,0.0,0.0,0.0,0.0,0.0,0.0,0.0,0.0,0.0,-1.04,0
-0.27867591644283063,0.492520072147829,0.0483802391033649,-0.2922959754234075,0.34782608695652173,-0.3848797250859107,-0.36457941413598494,-0.2666666666666666,0.0,-1.0,0.5226929143733433,0.0,0.0,0.0,0.0,0.0,0.0,0.0,0.0,0.0,0.0,1.0,0.0,0.0,0.0,0.0,0.0,0.0,0.0,0.0,0.0,0.0,0.0,0.0,0.0,0.0,0.0,0.0,0.0,0.0,0.0,1.0,0.0,0.0,0.0,1.5,0
-0.21098765193530403,0.14758357964984165,-0.16496786636971283,-0.2246730483398732,-0.17391304347826086,-0.21993127147766323,-0.17688793335124967,-0.33333333333333326,0.7272727272727273,-1.0,0.024653624201400142,0.0,0.0,0.0,0.0,1.0,0.0,0.0,0.0,0.0,0.0,0.0,0.0,0.0,0.0,0.0,0.0,0.0,0.0,0.0,0.0,0.0,1.0,0.0,0.0,0.0,0.0,0.0,0.0,0.0,0.0,0.0,0.0,0.0,0.0,0.46,0
1.0028329049836693,-0.7539781380852782,3.0346776022764206,0.987975844495896,0.21739130434782608,0.865979381443299,-0.36457941413598494,1.7333333333333332,-0.36363636363636365,0.0,-0.14641678674990993,-1.0,0.0,0.0,1.0,0.0,0.0,0.0,0.0,0.0,0.0,0.0,0.0,0.0,0.0,0.0,0.0,0.0,0.0,0.0,1.0,0.0,0.0,0.0,0.0,0.0,0.0,0.0,0.0,0.0,0.0,0.0,0.0,0.0,0.0,1.9,0
1.0349726564764516,-0.8122299228897936,11.082539335048413,1.0200845724636172,1.608695652173913,-0.32989690721649484,0.17291050792797635,1.7333333333333332,-0.36363636363636365,0.0,-0.14776252809393034,-1.0,0.0,-1.0,1.0,0.0,0.0,0.0,0.0,0.0,0.0,0.0,0.0,0.0,0.0,0.0,0.0,0.0,0.0,0.0,1.0,0.0,0.0,0.0,0.0,0.0,0.0,0.0,0.0,0.0,0.0,0.0,0.0,0.0,0.0,1.9,0
-0.8436027749328491,-0.8894049362882337,2.9238865541931056,-0.856677527190816,1.0869565217391304,1.2371134020618557,0.81521096479441,-0.06666666666666662,-0.9090909090909091,-0.3333333333333333,2.7952571506957162,0.0,0.0,0.0,0.0,0.0,1.0,0.0,0.0,0.0,0.0,0.0,0.0,0.0,0.0,0.0,0.0,0.0,0.0,0.0,0.0,0.0,0.0,1.0,0.0,0.0,0.0,0.0,0.0,0.0,0.0,0.0,0.0,0.0,0.0,2.49,0
-0.7768559778932929,5.717615184529342,4.511123425453908,-0.7899951588053259,1.3043478260869565,0.08247422680412371,29.14361730717549,1.6333333333333333,-0.5454545454545454,1.0,-0.12315583034829054,0.0,0.0,0.0,0.0,0.0,0.0,0.0,0.0,0.0,0.0,0.0,0.0,1.0,0.0,0.0,0.0,0.0,0.0,0.0,0.0,0.0,0.0,0.0,0.0,0.0,0.0,0.0,0.0,0.0,0.0,0.0,1.0,0.0,0.0,4.6,1
-0.18893505188506135,0.1347563654887559,-0.33071127430235187,-0.20264173499405552,1.7826086956521738,-0.8247422680412371,0.009943563558183306,0.03333333333333336,0.0,-1.0,-0.04891977560306007,0.0,0.0,0.0,0.0,1.0,0.0,0.0,0.0,0.0,0.0,0.0,0.0,0.0,0.0,0.0,0.0,0.0,0.0,0.0,0.0,0.0,1.0,0.0,0.0,0.0,0.0,0.0,0.0,0.0,0.0,0.0,0.0,0.0,0.0,1.2,0
-0.1402925660399259,0.0841179822117554,-0.14192332836838337,-0.154046202261765,0.13043478260869565,0.3436426116838488,-0.2577801666218758,0.06666666666666672,0.36363636363636365,-1.0,0.21530391757186806,0.0,0.0,0.0,0.0,1.0,0.0,0.0,0.0,0.0,0.0,0.0,0.0,0.0,0.0,0.0,0.0,0.0,0.0,0.0,0.0,0.0,1.0,0.0,0.0,0.0,0.0,0.0,0.0,0.0,0.0,0.0,0.0,0.0,0.0,1.11,0
1.103843552532414,-0.7478909456704496,4.833924223149453,1.088888989537306,0.08695652173913043,-0.041237113402061855,2.322870196183821,2.066666666666667,-0.9090909090909091,0.0,-0.14957123978695147,-1.0,0.0,0.0,1.0,0.0,0.0,0.0,0.0,0.0,0.0,0.0,0.0,0.0,0.0,0.0,0.0,0.0,0.0,0.0,1.0,0.0,0.0,0.0,0.0,0.0,0.0,0.0,0.0,0.0,0.0,0.0,0.0,0.0,0.0,1.7,0
0.9313184795841447,-0.8749235937535272,-0.6223133128576366,0.9165304497971566,-0.5652173913043478,0.4948453608247423,-0.14275732330018812,-0.29999999999999993,0.18181818181818182,-0.3333333333333333,0.6263504728134945,0.0,0.0,0.0,1.0,0.0,0.0,0.0,0.0,0.0,0.0,0.0,0.0,0.0,0.0,0.0,0.0,0.0,0.0,0.0,0.0,1.0,0.0,0.0,0.0,0.0,0.0,0.0,0.0,0.0,0.0,0.0,0.0,0.0,0.0,-0.68,0
0.39238632630582104,0.04139294907405868,0.5547307819795004,0.3781185113427463,-0.4782608695652174,-0.13745704467353953,0.815748454716474,-0.19999999999999996,0.18181818181818182,0.0,0.7217459597514114,0.0,0.0,0.0,0.0,0.0,0.0,0.0,0.0,0.0,0.0,0.0,0.0,0.0,0.0,0.0,0.0,0.0,0.0,1.0,0.0,0.0,0.0,0.0,0.0,0.0,0.0,0.0,0.0,0.0,0.0,0.0,0.0,0.0,1.0,0.66,0
-0.2088465477593764,0.14624704392397705,0.38987370243152797,-0.22253401090671657,0.17391304347826086,-0.48109965635738833,-0.21666218758398276,-0.33333333333333326,-0.2727272727272727,0.6666666666666666,0.20548106358301196,0.0,0.0,0.0,0.0,1.0,0.0,0.0,0.0,0.0,0.0,0.0,0.0,0.0,0.0,0.0,0.0,0.0,0.0,0.0,0.0,0.0,1.0,0.0,0.0,0.0,0.0,0.0,0.0,0.0,0.0,0.0,0.0,0.0,0.0,0.45,0
0.03458228104724944,-0.013978463547946615,-0.4796144386999836,0.020659843451747713,-0.5652173913043478,0.12371134020618557,-0.30309056705186777,-0.5333333333333332,-0.2727272727272727,0.0,-0.1495647149005466,-1.0,0.0,0.0,0.0,1.0,0.0,0.0,0.0,0.0,0.0,0.0,0.0,0.0,0.0,0.0,0.0,0.0,0.0,0.0,0.0,0.0,0.0,0.0,0.0,1.0,0.0,0.0,0.0,0.0,0.0,0.0,0.0,0.0,0.0,0.76,0
-0.9342557344103284,1.4646050017150487,0.03711500533425348,-0.9472429821223799,-0.391304347826087,1.7594501718213058,0.016608438591776378,-0.09999999999999998,0.9090909090909091,-0.3333333333333333,-0.11335151296853926,0.0,0.0,0.0,0.0,0.0,0.0,0.0,0.0,0.0,0.0,0.0,0.0,0.0,0.0,1.0,0.0,0.0,0.0,0.0,0.0,0.0,0.0,0.0,0.0,0.0,0.0,0.0,0.0,1.0,0.0,0.0,0.0,0.0,0.0,2.57,0
-0.21450462810875512,0.1540986399373162,-0.42200309792300333,-0.22818662968314082,1.2173913043478262,-0.3848797250859107,0.28255845202902435,0.09999999999999998,-0.36363636363636365,-0.3333333333333333,0.30221009889540473,0.0,0.0,0.0,0.0,1.0,0.0,0.0,0.0,0.0,0.0,0.0,0.0,0.0,0.0,0.0,0.0,0.0,0.0,0.0,0.0,0.0,1.0,0.0,0.0,0.0,0.0,0.0,0.0,0.0,0.0,0.0,0.0,0.0,0.0,0.87,0
0.030578297425581633,-0.011076065935396322,-0.4760691285423927,0.016659724753747992,0.0,-0.48109965635738833,-0.25536146197258797,-0.46666666666666656,-0.6363636363636364,0.0,-0.1141658879952088,-1.0,0.0,0.0,0.0,1.0,0.0,0.0,0.0,0.0,0.0,0.0,0.0,0.0,0.0,0.0,0.0,0.0,0.0,0.0,0.0,0.0,0.0,0.0,0.0,1.0,0.0,0.0,0.0,0.0,0.0,0.0,0.0,0.0,0.0,1.67,0
-0.3267046706216552,2.1399790001403227,0.23387990673022066,-0.3402783689059071,1.7826086956521738,0.12371134020618557,113.79290513302874,0.9333333333333332,-0.09090909090909091,0.0,-0.08308820006547381,0.0,0.0,0.0,0.0,0.0,0.0,0.0,0.0,0.0,0.0,0.0,0.0,1.0,0.0,0.0,0.0,0.0,0.0,0.0,0.0,0.0,0.0,0.0,0.0,0.0,0.0,0.0,0.0,0.0,0.0,0.0,1.0,0.0,0.0,4.7,1
-0.8659181822297429,-0.8732563561971907,-0.6781520003520173,-0.878971394103439,-0.08695652173913043,-0.35738831615120276,-0.3480193496371943,-0.06666667999999995,-0.18181818181818182,0.0,0.30640810535559426,-1.0,0.0,0.0,0.0,0.0,1.0,0.0,0.0,0.0,0.0,0.0,0.0,0.0,0.0,0.0,0.0,0.0,0.0,0.0,0.0,0.0,0.0,1.0,0.0,0.0,0.0,0.0,0.0,0.0,0.0,0.0,0.0,0.0,0.0,1.89,0
1.093269435158165,-0.7314555261504111,2.2369820560765534,1.078325079037103,1.9130434782608696,-0.4261168384879725,0.7104004299919376,1.7333333333333332,-0.36363636363636365,-0.6666666666666666,9.331354134267508,0.0,0.0,0.0,1.0,0.0,0.0,0.0,0.0,0.0,0.0,0.0,0.0,0.0,0.0,0.0,0.0,0.0,0.0,0.0,1.0,0.0,0.0,0.0,0.0,0.0,0.0,0.0,0.0,0.0,0.0,0.0,0.0,0.0,0.0,2.1,0
-0.9332663433109804,1.4643050531033046,0.7603589672221328,-0.9462545460521825,-0.5652173913043478,1.2096219931271477,0.04052674012362271,-0.13333333333333325,-0.2727272727272727,0.0,-0.13676036679533593,0.0,0.0,0.0,0.0,0.0,0.0,0.0,0.0,0.0,0.0,0.0,0.0,0.0,0.0,1.0,0.0,0.0,0.0,0.0,0.0,0.0,0.0,0.0,0.0,0.0,0.0,0.0,0.0,1.0,0.0,0.0,0.0,0.0,0.0,2.2,0
-0.866443796015382,-0.8733268084968924,-0.6223133128576366,-0.8794965005300697,-0.13043478260869565,-0.4261168384879725,-0.30481053480247244,-0.29999999999999993,-0.9090909090909091,0.0,-0.11183217010138298,0.0,0.0,0.0,0.0,0.0,1.0,0.0,0.0,0.0,0.0,0.0,0.0,0.0,0.0,0.0,0.0,0.0,0.0,0.0,0.0,0.0,0.0,1.0,0.0,0.0,0.0,0.0,0.0,0.0,0.0,0.0,0.0,0.0,0.0,1.25,0
1.0708226245917774,-0.6597854519792944,2.2812984753098795,1.0558999356945675,-0.6086956521739131,0.17869415807560138,1.2478903520558988,2.066666666666667,-0.36363636363636365,1.0,-0.15016312607340618,-1.0,0.0,0.0,1.0,0.0,0.0,0.0,0.0,0.0,0.0,0.0,0.0,0.0,0.0,0.0,0.0,0.0,0.0,0.0,1.0,0.0,0.0,0.0,0.0,0.0,0.0,0.0,0.0,0.0,0.0,0.0,0.0,0.0,0.0,2.0,0
-0.30019517285358244,0.47425849490334215,-0.002743182124199872,-0.3137944599501358,0.6956521739130435,-0.21993127147766323,0.17291050792797635,0.3999999999999999,-0.09090909090909091,-0.3333333333333333,0.2523706438489742,0.0,0.0,0.0,0.0,0.0,0.0,0.0,0.0,0.0,0.0,1.0,0.0,0.0,0.0,0.0,0.0,0.0,0.0,0.0,0.0,0.0,0.0,0.0,0.0,0.0,0.0,0.0,0.0,0.0,0.0,1.0,0.0,0.0,0.0,1.6,0
-2.216113934568783,6.381217082145416,2.844382898088519,-1.3294495884275195,0.6521739130434783,0.5223367697594502,25.117817790916416,2.166666666666666,0.09090909090909091,-1.0,-0.07840456740071107,0.0,0.0,0.0,0.0,0.0,0.0,1.0,0.0,0.0,0.0,0.0,0.0,0.0,0.0,0.0,0.0,0.0,0.0,0.0,0.0,0.0,0.0,0.0,0.0,0.0,0.0,0.0,0.0,0.0,0.0,0.0,1.0,0.0,0.0,4.4,0
-0.26582929138727396,0.535659740131182,0.02917350300764148,-0.279461750824477,-0.30434782608695654,-0.12371134020618557,-0.36457941413598494,-0.2666666666666666,0.6363636363636364,0.3333333333333333,4.219803617643355,0.0,0.0,0.0,0.0,0.0,0.0,0.0,0.0,0.0,0.0,0.0,0.0,0.0,0.0,0.0,0.0,1.0,0.0,0.0,0.0,0.0,0.0,0.0,0.0,0.0,0.0,0.0,0.0,0.0,0.0,1.0,0.0,0.0,0.0,1.1,0
-0.4288469342402758,0.6170693221660253,-0.028579654537228907,-0.4423220377026021,0.4782608695652174,-0.041237113402061855,0.17291050792797635,0.7333333333333333,-0.9090909090909091,0.3333333333333333,0.15781968482187061,0.0,0.0,0.0,0.0,0.0,0.0,0.0,0.0,0.0,0.0,0.0,0.0,0.0,0.0,0.0,0.0,1.0,0.0,0.0,0.0,0.0,0.0,0.0,0.0,0.0,0.0,0.0,0.0,0.0,0.0,1.0,0.0,0.0,0.0,2.2,0
-0.02896291342133553,0.09134763564878258,-0.4929093729226683,-0.042824012772403455,-0.391304347826087,0.8384879725085911,0.3099704380542864,-0.46666666666666656,0.18181818181818182,-0.6666666666666666,-0.10520797690266011,-1.0,0.0,0.0,0.0,1.0,0.0,0.0,0.0,0.0,0.0,0.0,0.0,0.0,0.0,0.0,0.0,0.0,0.0,0.0,0.0,0.0,0.0,0.0,0.0,1.0,0.0,0.0,0.0,0.0,0.0,0.0,0.0,0.0,0.0,1.28,0
-0.09753237136073843,0.04620984035844331,-0.581542206106391,-0.11132728269858282,-0.5217391304347826,0.3711340206185567,-0.23746304756785805,-0.4333333333333333,-0.6363636363636364,0.6666666666666666,-0.14957336531812884,-1.0,0.0,0.0,0.0,1.0,0.0,0.0,0.0,0.0,0.0,0.0,0.0,0.0,0.0,0.0,0.0,0.0,0.0,0.0,0.0,0.0,0.0,0.0,0.0,1.0,0.0,0.0,0.0,0.0,0.0,0.0,0.0,0.0,0.0,0.82,0
-0.28793599876326337,0.13378594350957138,0.767449594299465,-0.30154711926788474,-0.5217391304347826,2.29553264604811,2.06487503359312,-0.1666666666666666,0.09090909090909091,1.0,0.01448017290718296,0.0,0.0,0.0,0.0,0.0,0.0,0.0,0.0,0.0,0.0,0.0,0.0,1.0,0.0,0.0,0.0,0.0,0.0,0.0,0.0,0.0,1.0,0.0,0.0,0.0,0.0,0.0,0.0,0.0,0.0,0.0,0.0,0.0,0.0,2.7,0
0.7433032522367564,-1.156301857624507,-0.19598935983304097,0.7286967078330259,-0.5217391304347826,-0.3024054982817869,-0.29664068798710025,0.26666666666666666,-1.0,0.6666666666666666,1.5507237151490487,0.0,0.0,0.0,1.0,0.0,0.0,0.0,0.0,0.0,0.0,0.0,0.0,0.0,0.0,0.0,0.0,0.0,0.0,0.0,0.0,1.0,0.0,0.0,0.0,0.0,0.0,0.0,0.0,0.0,0.0,0.0,0.0,0.0,0.0,0.05,0
0.3764787725366659,0.002523137799069774,-0.5327941460063182,0.3622263126516517,-0.5217391304347826,0.06872852233676977,-0.32835796828809455,-0.4333333333333333,0.45454545454545453,-0.3333333333333333,0.026837154369012656,0.0,0.0,0.0,0.0,0.0,0.0,0.0,0.0,0.0,0.0,0.0,0.0,0.0,0.0,0.0,0.0,0.0,0.0,1.0,0.0,0.0,0.0,0.0,0.0,0.0,0.0,0.0,0.0,0.0,0.0,0.0,0.0,0.0,1.0,0.57,0
-0.8657172119267991,-0.8731944782270049,-0.6471305076282992,-0.8787706177910191,0.043478260869565216,-0.3436426116838488,-0.3273474872346143,-0.2666666666666666,0.0,0.0,0.49467282775770066,0.0,0.0,0.0,0.0,0.0,1.0,0.0,0.0,0.0,0.0,0.0,0.0,0.0,0.0,0.0,0.0,0.0,0.0,0.0,0.0,0.0,0.0,1.0,0.0,0.0,0.0,0.0,0.0,0.0,0.0,0.0,0.0,0.0,0.0,1.71,0
-0.8771261341742427,-0.8834016230432445,-0.16230886261980373,-0.8901685273526508,0.13043478260869565,0.013745704467353952,0.07116366568126847,0.33333333666666665,-0.8181818181818182,0.0,-0.14702849485036734,-1.0,0.0,0.0,0.0,0.0,1.0,0.0,0.0,0.0,0.0,0.0,0.0,0.0,0.0,0.0,0.0,0.0,0.0,0.0,0.0,0.0,0.0,1.0,0.0,0.0,0.0,0.0,0.0,0.0,0.0,0.0,0.0,0.0,0.0,1.8,0
0.6320013913312317,7.456900733402229,2.449700868396518,0.6175022832302343,1.7391304347826086,1.0309278350515463,9.12749260951357,2.1,1.0909090909090908,0.3333333333333333,-0.09719867884067125,0.0,0.0,0.0,0.0,0.0,0.0,0.0,0.0,0.0,0.0,0.0,0.0,0.0,0.0,0.0,1.0,0.0,0.0,0.0,0.0,0.0,0.0,0.0,0.0,0.0,0.0,0.0,0.0,0.0,0.0,0.0,1.0,0.0,0.0,4.7,1
0.03458228104724944,-0.013938685314370388,-0.4778417836211882,0.020659843451747713,0.8695652173913043,-0.5773195876288659,-0.30432679387261485,-0.4999999999999999,-0.36363636363636365,0.0,-0.11901409279485017,-1.0,0.0,0.0,0.0,1.0,0.0,0.0,0.0,0.0,0.0,0.0,0.0,0.0,0.0,0.0,0.0,0.0,0.0,0.0,0.0,0.0,0.0,0.0,0.0,1.0,0.0,0.0,0.0,0.0,0.0,0.0,0.0,0.0,0.0,1.92,0
-0.07132885323720214,0.03160052687134212,0.056614229796916875,-0.08514905803449895,1.8695652173913044,-0.6460481099656358,-0.09529696318194034,0.09999999999999998,0.9090909090909091,1.0,-0.12421777208767044,-1.0,0.0,0.0,0.0,1.0,0.0,0.0,0.0,0.0,0.0,0.0,0.0,0.0,0.0,0.0,0.0,0.0,0.0,0.0,0.0,0.0,0.0,0.0,0.0,1.0,0.0,0.0,0.0,0.0,0.0,0.0,0.0,0.0,0.0,2.48,0
1.0876577325165682,-0.6465524249905358,1.084755156010079,1.0727187932014692,0.08695652173913043,-0.2611683848797251,1.7853802741198601,2.066666666666667,1.0909090909090908,1.0,-0.14977967365821845,-1.0,0.0,0.0,1.0,0.0,0.0,0.0,0.0,0.0,0.0,0.0,0.0,0.0,0.0,0.0,0.0,0.0,0.0,0.0,1.0,0.0,0.0,0.0,0.0,0.0,0.0,0.0,0.0,0.0,0.0,0.0,0.0,0.0,0.0,1.8,0
-0.10077102939187335,0.12192915132764383,0.19488145780489385,-0.11456281455157613,-0.08695652173913043,-0.5773195876288659,-0.15404461166353128,-0.19999999999999996,-0.36363636363636365,0.3333333333333333,0.5723322069954141,0.0,0.0,0.0,0.0,1.0,0.0,0.0,0.0,0.0,0.0,0.0,0.0,0.0,0.0,0.0,0.0,0.0,0.0,0.0,0.0,0.0,1.0,0.0,0.0,0.0,0.0,0.0,0.0,0.0,0.0,0.0,0.0,0.0,0.0,0.62,0
0.8210322904790414,-0.9966453870051342,-0.2092842856030388,0.806350716597674,-0.6086956521739131,3.3539518900343643,1.7853802741198601,0.3999999999999999,1.0,-0.6666666666666666,-0.1503923209468705,-1.0,0.0,0.0,1.0,0.0,0.0,0.0,0.0,0.0,0.0,0.0,0.0,0.0,0.0,0.0,0.0,0.0,0.0,0.0,1.0,0.0,0.0,0.0,0.0,0.0,0.0,0.0,0.0,0.0,0.0,0.0,0.0,0.0,0.0,2.2,0
-0.06431038229981119,0.023876886195266723,-0.6790383305328795,-0.07813736181374091,-0.4782608695652174,-0.10996563573883161,-0.20300994356355814,0.09999999999999998,-0.7272727272727273,0.3333333333333333,-0.14954728224949518,-1.0,0.0,0.0,0.0,1.0,0.0,0.0,0.0,0.0,0.0,0.0,0.0,0.0,0.0,0.0,0.0,0.0,0.0,0.0,0.0,0.0,0.0,0.0,0.0,1.0,0.0,0.0,0.0,0.0,0.0,0.0,0.0,0.0,0.0,1.41,0
0.031931004158140916,-0.01726026877941221,-0.2988034516090889,0.01801112575962089,-0.6086956521739131,0.7010309278350515,-0.02176834184359042,-0.46666666666666656,0.45454545454545453,0.3333333333333333,-0.14952691669495874,-1.0,0.0,0.0,0.0,1.0,0.0,0.0,0.0,0.0,0.0,0.0,0.0,0.0,0.0,0.0,0.0,0.0,0.0,0.0,0.0,0.0,0.0,0.0,0.0,1.0,0.0,0.0,0.0,0.0,0.0,0.0,0.0,0.0,0.0,1.04,0
-0.1888268372335722,0.13471225539878476,-0.1924440462943749,-0.20253362479887968,0.34782608695652173,-0.21993127147766323,0.018865896264445035,-0.09999999999999998,0.9090909090909091,1.0,1.1042661235555542,0.0,0.0,0.0,0.0,1.0,0.0,0.0,0.0,0.0,0.0,0.0,0.0,0.0,0.0,0.0,0.0,0.0,0.0,0.0,0.0,0.0,1.0,0.0,0.0,0.0,0.0,0.0,0.0,0.0,0.0,0.0,0.0,0.0,0.0,0.78,0
0.03396395642910871,-0.013585931131185745,-0.5079769516582898,0.020042115683563677,0.13043478260869565,-0.7285223367697594,-0.3159043267938726,-0.5333333333333332,0.2727272727272727,0.6666666666666666,-0.14950180576849148,-1.0,0.0,0.0,0.0,1.0,0.0,0.0,0.0,0.0,0.0,0.0,0.0,0.0,0.0,0.0,0.0,0.0,0.0,0.0,0.0,0.0,0.0,0.0,0.0,1.0,0.0,0.0,0.0,0.0,0.0,0.0,0.0,0.0,0.0,1.32,0
0.002948076291328304,3.8147217831782387,0.23387990673022066,-0.010943825768008739,0.8695652173913043,0.027491408934707903,4.725450147809728,2.6999999999999997,0.36363636363636365,0.3333333333333333,1.4335922827598087,0.0,0.0,0.0,0.0,0.0,0.0,0.0,0.0,0.0,0.0,0.0,0.0,1.0,0.0,0.0,0.0,0.0,0.0,0.0,0.0,0.0,0.0,0.0,0.0,0.0,0.0,0.0,0.0,0.0,0.0,0.0,1.0,0.0,0.0,4.5,1
0.3232139751492769,-0.014106366116794831,1.5075337954960084,0.30901293015392023,0.6956521739130435,-0.5498281786941581,-0.11529158828271971,-0.19999999999999996,0.0,0.0,0.5238527458857821,0.0,0.0,0.0,0.0,0.0,0.0,0.0,0.0,0.0,0.0,0.0,0.0,1.0,0.0,0.0,0.0,0.0,0.0,0.0,0.0,0.0,0.0,0.0,0.0,0.0,0.0,0.0,0.0,0.0,0.0,0.0,0.0,0.0,1.0,1.56,0
-0.29810817600340167,0.47261759955673616,-0.10271216063073657,-0.3117094776145694,0.43478260869565216,-0.19243986254295534,-0.36457941413598494,0.3999999999999999,1.0,0.3333333333333333,3.9337824045209038,0.0,0.0,0.0,0.0,0.0,0.0,0.0,0.0,0.0,0.0,1.0,0.0,0.0,0.0,0.0,0.0,0.0,0.0,0.0,0.0,0.0,0.0,0.0,0.0,0.0,0.0,0.0,0.0,0.0,0.0,1.0,0.0,0.0,0.0,2.2,0
1.087982376471041,-0.7309262050708605,2.2547086237698837,1.073043123787002,6.565217391304348,-0.7560137457044673,1.7853802741198601,2.733333333333333,-0.6363636363636364,-0.6666666666666666,-0.10382473393879753,-1.0,0.0,0.0,1.0,0.0,0.0,0.0,0.0,0.0,0.0,0.0,0.0,0.0,0.0,0.0,0.0,0.0,0.0,0.0,1.0,0.0,0.0,0.0,0.0,0.0,0.0,0.0,0.0,0.0,0.0,0.0,0.0,0.0,0.0,3.4,0
-0.09212158689056887,0.11698882125183194,-0.42023044115367025,-0.10592172109417337,0.43478260869565216,-0.6735395189003437,-0.27207739854877716,-0.1666666666666666,0.6363636363636364,1.0,-0.13176469297214993,0.0,0.0,0.0,0.0,1.0,0.0,0.0,0.0,0.0,0.0,0.0,0.0,0.0,0.0,0.0,0.0,0.0,0.0,0.0,0.0,0.0,1.0,0.0,0.0,0.0,0.0,0.0,0.0,0.0,0.0,0.0,0.0,0.0,0.0,1.61,0
-0.2235946588339864,0.11523323967133196,0.3464436115828685,-0.23726788607805183,2.3043478260869565,0.43986254295532645,1.2946519752754633,0.13333333333333333,0.8181818181818182,-1.0,0.28935752265254994,0.0,0.0,0.0,0.0,1.0,0.0,0.0,0.0,0.0,0.0,0.0,0.0,0.0,0.0,0.0,0.0,0.0,0.0,0.0,0.0,0.0,1.0,0.0,0.0,0.0,0.0,0.0,0.0,0.0,0.0,0.0,0.0,0.0,0.0,3.48,0
1.1159945119712438,-0.6897185590278664,2.7599158030297994,1.101028220024381,-0.6086956521739131,2.5017182130584192,1.2478903520558988,0.7333333333333333,0.0,0.6666666666666666,-0.1490880192223154,-1.0,0.0,0.0,1.0,0.0,0.0,0.0,0.0,0.0,0.0,0.0,0.0,0.0,0.0,0.0,0.0,0.0,0.0,0.0,1.0,0.0,0.0,0.0,0.0,0.0,0.0,0.0,0.0,0.0,0.0,0.0,0.0,0.0,0.0,1.5,0
0.03431955942838131,-0.01400047282440455,-0.47695545608178996,0.020397375430071484,-0.5652173913043478,-0.054982817869415807,-0.3299758129535071,-0.5666666666666665,-0.45454545454545453,0.3333333333333333,-0.1495370170872976,-1.0,0.0,0.0,0.0,1.0,0.0,0.0,0.0,0.0,0.0,0.0,0.0,0.0,0.0,0.0,0.0,0.0,0.0,0.0,0.0,0.0,0.0,0.0,0.0,1.0,0.0,0.0,0.0,0.0,0.0,0.0,0.0,0.0,0.0,0.73,0
-1.542714255347929,5.754982606140199,4.33527587393607,-1.5551141765469811,3.0869565217391304,-0.27491408934707906,29.116742811072292,2.166666666666666,1.0909090909090908,0.6666666666666666,1.2776492771976764,0.0,0.0,0.0,0.0,0.0,0.0,1.0,0.0,0.0,0.0,0.0,0.0,0.0,0.0,0.0,0.0,0.0,0.0,0.0,0.0,0.0,0.0,0.0,0.0,0.0,0.0,0.0,0.0,0.0,0.0,0.0,1.0,0.0,0.0,5.3,1
-0.23333397746816295,0.16879612191282184,-0.47606912938766094,-0.24699780364402804,0.782608695652174,-0.6323024054982818,0.1317925288900833,0.09999999999999998,-0.18181818181818182,0.0,0.44715868734230163,0.0,0.0,0.0,0.0,1.0,0.0,0.0,0.0,0.0,0.0,0.0,0.0,0.0,0.0,0.0,0.0,0.0,0.0,0.0,0.0,0.0,1.0,0.0,0.0,0.0,0.0,0.0,0.0,0.0,0.0,0.0,0.0,0.0,0.0,1.3,0
0.4080851803899577,0.00980130264288679,0.16740527788023174,0.39380221180028396,0.08695652173913043,-0.13745704467353953,-0.22983069067454986,-0.2666666666666666,-0.9090909090909091,0.0,0.9382232364411185,0.0,0.0,0.0,0.0,0.0,0.0,0.0,0.0,0.0,0.0,0.0,0.0,0.0,0.0,0.0,0.0,0.0,0.0,1.0,0.0,0.0,0.0,0.0,0.0,0.0,0.0,0.0,0.0,0.0,0.0,0.0,0.0,0.0,1.0,0.15,0
1.0301493748671453,-0.7783533737985714,5.587303350115995,1.0152659466214196,2.9130434782608696,-0.5223367697594502,1.7853802741198601,1.7333333333333332,0.18181818181818182,1.0,-0.14781410105970627,-1.0,0.0,-1.0,1.0,0.0,0.0,0.0,0.0,0.0,0.0,0.0,0.0,0.0,0.0,0.0,0.0,0.0,0.0,0.0,1.0,0.0,0.0,0.0,0.0,0.0,0.0,0.0,0.0,0.0,0.0,0.0,0.0,0.0,0.0,2.6,0
-0.428568667993585,0.6171222542739802,-0.03879015752858718,-0.4420440400578599,-0.30434782608695654,-0.09621993127147767,0.17291050792797635,0.06666666666666672,0.7272727272727273,0.6666666666666666,2.8475019985245114,0.0,0.0,0.0,0.0,0.0,0.0,0.0,0.0,0.0,0.0,0.0,0.0,0.0,0.0,0.0,0.0,1.0,0.0,0.0,0.0,0.0,0.0,0.0,0.0,0.0,0.0,0.0,0.0,0.0,0.0,1.0,0.0,0.0,0.0,1.8,0
1.193445283966838,-0.6734684018856707,-0.2092842856030388,1.1784042311442868,-0.391304347826087,1.1134020618556701,2.322870196183821,0.7333333333333333,0.36363636363636365,-0.3333333333333333,-0.14989558925382027,-1.0,0.0,0.0,1.0,0.0,0.0,0.0,0.0,0.0,0.0,0.0,0.0,0.0,0.0,0.0,0.0,0.0,0.0,0.0,1.0,0.0,0.0,0.0,0.0,0.0,0.0,0.0,0.0,0.0,0.0,0.0,0.0,0.0,0.0,1.3,0
0.7353881234419957,-1.1727064000815624,0.30744516265754174,0.7207892192714692,-0.6086956521739131,0.9621993127147767,-0.06568126847621607,-0.06666666666666662,0.0,0.0,0.6207921263998031,0.0,0.0,0.0,1.0,0.0,0.0,0.0,0.0,0.0,0.0,0.0,0.0,0.0,0.0,0.0,0.0,0.0,0.0,0.0,0.0,1.0,0.0,0.0,0.0,0.0,0.0,0.0,0.0,0.0,0.0,0.0,0.0,0.0,0.0,0.66,0
0.03421128627636223,-0.012677291277516697,-0.4122534823105974,0.020289206790834527,-0.4782608695652174,0.6048109965635738,-0.333437248051599,-0.4999999999999999,-0.09090909090909091,0.3333333333333333,-0.14951872763298088,-1.0,0.0,0.0,0.0,1.0,0.0,0.0,0.0,0.0,0.0,0.0,0.0,0.0,0.0,0.0,0.0,0.0,0.0,0.0,0.0,0.0,0.0,0.0,0.0,1.0,0.0,0.0,0.0,0.0,0.0,0.0,0.0,0.0,0.0,0.7,0
-0.21045430829581319,0.15482645642169762,-0.049745176363065406,-0.22414021952078378,0.6521739130434783,-0.08247422680412371,0.2159097016930932,-0.13333333333333325,0.0,-1.0,-0.0502341282889964,0.0,0.0,0.0,0.0,1.0,0.0,0.0,0.0,0.0,0.0,0.0,0.0,0.0,0.0,0.0,0.0,0.0,0.0,0.0,0.0,0.0,1.0,0.0,0.0,0.0,0.0,0.0,0.0,0.0,0.0,0.0,0.0,0.0,0.0,0.62,0
-0.8725146379640187,2.097440111582259,0.23387990673022066,-0.8855614824795282,1.0434782608695652,0.027491408934707903,90.53034130610051,1.7666666666666664,-1.0,0.0,-0.13429069729108922,0.0,0.0,0.0,0.0,0.0,0.0,0.0,0.0,0.0,0.0,0.0,0.0,1.0,0.0,0.0,0.0,0.0,0.0,0.0,0.0,0.0,0.0,0.0,0.0,0.0,0.0,0.0,0.0,0.0,0.0,0.0,1.0,0.0,0.0,4.9,1
-0.8659413708477476,-0.8734017956498198,-0.6356082386276344,-0.8789945603381756,-0.30434782608695654,-0.09621993127147767,-0.3530986294006987,-0.1666666666666666,-0.18181818181818182,0.0,6.319185175810698,0.0,0.0,0.0,0.0,0.0,1.0,0.0,0.0,0.0,0.0,0.0,0.0,0.0,0.0,0.0,0.0,0.0,0.0,0.0,0.0,0.0,0.0,1.0,0.0,0.0,0.0,0.0,0.0,0.0,0.0,0.0,0.0,0.0,0.0,1.56,0
-0.2043788285763983,0.14698368242636897,0.6407046352921528,-0.21807060427724625,0.6521739130434783,-0.48109965635738833,-0.18930395055092716,-0.23333333333333328,0.0,-0.6666666666666666,-0.03453335674548259,0.0,0.0,0.0,0.0,1.0,0.0,0.0,0.0,0.0,0.0,0.0,0.0,0.0,0.0,0.0,0.0,0.0,0.0,0.0,0.0,0.0,1.0,0.0,0.0,0.0,0.0,0.0,0.0,0.0,0.0,0.0,0.0,0.0,0.0,0.75,0
-2.146579837291541,6.431057954995877,0.23387990673022066,-1.3989165665545102,-0.043478260869565216,0.7697594501718213,17.372588013974735,1.9666666666666666,0.18181818181818182,-1.0,-0.06244497536313704,0.0,0.0,0.0,0.0,0.0,0.0,1.0,0.0,0.0,0.0,0.0,0.0,0.0,0.0,0.0,0.0,0.0,0.0,0.0,0.0,0.0,0.0,0.0,0.0,0.0,0.0,0.0,0.0,0.0,0.0,0.0,1.0,0.0,0.0,4.4,0
-0.244487816189684,0.18060439299579953,0.18424551718889556,-0.25814087590411017,0.0,-0.5360824742268041,-0.27256113947863475,0.13333333333333333,1.0,-0.3333333333333333,0.8038304312685872,0.0,0.0,0.0,0.0,1.0,0.0,0.0,0.0,0.0,0.0,0.0,0.0,0.0,0.0,0.0,0.0,0.0,0.0,0.0,0.0,0.0,1.0,0.0,0.0,0.0,0.0,0.0,0.0,0.0,0.0,0.0,0.0,0.0,0.0,1.45,0
1.0150302421302808,-0.8165438896881291,-0.2092842856030388,1.0001614079237613,-0.6521739130434783,1.9518900343642611,-0.36457941413598494,2.066666666666667,-0.36363636363636365,0.6666666666666666,-0.15032901636715446,-1.0,0.0,0.0,1.0,0.0,0.0,0.0,0.0,0.0,0.0,0.0,0.0,0.0,0.0,0.0,0.0,0.0,0.0,0.0,1.0,0.0,0.0,0.0,0.0,0.0,0.0,0.0,0.0,0.0,0.0,0.0,0.0,0.0,0.0,0.6,0
0.04309725791802622,0.1839788148779329,0.07739863041734679,0.02916660107420814,-0.8260869565217391,2.941580756013746,1.7423810803547433,0.013666666666666733,-0.45454545454545453,1.0,2.298335692199227,0.0,0.0,0.0,0.0,0.0,0.0,0.0,0.0,0.0,1.0,0.0,0.0,0.0,0.0,0.0,0.0,0.0,0.0,0.0,0.0,0.0,0.0,0.0,0.0,0.0,0.0,1.0,0.0,0.0,0.0,0.0,0.0,0.0,0.0,1.98,0
1.1748942008541206,-0.7262417135168401,-0.2092842856030388,1.1598710548281415,-0.21739130434782608,-0.3711340206185567,1.7853802741198601,1.0666666666666664,0.2727272727272727,0.3333333333333333,-0.1499724873468798,-1.0,0.0,0.0,1.0,0.0,0.0,0.0,0.0,0.0,0.0,0.0,0.0,0.0,0.0,0.0,0.0,0.0,0.0,0.0,1.0,0.0,0.0,0.0,0.0,0.0,0.0,0.0,0.0,0.0,0.0,0.0,0.0,0.0,0.0,1.4,0
0.01814605113142182,0.153500507117424,0.15348105895712075,0.004239478928993137,-0.4782608695652174,1.5532646048109966,5.322063961300725,0.3066666666666667,1.0,0.6666666666666666,-0.1486178484304891,-1.0,0.0,0.0,0.0,0.0,0.0,0.0,0.0,0.0,1.0,0.0,0.0,0.0,0.0,0.0,0.0,0.0,0.0,0.0,0.0,0.0,0.0,0.0,0.0,0.0,0.0,1.0,0.0,0.0,0.0,0.0,0.0,0.0,0.0,1.58,0
0.03369345046598217,-0.013268311022330934,-0.5124085893552799,0.019771870831619912,-0.6086956521739131,0.7835051546391752,-0.31140553614619726,-0.5666666666666665,0.9090909090909091,0.3333333333333333,-0.14949010710852312,-1.0,0.0,0.0,0.0,1.0,0.0,0.0,0.0,0.0,0.0,0.0,0.0,0.0,0.0,0.0,0.0,0.0,0.0,0.0,0.0,0.0,0.0,0.0,0.0,1.0,0.0,0.0,0.0,0.0,0.0,0.0,0.0,0.0,0.0,0.71,0
-0.42898606736362116,0.6177574395694406,0.0598316018332564,-0.44246103652497315,0.2608695652173913,0.013745704467353952,0.7104004299919376,0.7333333333333333,-1.0,-1.0,0.48358269583154145,0.0,0.0,0.0,0.0,0.0,0.0,0.0,0.0,0.0,0.0,0.0,0.0,0.0,0.0,0.0,0.0,1.0,0.0,0.0,0.0,0.0,0.0,0.0,0.0,0.0,0.0,0.0,0.0,0.0,0.0,1.0,0.0,0.0,0.0,1.9,0
0.3380471120214854,0.015367995996175722,-0.6533348063209647,0.3238317490500363,-0.5217391304347826,-0.09621993127147767,-0.2610051061542596,-0.29999999999999993,0.6363636363636364,-1.0,0.1165156215193011,0.0,0.0,0.0,0.0,0.0,0.0,0.0,0.0,0.0,0.0,0.0,0.0,1.0,0.0,0.0,0.0,0.0,0.0,0.0,0.0,0.0,0.0,0.0,0.0,0.0,0.0,0.0,0.0,0.0,0.0,0.0,0.0,0.0,1.0,1.44,0
0.09021700902432798,7.016381204762649,3.7749390691498967,0.07624086891721693,1.9565217391304348,-0.06872852233676977,7.912765385649018,2.133333333333333,0.8181818181818182,0.3333333333333333,0.8869822489765086,0.0,0.0,0.0,0.0,0.0,0.0,0.0,1.0,0.0,0.0,0.0,0.0,0.0,0.0,0.0,0.0,0.0,0.0,0.0,0.0,0.0,0.0,0.0,0.0,0.0,0.0,0.0,0.0,0.0,0.0,0.0,1.0,0.0,0.0,4.5,1
-0.17914162592513794,0.12810456392238886,0.5307999155935045,-0.1928577623304891,0.5652173913043478,-0.39862542955326463,-0.10631550658425153,0.06666666666666672,0.9090909090909091,-0.3333333333333333,0.7588639953625195,0.0,0.0,0.0,0.0,1.0,0.0,0.0,0.0,0.0,0.0,0.0,0.0,0.0,0.0,0.0,0.0,0.0,0.0,0.0,0.0,0.0,1.0,0.0,0.0,0.0,0.0,0.0,0.0,0.0,0.0,0.0,0.0,0.0,0.0,0.91,0
0.9319213897853079,-0.8735164818837398,-0.49468202546565787,0.9171327780274312,-0.4782608695652174,0.13745704467353953,-0.1816178446654125,-0.3999999999999999,1.0909090909090908,-0.6666666666666666,0.04016143376337978,0.0,0.0,0.0,1.0,0.0,0.0,0.0,0.0,0.0,0.0,0.0,0.0,0.0,0.0,0.0,0.0,0.0,0.0,0.0,0.0,1.0,0.0,0.0,0.0,0.0,0.0,0.0,0.0,0.0,0.0,0.0,0.0,0.0,0.0,-0.12,0
1.1166901775879707,-0.7346049865737356,0.7922667890701276,1.1017232141362365,-0.4782608695652174,0.5773195876288659,1.2478903520558988,0.7333333333333333,-0.36363636363636365,-0.3333333333333333,-0.14830378060280375,-1.0,0.0,0.0,1.0,0.0,0.0,0.0,0.0,0.0,0.0,0.0,0.0,0.0,0.0,0.0,0.0,0.0,0.0,0.0,1.0,0.0,0.0,0.0,0.0,0.0,0.0,0.0,0.0,0.0,0.0,0.0,0.0,0.0,0.0,1.4,0
-0.9431679839223932,1.4647990861108833,-0.1250830890597195,-0.956146628910925,-0.782608695652174,3.147766323024055,0.8657350174684223,-0.033333333333333263,0.9090909090909091,0.0,-0.1345336669247416,0.0,0.0,0.0,0.0,0.0,0.0,0.0,0.0,0.0,0.0,0.0,0.0,0.0,0.0,1.0,0.0,0.0,0.0,0.0,0.0,0.0,0.0,0.0,0.0,0.0,0.0,0.0,0.0,1.0,0.0,0.0,0.0,0.0,0.0,2.1,0
0.4317455409766372,-0.011080413945374356,1.7282295632779714,0.4174397337601688,1.1304347826086956,-0.4948453608247423,0.21967213114754097,-0.13333333333333325,0.2727272727272727,0.0,1.718543463942817,0.0,0.0,0.0,0.0,0.0,0.0,0.0,0.0,0.0,0.0,0.0,0.0,0.0,0.0,0.0,0.0,0.0,0.0,1.0,0.0,0.0,0.0,0.0,0.0,0.0,0.0,0.0,0.0,0.0,0.0,0.0,0.0,0.0,1.0,1.27,0
-0.20504357572126933,0.14585446412331932,0.342011969659536,-0.2187347097619068,-0.2608695652173913,0.563573883161512,-0.007524858908895449,-0.19999999999999996,0.2727272727272727,0.3333333333333333,0.11415221209693589,0.0,0.0,0.0,0.0,1.0,0.0,0.0,0.0,0.0,0.0,0.0,0.0,0.0,0.0,0.0,0.0,0.0,0.0,0.0,0.0,0.0,1.0,0.0,0.0,0.0,0.0,0.0,0.0,0.0,0.0,0.0,0.0,0.0,0.0,0.21,0
-0.23494946762256494,0.15156230976447949,0.5644803942108323,-0.2486117344148952,-0.4782608695652174,0.6735395189003437,-0.008062348830959425,-0.1666666666666666,-0.6363636363636364,0.3333333333333333,5.223686769499785,0.0,0.0,0.0,0.0,1.0,0.0,0.0,0.0,0.0,0.0,0.0,0.0,0.0,0.0,0.0,0.0,0.0,0.0,0.0,0.0,0.0,1.0,0.0,0.0,0.0,0.0,0.0,0.0,0.0,0.0,0.0,0.0,0.0,0.0,0.22,0
-0.16454810720980337,0.09121970669574014,-0.5372257879296508,-0.17827833029512455,0.6956521739130435,-0.43986254295532645,0.11341037355549578,0.09999999999999998,-0.2727272727272727,-0.3333333333333333,0.5940929173565016,0.0,0.0,0.0,0.0,1.0,0.0,0.0,0.0,0.0,0.0,0.0,0.0,0.0,0.0,0.0,0.0,0.0,0.0,0.0,0.0,0.0,1.0,0.0,0.0,0.0,0.0,0.0,0.0,0.0,0.0,0.0,0.0,0.0,0.0,1.19,0
0.10275756809989642,-0.057232749381647505,0.11422554098949564,0.08876932297234524,-0.34782608695652173,2.29553264604811,0.0772373018005912,-0.33333333333333326,-0.18181818181818182,-1.0,-0.14952678487907178,-1.0,0.0,0.0,0.0,1.0,0.0,0.0,0.0,0.0,0.0,0.0,0.0,0.0,0.0,0.0,0.0,0.0,0.0,0.0,0.0,0.0,0.0,0.0,0.0,1.0,0.0,0.0,0.0,0.0,0.0,0.0,0.0,0.0,0.0,1.88,0
1.076295194110029,-0.7956621730998676,-0.4397296656163337,1.0613672227078303,-0.5217391304347826,0.4536082474226804,-0.36457941413598494,0.3999999999999999,0.8181818181818182,-0.6666666666666666,0.18821565393818276,-1.0,0.0,0.0,1.0,0.0,0.0,0.0,0.0,0.0,0.0,0.0,0.0,0.0,0.0,0.0,0.0,0.0,0.0,0.0,1.0,0.0,0.0,0.0,0.0,0.0,0.0,0.0,0.0,0.0,0.0,0.0,0.0,0.0,0.0,0.4,0
-0.2906877427583148,0.5370095088840354,-0.2867493864228925,-0.30429620708811134,-0.21739130434782608,-0.3436426116838488,-0.36457941413598494,0.06666666666666672,0.7272727272727273,0.6666666666666666,2.5426052117439544,0.0,0.0,0.0,0.0,0.0,0.0,0.0,0.0,0.0,0.0,0.0,0.0,0.0,0.0,0.0,0.0,1.0,0.0,0.0,0.0,0.0,0.0,0.0,0.0,0.0,0.0,0.0,0.0,0.0,0.0,1.0,0.0,0.0,0.0,0.7,0
-4.329096214419599,2.483116683169629,2.449700868396518,0.7814930938636442,1.391304347826087,-0.2611683848797251,25.155442085460898,2.333333333333333,-0.45454545454545453,-0.6666666666666666,-0.13179216010759673,0.0,0.0,0.0,0.0,0.0,0.0,0.0,0.0,0.0,0.0,0.0,0.0,1.0,0.0,0.0,0.0,0.0,0.0,0.0,0.0,0.0,0.0,0.0,0.0,0.0,0.0,0.0,0.0,0.0,0.0,0.0,1.0,0.0,0.0,4.8,1
-0.6625581170650643,6.489487062362042,0.30407711479580896,-0.6758076262274769,3.1739130434782608,-0.5360824742268041,3.2204783660306364,2.966666666666667,-0.5454545454545454,-0.3333333333333333,1.278712866635643,0.0,0.0,0.0,0.0,0.0,0.0,0.0,1.0,0.0,0.0,0.0,0.0,0.0,0.0,0.0,0.0,0.0,0.0,0.0,0.0,0.0,0.0,0.0,0.0,0.0,0.0,0.0,0.0,0.0,0.0,0.0,1.0,0.0,0.0,5.6,1
0.03347690416194369,-0.014274074380343867,-0.4813871043446377,0.01955553355314566,-0.2608695652173913,-0.32989690721649484,-0.3439559258263907,-0.5333333333333332,0.9090909090909091,0.3333333333333333,-0.14948903610444153,-1.0,0.0,0.0,0.0,1.0,0.0,0.0,0.0,0.0,0.0,0.0,0.0,0.0,0.0,0.0,0.0,0.0,0.0,0.0,0.0,0.0,0.0,0.0,0.0,1.0,0.0,0.0,0.0,0.0,0.0,0.0,0.0,0.0,0.0,0.98,0
0.9354538251946894,-0.8648973703050531,-0.22080655460370352,0.9206618036842987,-0.6521739130434783,1.2096219931271477,-0.01951088417092184,-0.33333333333333326,-0.18181818181818182,0.0,0.6863500987035304,0.0,0.0,0.0,1.0,0.0,0.0,0.0,0.0,0.0,0.0,0.0,0.0,0.0,0.0,0.0,0.0,0.0,0.0,0.0,0.0,1.0,0.0,0.0,0.0,0.0,0.0,0.0,0.0,0.0,0.0,0.0,0.0,0.0,0.0,-0.45,0
0.032742698964441846,-0.013166745278694218,-0.3510968186969958,0.018822037061600988,-0.17391304347826086,-0.054982817869415807,-0.3420800859983875,-0.5333333333333332,-0.36363636363636365,-1.0,-0.14954365731260358,-1.0,0.0,0.0,0.0,1.0,0.0,0.0,0.0,0.0,0.0,0.0,0.0,0.0,0.0,0.0,0.0,0.0,0.0,0.0,0.0,0.0,0.0,0.0,0.0,1.0,0.0,0.0,0.0,0.0,0.0,0.0,0.0,0.0,0.0,0.75,0
0.034659593739127546,-0.013938685314370388,-0.49999999323785116,0.020737081516034667,-0.30434782608695654,-0.39862542955326463,-0.2954582101585595,-0.5666666666666665,1.0909090909090908,0.6666666666666666,-0.14949597291549319,-1.0,0.0,0.0,0.0,1.0,0.0,0.0,0.0,0.0,0.0,0.0,0.0,0.0,0.0,0.0,0.0,0.0,0.0,0.0,0.0,0.0,0.0,0.0,0.0,1.0,0.0,0.0,0.0,0.0,0.0,0.0,0.0,0.0,0.0,0.68,0
0.034350342971600965,-0.013991588345845216,-0.4920230453832701,0.020428129258872694,-0.6086956521739131,-0.054982817869415807,-0.32759473259876376,-0.5666666666666665,-1.0,-1.0,-0.14951086811072048,-1.0,0.0,0.0,0.0,1.0,0.0,0.0,0.0,0.0,0.0,0.0,0.0,0.0,0.0,0.0,0.0,0.0,0.0,0.0,0.0,0.0,0.0,0.0,0.0,1.0,0.0,0.0,0.0,0.0,0.0,0.0,0.0,0.0,0.0,0.73,0
-0.20648901428047006,0.1479982144954983,0.5866386038274952,-0.22017875308320795,-0.43478260869565216,-0.3024054982817869,-0.169739317387799,-0.2666666666666666,0.2727272727272727,0.0,0.05283371882683515,0.0,0.0,0.0,0.0,1.0,0.0,0.0,0.0,0.0,0.0,0.0,0.0,0.0,0.0,0.0,0.0,0.0,0.0,0.0,0.0,0.0,1.0,0.0,0.0,0.0,0.0,0.0,0.0,0.0,0.0,0.0,0.0,0.0,0.0,0.05,0
1.0774546368045737,-0.7933596264038238,-0.2092842856030388,1.0625255462275893,-0.5652173913043478,0.8934707903780069,0.17291050792797635,-0.2666666666666666,0.18181818181818182,0.6666666666666666,1.5706626969982769,-1.0,0.0,0.0,1.0,0.0,0.0,0.0,0.0,0.0,0.0,0.0,0.0,0.0,0.0,0.0,0.0,0.0,0.0,0.0,1.0,0.0,0.0,0.0,0.0,0.0,0.0,0.0,0.0,0.0,0.0,0.0,0.0,0.0,0.0,0.6,0
0.8658795339040349,-0.9030614201406332,-0.2092842856030388,0.8511546703419547,0.43478260869565216,1.3745704467353952,4.472829884439666,1.3999999999999997,-0.5454545454545454,0.6666666666666666,-0.14941413172667237,-1.0,0.0,0.0,1.0,0.0,0.0,0.0,0.0,0.0,0.0,0.0,0.0,0.0,0.0,0.0,0.0,0.0,0.0,0.0,1.0,0.0,0.0,0.0,0.0,0.0,0.0,0.0,0.0,0.0,0.0,0.0,0.0,0.0,0.0,2.5,0
-0.2034280855668716,0.14745124937995419,0.8161976554561235,-0.21712077899104387,0.21739130434782608,-0.28865979381443296,-0.31811341037355545,-0.19999999999999996,-1.0,-0.3333333333333333,0.9771280528770536,0.0,0.0,0.0,0.0,1.0,0.0,0.0,0.0,0.0,0.0,0.0,0.0,0.0,0.0,0.0,0.0,0.0,0.0,0.0,0.0,0.0,1.0,0.0,0.0,0.0,0.0,0.0,0.0,0.0,0.0,0.0,0.0,0.0,0.0,0.62,0
-0.21243309049450476,0.154380944513085,0.087635723260245,-0.22611709166117436,-0.30434782608695654,-0.20618556701030927,0.3126578876646062,-0.23333333333333328,-1.0,0.0,0.7797698632196385,0.0,0.0,0.0,0.0,1.0,0.0,0.0,0.0,0.0,0.0,0.0,0.0,0.0,0.0,0.0,0.0,0.0,0.0,0.0,0.0,0.0,1.0,0.0,0.0,0.0,0.0,0.0,0.0,0.0,0.0,0.0,0.0,0.0,0.0,0.12,0
0.8054802991362149,-1.0487879243498477,1.5695767824226647,0.790813737119307,-0.4782608695652174,0.6048109965635738,-0.07686105885514646,0.4333333333333333,-0.09090909090909091,-0.6666666666666666,0.6222826345416852,0.0,0.0,0.0,1.0,0.0,0.0,0.0,0.0,0.0,0.0,0.0,0.0,0.0,0.0,0.0,0.0,0.0,0.0,0.0,0.0,1.0,0.0,0.0,0.0,0.0,0.0,0.0,0.0,0.0,0.0,0.0,0.0,0.0,0.0,0.81,0
0.0324334481969156,-0.01728672029513627,-0.2730999107031186,0.018513084804439344,0.2608695652173913,-0.12371134020618557,-0.05794141359849505,-0.4999999999999999,-0.2727272727272727,0.0,-0.08969122033735256,-1.0,0.0,0.0,0.0,1.0,0.0,0.0,0.0,0.0,0.0,0.0,0.0,0.0,0.0,0.0,0.0,0.0,0.0,0.0,0.0,0.0,0.0,0.0,0.0,1.0,0.0,0.0,0.0,0.0,0.0,0.0,0.0,0.0,0.0,1.43,0
-0.06913366815512195,0.028270260847694528,0.13549748646190693,-0.0829559918978444,1.826086956521739,-0.7697594501718213,-0.1665143778554152,-0.13333333333333325,0.5454545454545454,0.0,-0.11579236422449772,-1.0,0.0,0.0,0.0,1.0,0.0,0.0,0.0,0.0,0.0,0.0,0.0,0.0,0.0,0.0,0.0,0.0,0.0,0.0,0.0,0.0,0.0,0.0,0.0,1.0,0.0,0.0,0.0,0.0,0.0,0.0,0.0,0.0,0.0,2.47,0
-0.8876229685786485,-0.8764410379242856,2.2174829262839717,-0.9006552294819119,0.08695652173913043,2.1030927835051547,0.7775866702499327,-0.06666667999999995,0.9090909090909091,0.0,-0.1477022388026287,-1.0,0.0,0.0,0.0,0.0,1.0,0.0,0.0,0.0,0.0,0.0,0.0,0.0,0.0,0.0,0.0,0.0,0.0,0.0,0.0,0.0,0.0,1.0,0.0,0.0,0.0,0.0,0.0,0.0,0.0,0.0,0.0,0.0,0.0,1.89,0
-0.18826257512222544,0.11117952240376662,0.8348105515341205,-0.20196990735259535,0.43478260869565216,-0.054982817869415807,-0.17339424885783392,-0.1666666666666666,-0.36363636363636365,1.0,0.2835747761682825,0.0,0.0,0.0,0.0,1.0,0.0,0.0,0.0,0.0,0.0,0.0,0.0,0.0,0.0,0.0,0.0,0.0,0.0,0.0,0.0,0.0,1.0,0.0,0.0,0.0,0.0,0.0,0.0,0.0,0.0,0.0,0.0,0.0,0.0,0.95,0
-0.8657713192525461,-0.8731812452000156,-0.6595391050136304,-0.8788246728886094,-0.043478260869565216,-0.3848797250859107,-0.32886858371405536,-0.23333333333333328,-0.09090909090909091,0.0,-0.13687339891841033,0.0,0.0,0.0,0.0,0.0,1.0,0.0,0.0,0.0,0.0,0.0,0.0,0.0,0.0,0.0,0.0,0.0,0.0,0.0,0.0,0.0,0.0,1.0,0.0,0.0,0.0,0.0,0.0,0.0,0.0,0.0,0.0,0.0,0.0,1.74,0
-0.11821677713579255,1.003579574453687,0.04420563241158564,-0.13199172244555238,-0.5217391304347826,0.041237113402061855,0.47229239451760274,-0.06666666666666662,-0.36363636363636365,0.6666666666666666,3.122629155852667,0.0,0.0,0.0,0.0,0.0,0.0,0.0,0.0,0.0,0.0,0.0,0.0,1.0,0.0,0.0,0.0,0.0,0.0,0.0,0.0,0.0,0.0,0.0,0.0,0.0,0.0,0.0,0.0,0.0,1.0,0.0,0.0,0.0,0.0,1.56,0
1.0146437612321004,-0.8155558236729771,-0.42377575469233636,0.999775300083843,-0.7391304347826086,1.402061855670103,-0.26729373824240793,-0.46666666666666656,-0.6363636363636364,0.6666666666666666,1.4481343761798942,0.0,0.0,0.0,1.0,0.0,0.0,0.0,0.0,0.0,0.0,0.0,0.0,0.0,0.0,0.0,0.0,0.0,0.0,0.0,0.0,1.0,0.0,0.0,0.0,0.0,0.0,0.0,0.0,0.0,0.0,0.0,0.0,0.0,0.0,-0.84,0
-0.10224738642292536,0.12138218621209972,-0.24828273452836566,-0.11603774650006761,0.391304347826087,-0.48109965635738833,0.03810803547433485,-0.1666666666666666,-1.0,-0.3333333333333333,1.0149367378279268,0.0,0.0,0.0,0.0,1.0,0.0,0.0,0.0,0.0,0.0,0.0,0.0,0.0,0.0,0.0,0.0,0.0,0.0,0.0,0.0,0.0,1.0,0.0,0.0,0.0,0.0,0.0,0.0,0.0,0.0,0.0,0.0,0.0,0.0,1.27,0
-2.2846740999826074,7.624327637469402,0.23387990673022066,-1.2609556020571262,0.5217391304347826,0.6735395189003437,147.41289975812953,1.333333333333333,-0.8181818181818182,0.3333333333333333,3.2771219230263857,0.0,0.0,0.0,0.0,0.0,0.0,0.0,0.0,0.0,0.0,0.0,0.0,1.0,0.0,0.0,0.0,0.0,0.0,0.0,0.0,0.0,0.0,0.0,0.0,0.0,0.0,0.0,0.0,0.0,0.0,0.0,1.0,0.0,0.0,4.7,1
0.8785870258362463,-0.8680468307283776,5.13527587393607,0.8638498961185141,2.869565217391304,1.429553264604811,4.472829884439666,1.0666666666666664,0.18181818181818182,1.0,-0.1327346436994126,-1.0,0.0,0.0,1.0,0.0,0.0,0.0,0.0,0.0,0.0,0.0,0.0,0.0,0.0,0.0,0.0,0.0,0.0,0.0,1.0,0.0,0.0,0.0,0.0,0.0,0.0,0.0,0.0,0.0,0.0,0.0,0.0,0.0,0.0,3.4,0
0.3082803532435395,0.2899356619769233,0.10181697741490932,0.2940937232194233,-0.6521739130434783,0.6185567010309279,0.011448535339962337,-0.1666666666666666,-0.6363636363636364,0.3333333333333333,4.920324665660229,0.0,0.0,0.0,0.0,0.0,0.0,0.0,0.0,1.0,0.0,0.0,0.0,0.0,0.0,0.0,0.0,0.0,0.0,0.0,0.0,0.0,0.0,0.0,1.0,0.0,0.0,0.0,0.0,0.0,0.0,0.0,0.0,0.0,0.0,-0.11,0
-0.11409070706680419,6.964928549224956,2.449700868396518,-0.12786963514656824,0.30434782608695654,0.7147766323024055,12.250309056705186,2.1999999999999993,0.9090909090909091,-0.3333333333333333,0.0845948886074812,0.0,0.0,0.0,0.0,0.0,0.0,0.0,1.0,0.0,0.0,0.0,0.0,0.0,0.0,0.0,0.0,0.0,0.0,0.0,0.0,0.0,0.0,0.0,0.0,0.0,0.0,0.0,0.0,0.0,0.0,0.0,1.0,0.0,0.0,4.4,0
-0.8780768856757782,-0.8788539815356847,1.65377801953888,-0.891118361122665,-0.21739130434782608,1.7182130584192439,0.2863208814834721,0.0333333266666667,1.0909090909090908,-0.6666666666666666,-0.14779368607421223,-1.0,0.0,0.0,0.0,0.0,1.0,0.0,0.0,0.0,0.0,0.0,0.0,0.0,0.0,0.0,0.0,0.0,0.0,0.0,0.0,0.0,0.0,1.0,0.0,0.0,0.0,0.0,0.0,0.0,0.0,0.0,0.0,0.0,0.0,1.72,0
1.0105779821832286,-0.8194816216796332,10.772324400415132,0.9957134456078863,2.5217391304347827,0.19243986254295534,0.17291050792797635,1.3999999999999997,-0.8181818181818182,0.0,-0.14672889381627666,-1.0,0.0,-1.0,1.0,0.0,0.0,0.0,0.0,0.0,0.0,0.0,0.0,0.0,0.0,0.0,0.0,0.0,0.0,0.0,1.0,0.0,0.0,0.0,0.0,0.0,0.0,0.0,0.0,0.0,0.0,0.0,0.0,0.0,0.0,2.2,0
-0.17524589847146718,0.12007211654021238,-0.09849323751972393,-0.18896579530409846,-0.2608695652173913,0.12371134020618557,0.13200752485890888,-0.3666666666666666,-0.45454545454545453,-0.6666666666666666,0.25463222549865716,0.0,0.0,0.0,0.0,1.0,0.0,0.0,0.0,0.0,0.0,0.0,0.0,0.0,0.0,0.0,0.0,0.0,0.0,0.0,0.0,0.0,1.0,0.0,0.0,0.0,0.0,0.0,0.0,0.0,0.0,0.0,0.0,0.0,0.0,0.47,0
-0.26782353282189103,0.5436524884323923,-0.13095058296621187,-0.28145406727846256,0.08695652173913043,-0.4948453608247423,-0.36457941413598494,0.06666666666666672,0.7272727272727273,-0.6666666666666666,1.0314303819315487,0.0,0.0,0.0,0.0,0.0,0.0,0.0,0.0,0.0,0.0,0.0,0.0,0.0,0.0,0.0,0.0,1.0,0.0,0.0,0.0,0.0,0.0,0.0,0.0,0.0,0.0,0.0,0.0,0.0,0.0,1.0,0.0,0.0,0.0,1.0,0
-0.2211830180293332,0.15987265071341972,0.2383115486535533,-0.23485857315695297,1.2608695652173914,-0.6323024054982818,0.1868852459016393,0.03333333333333336,0.36363636363636365,1.0,-0.05730039901863569,0.0,0.0,0.0,0.0,1.0,0.0,0.0,0.0,0.0,0.0,0.0,0.0,0.0,0.0,0.0,0.0,0.0,0.0,0.0,0.0,0.0,1.0,0.0,0.0,0.0,0.0,0.0,0.0,0.0,0.0,0.0,0.0,0.0,0.0,0.7,0
-0.21108040735086742,0.14763210074881822,-0.11267449167438824,-0.2247657142214537,0.043478260869565216,-0.5223367697594502,-0.16345068529965062,-0.29999999999999993,0.0,-0.3333333333333333,0.28876201142920366,0.0,0.0,0.0,0.0,1.0,0.0,0.0,0.0,0.0,0.0,0.0,0.0,0.0,0.0,0.0,0.0,0.0,0.0,0.0,0.0,0.0,1.0,0.0,0.0,0.0,0.0,0.0,0.0,0.0,0.0,0.0,0.0,0.0,0.0,0.09,0
0.3069199404819419,0.29834745613276864,0.28883226657954475,0.2927346236229076,-0.43478260869565216,-0.3436426116838488,-0.09051330287557108,-0.2666666666666666,1.0909090909090908,1.0,0.7326186284180464,0.0,0.0,0.0,0.0,0.0,0.0,0.0,0.0,1.0,0.0,0.0,0.0,0.0,0.0,0.0,0.0,0.0,0.0,0.0,0.0,0.0,0.0,0.0,0.0,0.0,0.0,0.0,0.0,0.0,0.0,0.0,0.0,1.0,0.0,1.02,0
0.03200053250576028,-0.017194039030058887,-0.0816529931394483,0.018080586993639975,0.2608695652173913,-0.08247422680412371,-0.034399355012093534,-0.46666666666666656,0.9090909090909091,0.6666666666666666,-0.08709204172416057,-1.0,0.0,0.0,0.0,1.0,0.0,0.0,0.0,0.0,0.0,0.0,0.0,0.0,0.0,0.0,0.0,0.0,0.0,0.0,0.0,0.0,0.0,0.0,0.0,1.0,0.0,0.0,0.0,0.0,0.0,0.0,0.0,0.0,0.0,1.47,0
1.018145278169626,-0.8152029429532591,-0.8616219767175967,1.0032734371135157,-0.6956521739130435,0.17869415807560138,-0.26062886320881484,-0.33333333333333326,-0.36363636363636365,0.3333333333333333,0.8524486615532237,0.0,0.0,0.0,1.0,0.0,0.0,0.0,0.0,0.0,0.0,0.0,0.0,0.0,0.0,0.0,0.0,0.0,0.0,0.0,0.0,1.0,0.0,0.0,0.0,0.0,0.0,0.0,0.0,0.0,0.0,0.0,0.0,0.0,0.0,-0.44,0
1.1375137683819956,-0.7905277586282295,-0.6524484779362982,1.1225267045511091,0.6956521739130435,-0.19243986254295534,1.2478903520558988,1.7333333333333332,0.9090909090909091,0.3333333333333333,-0.14877446218119206,-1.0,0.0,0.0,1.0,0.0,0.0,0.0,0.0,0.0,0.0,0.0,0.0,0.0,0.0,0.0,0.0,0.0,0.0,0.0,1.0,0.0,0.0,0.0,0.0,0.0,0.0,0.0,0.0,0.0,0.0,0.0,0.0,0.0,0.0,2.0,0
-1.5508720941467462,5.746759603169385,2.349811659444601,-1.5632641408320058,0.43478260869565216,1.3470790378006874,30.868959957000804,2.4666666666666663,-0.8181818181818182,-0.3333333333333333,-0.1254215477214271,0.0,0.0,0.0,0.0,0.0,0.0,1.0,0.0,0.0,0.0,0.0,0.0,0.0,0.0,0.0,0.0,0.0,0.0,0.0,0.0,0.0,0.0,0.0,0.0,0.0,0.0,0.0,0.0,0.0,0.0,0.0,1.0,0.0,0.0,4.5,1
0.9099383562967382,-0.872228467256825,6.978838914042429,0.8951709640927994,0.43478260869565216,0.8797250859106529,1.2478903520558988,0.3999999999999999,0.6363636363636364,0.0,-0.1496660813176244,-1.0,0.0,-1.0,1.0,0.0,0.0,0.0,0.0,0.0,0.0,0.0,0.0,0.0,0.0,0.0,0.0,0.0,0.0,0.0,1.0,0.0,0.0,0.0,0.0,0.0,0.0,0.0,0.0,0.0,0.0,0.0,0.0,0.0,0.0,1.8,0
1.0692998898529433,-0.7949564116604587,-0.21017061398770528,1.0543786708052854,-0.5217391304347826,2.1993127147766325,-0.08868583714055361,-0.06666666666666662,-1.0,0.0,0.988015699123845,0.0,0.0,0.0,1.0,0.0,0.0,0.0,0.0,0.0,0.0,0.0,0.0,0.0,0.0,0.0,0.0,0.0,0.0,0.0,0.0,1.0,0.0,0.0,0.0,0.0,0.0,0.0,0.0,0.0,0.0,0.0,0.0,0.0,0.0,-0.17,0
0.03310590939106109,-0.01353726841899753,-0.3546421499863022,0.019184896892237086,-0.6521739130434783,0.27491408934707906,-0.33524858908895455,-0.5666666666666665,-0.18181818181818182,0.0,-0.14950050408660767,-1.0,0.0,0.0,0.0,1.0,0.0,0.0,0.0,0.0,0.0,0.0,0.0,0.0,0.0,0.0,0.0,0.0,0.0,0.0,0.0,0.0,0.0,0.0,0.0,1.0,0.0,0.0,0.0,0.0,0.0,0.0,0.0,0.0,0.0,0.76,0
-1.1123059382790004,0.7657476735955239,0.23387990673022066,-1.1251213195420198,1.2608695652173914,1.0996563573883162,12.868422467078743,2.3999999999999995,0.8181818181818182,0.6666666666666666,-0.1368435261430264,0.0,0.0,0.0,0.0,0.0,0.0,0.0,0.0,0.0,0.0,0.0,0.0,1.0,0.0,0.0,0.0,0.0,0.0,0.0,0.0,0.0,0.0,0.0,0.0,0.0,0.0,0.0,0.0,0.0,0.0,0.0,1.0,0.0,0.0,4.5,1
-2.739848113007013,7.69392541961408,0.23387990673022066,-0.806220954670111,0.5652173913043478,1.0721649484536082,9.605858640150496,2.733333333333333,-0.45454545454545453,-0.3333333333333333,-0.1343021487962695,0.0,0.0,0.0,0.0,0.0,0.0,0.0,0.0,0.0,0.0,0.0,0.0,1.0,0.0,0.0,0.0,0.0,0.0,0.0,0.0,0.0,0.0,0.0,0.0,0.0,0.0,0.0,0.0,0.0,0.0,0.0,1.0,0.0,0.0,5.0,1
1.0045025024638137,-0.8204873317307793,10.541879020401835,0.9896438303643488,0.5652173913043478,0.43986254295532645,0.17291050792797635,0.7333333333333333,0.18181818181818182,-0.3333333333333333,-0.1492888572030959,-1.0,0.0,-1.0,1.0,0.0,0.0,0.0,0.0,0.0,0.0,0.0,0.0,0.0,0.0,0.0,0.0,0.0,0.0,0.0,1.0,0.0,0.0,0.0,0.0,0.0,0.0,0.0,0.0,0.0,0.0,0.0,0.0,0.0,0.0,1.8,0
-2.094850142031729,6.436520548536836,0.23387990673022066,-1.4505963287120809,1.434782608695652,0.13745704467353953,12.298683149690943,2.8,0.2727272727272727,0.0,-0.1327325346452211,0.0,0.0,0.0,0.0,0.0,0.0,1.0,0.0,0.0,0.0,0.0,0.0,0.0,0.0,0.0,0.0,0.0,0.0,0.0,0.0,0.0,0.0,0.0,0.0,0.0,0.0,0.0,0.0,0.0,0.0,0.0,1.0,0.0,0.0,5.0,1
0.03397174077337206,-0.014031366579421443,-0.47075116330600525,0.020049892513836157,1.173913043478261,-0.6048109965635738,-0.33862940069873687,-0.4333333333333333,0.18181818181818182,0.6666666666666666,-0.14775793101487236,-1.0,0.0,0.0,0.0,1.0,0.0,0.0,0.0,0.0,0.0,0.0,0.0,0.0,0.0,0.0,0.0,0.0,0.0,0.0,0.0,0.0,0.0,0.0,0.0,1.0,0.0,0.0,0.0,0.0,0.0,0.0,0.0,0.0,0.0,2.01,0
0.4942858799203849,-0.012527224896127509,0.24894748926955146,0.47991970441597304,-0.7391304347826086,2.3092783505154637,-0.12926632625638268,-0.4333333333333333,0.6363636363636364,0.3333333333333333,-0.13953492644613782,0.0,0.0,0.0,0.0,0.0,0.0,0.0,0.0,0.0,0.0,0.0,0.0,0.0,0.0,0.0,0.0,0.0,0.0,1.0,0.0,0.0,0.0,0.0,0.0,0.0,0.0,0.0,0.0,0.0,0.0,0.0,0.0,0.0,1.0,0.26,0
0.9125818856403002,-0.9077988438026088,0.35796588058353335,0.8978119417178498,-0.43478260869565216,0.2611683848797251,-0.36457941413598494,0.06666666666666672,-1.0,1.0,2.179147997881241,-1.0,0.0,0.0,1.0,0.0,0.0,0.0,0.0,0.0,0.0,0.0,0.0,0.0,0.0,0.0,0.0,0.0,0.0,0.0,1.0,0.0,0.0,0.0,0.0,0.0,0.0,0.0,0.0,0.0,0.0,0.0,0.0,0.0,0.0,1.6,0
0.034195894504752244,-0.01385488852785234,0.07345443191376161,0.020273829876433756,-0.5652173913043478,0.865979381443299,-0.3490244557914539,-0.3666666666666666,-0.45454545454545453,0.6666666666666666,-0.14953507280296482,-1.0,0.0,0.0,0.0,1.0,0.0,0.0,0.0,0.0,0.0,0.0,0.0,0.0,0.0,0.0,0.0,0.0,0.0,0.0,0.0,0.0,0.0,0.0,0.0,1.0,0.0,0.0,0.0,0.0,0.0,0.0,0.0,0.0,0.0,0.78,0
1.0909041720612935,-0.7454560687045176,4.975736764696097,1.0759620990567946,0.30434782608695654,0.32989690721649484,2.322870196183821,1.0666666666666664,1.0909090909090908,0.0,-0.06679939785019907,-1.0,0.0,0.0,1.0,0.0,0.0,0.0,0.0,0.0,0.0,0.0,0.0,0.0,0.0,0.0,0.0,0.0,0.0,0.0,1.0,0.0,0.0,0.0,0.0,0.0,0.0,0.0,0.0,0.0,0.0,0.0,0.0,0.0,0.0,2.1,0
0.034049053465254775,-0.013418337558175975,-0.42377576145448576,0.02012713057812772,0.34782608695652173,-0.6872852233676976,-0.29250201558720773,-0.5333333333333332,0.2727272727272727,0.0,-0.11805671400780703,-1.0,0.0,0.0,0.0,1.0,0.0,0.0,0.0,0.0,0.0,0.0,0.0,0.0,0.0,0.0,0.0,0.0,0.0,0.0,0.0,0.0,0.0,0.0,0.0,1.0,0.0,0.0,0.0,0.0,0.0,0.0,0.0,0.0,0.0,1.14,0
1.3215405128601496,-0.7023164007211646,-0.5726789233163115,1.3063758136072687,-0.30434782608695654,-0.16494845360824742,2.322870196183821,1.7333333333333332,1.0,0.0,-0.14956234221458117,-1.0,0.0,0.0,1.0,0.0,0.0,0.0,0.0,0.0,0.0,0.0,0.0,0.0,0.0,0.0,0.0,0.0,0.0,0.0,1.0,0.0,0.0,0.0,0.0,0.0,0.0,0.0,0.0,0.0,0.0,0.0,0.0,0.0,0.0,1.7,0
-4.463772440047148,2.618374098627129,0.23387990673022066,0.9160393206247786,0.08695652173913043,0.17869415807560138,44.15571083042192,3.1,-0.9090909090909091,1.0,-0.06782889640439917,0.0,0.0,0.0,0.0,0.0,0.0,0.0,0.0,0.0,0.0,0.0,0.0,1.0,0.0,0.0,0.0,0.0,0.0,0.0,0.0,0.0,0.0,0.0,0.0,0.0,0.0,0.0,0.0,0.0,0.0,0.0,1.0,0.0,0.0,4.9,1
-0.42624978260449536,0.6174398469217104,0.04378019478694568,-0.43972739301834174,-0.34782608695652173,0.054982817869415807,0.17291050792797635,0.7333333333333333,-0.6363636363636364,0.0,0.27564226086045207,0.0,0.0,0.0,0.0,0.0,0.0,0.0,0.0,0.0,0.0,0.0,0.0,0.0,0.0,0.0,0.0,1.0,0.0,0.0,0.0,0.0,0.0,0.0,0.0,0.0,0.0,0.0,0.0,0.0,0.0,1.0,0.0,0.0,0.0,1.6,0
-0.032054713428946016,0.09740826347267749,0.10890761801653935,-0.045912828359457945,-0.043478260869565216,0.6048109965635738,0.40725611394786343,-0.33333333333333326,0.09090909090909091,-0.6666666666666666,0.06540534598360516,-1.0,0.0,0.0,0.0,1.0,0.0,0.0,0.0,0.0,0.0,0.0,0.0,0.0,0.0,0.0,0.0,0.0,0.0,0.0,0.0,0.0,0.0,0.0,0.0,1.0,0.0,0.0,0.0,0.0,0.0,0.0,0.0,0.0,0.0,2.51,0
-0.2969951110166388,0.4743908251732296,0.038152009544313255,-0.3105974870356008,0.13043478260869565,0.041237113402061855,0.17291050792797635,-0.2666666666666666,-0.36363636363636365,0.0,-0.051685157572731906,0.0,0.0,0.0,0.0,0.0,0.0,0.0,0.0,0.0,0.0,1.0,0.0,0.0,0.0,0.0,0.0,0.0,0.0,0.0,0.0,0.0,0.0,0.0,0.0,0.0,0.0,0.0,0.0,0.0,0.0,1.0,0.0,0.0,0.0,2.0,0
0.19433805484163966,0.2834470677434264,0.13549745603223712,0.18026140985430195,-0.34782608695652173,0.6872852233676976,0.8383230314431603,0.3666666666666666,1.0,0.6666666666666666,2.395610494714622,0.0,0.0,0.0,0.0,0.0,0.0,0.0,0.0,0.0,0.0,0.0,0.0,1.0,0.0,0.0,0.0,0.0,0.0,0.0,0.0,0.0,0.0,0.0,0.0,0.0,0.0,0.0,0.0,0.0,0.0,0.0,0.0,1.0,0.0,1.69,0
0.034095405697001126,-0.014816633332949778,-0.4574562290833207,0.020173438067473886,0.391304347826087,-0.3436426116838488,-0.3210481053480247,-0.5333333333333332,0.45454545454545453,-0.3333333333333333,-0.14798432480073861,-1.0,0.0,0.0,0.0,1.0,0.0,0.0,0.0,0.0,0.0,0.0,0.0,0.0,0.0,0.0,0.0,0.0,0.0,0.0,0.0,0.0,0.0,0.0,0.0,1.0,0.0,0.0,0.0,0.0,0.0,0.0,0.0,0.0,0.0,1.32,0
-0.2986647084967832,0.4765610415993863,0.006350547102478595,-0.31226547290405376,0.17391304347826086,-0.23367697594501718,-0.36457941413598494,-0.2666666666666666,0.8181818181818182,0.6666666666666666,2.5172829185019405,0.0,0.0,0.0,0.0,0.0,0.0,0.0,0.0,0.0,0.0,1.0,0.0,0.0,0.0,0.0,0.0,0.0,0.0,0.0,0.0,0.0,0.0,0.0,0.0,0.0,0.0,0.0,0.0,0.0,0.0,1.0,0.0,0.0,0.0,1.6,0
-0.23889157278401738,0.15773331135021948,0.2649014001935488,-0.25255003438207607,0.391304347826087,-0.3711340206185567,-0.22961569470572424,0.0,-0.6363636363636364,0.3333333333333333,5.218180819901162,0.0,0.0,0.0,0.0,1.0,0.0,0.0,0.0,0.0,0.0,0.0,0.0,0.0,0.0,0.0,0.0,0.0,0.0,0.0,0.0,0.0,1.0,0.0,0.0,0.0,0.0,0.0,0.0,0.0,0.0,0.0,0.0,0.0,0.0,0.71,0
0.7353803938240351,-1.1722917652359324,0.2781963259635466,0.7207814971146739,-0.4782608695652174,0.8934707903780069,-0.019295888202096188,0.06666666666666672,-0.18181818181818182,-0.6666666666666666,0.6250146835689402,0.0,0.0,0.0,1.0,0.0,0.0,0.0,0.0,0.0,0.0,0.0,0.0,0.0,0.0,0.0,0.0,0.0,0.0,0.0,0.0,1.0,0.0,0.0,0.0,0.0,0.0,0.0,0.0,0.0,0.0,0.0,0.0,0.0,0.0,0.55,0
0.03721038182048001,0.05830040417119613,-0.027586949841030408,0.02328540739919668,0.08695652173913043,-0.5085910652920962,0.08529965063155062,-0.33333333333333326,-0.45454545454545453,0.6666666666666666,3.531868877777662,-1.0,0.0,0.0,0.0,1.0,0.0,0.0,0.0,0.0,0.0,0.0,0.0,0.0,0.0,0.0,0.0,0.0,0.0,0.0,0.0,0.0,0.0,0.0,0.0,1.0,0.0,0.0,0.0,0.0,0.0,0.0,0.0,0.0,0.0,2.91,0
-0.9325861369301839,1.464437383373192,-0.21371592752637136,-0.9455749962539269,-0.782608695652174,1.2233676975945018,0.01284600913732869,-0.29999999999999993,-0.9090909090909091,1.0,-0.11937978301926905,0.0,0.0,0.0,0.0,0.0,0.0,0.0,0.0,0.0,0.0,0.0,0.0,0.0,0.0,1.0,0.0,0.0,0.0,0.0,0.0,0.0,0.0,0.0,0.0,0.0,0.0,0.0,0.0,1.0,0.0,0.0,0.0,0.0,0.0,2.08,0
1.0900693733212217,-0.7934125585117792,11.126855754281738,1.0751281061225684,0.9130434782608695,0.8247422680412371,0.7104004299919376,1.7333333333333332,0.2727272727272727,-0.6666666666666666,-0.05352362670223589,-1.0,0.0,-1.0,1.0,0.0,0.0,0.0,0.0,0.0,0.0,0.0,0.0,0.0,0.0,0.0,0.0,0.0,0.0,0.0,1.0,0.0,0.0,0.0,0.0,0.0,0.0,0.0,0.0,0.0,0.0,0.0,0.0,0.0,0.0,2.1,0
0.9061353842586313,-0.8856202905694487,7.998116556408926,0.8913716629479896,-0.5217391304347826,2.185567010309278,1.2478903520558988,0.3999999999999999,0.2727272727272727,-0.3333333333333333,-0.15010962530028335,-1.0,0.0,-1.0,1.0,0.0,0.0,0.0,0.0,0.0,0.0,0.0,0.0,0.0,0.0,0.0,0.0,0.0,0.0,0.0,1.0,0.0,0.0,0.0,0.0,0.0,0.0,0.0,0.0,0.0,0.0,0.0,0.0,0.0,0.0,1.4,0
-0.09294865601267598,0.12254228157813167,-0.5336804743909848,-0.10674799187159996,-0.13043478260869565,-0.24742268041237114,0.2105348024724536,-0.1666666666666666,1.0,1.0,0.7298309695634771,0.0,0.0,0.0,0.0,1.0,0.0,0.0,0.0,0.0,0.0,0.0,0.0,0.0,0.0,0.0,0.0,0.0,0.0,0.0,0.0,0.0,1.0,0.0,0.0,0.0,0.0,0.0,0.0,0.0,0.0,0.0,0.0,0.0,0.0,0.66,0
-0.30028792826914597,0.48113966893749677,-0.48441834277121965,-0.31388712583171646,0.8695652173913043,-0.21993127147766323,-0.36457941413598494,0.06666666666666672,-0.7272727272727273,-0.3333333333333333,-0.07144842884463293,0.0,0.0,0.0,0.0,0.0,0.0,0.0,0.0,0.0,0.0,0.0,0.0,0.0,0.0,0.0,0.0,1.0,0.0,0.0,0.0,0.0,0.0,0.0,0.0,0.0,0.0,0.0,0.0,0.0,0.0,1.0,0.0,0.0,0.0,1.9,0
-0.009352911805210005,0.09907127632485799,0.6797030605499592,-0.023232940094689975,0.08695652173913043,0.9347079037800687,1.248965331900027,-0.1666666666666666,-0.5454545454545454,-1.0,0.5741070255284987,-1.0,0.0,0.0,0.0,1.0,0.0,0.0,0.0,0.0,0.0,0.0,0.0,0.0,0.0,0.0,0.0,0.0,0.0,0.0,0.0,0.0,0.0,0.0,0.0,1.0,0.0,0.0,0.0,0.0,0.0,0.0,0.0,0.0,0.0,2.37,0
1.0161123886451877,-0.8162130640134097,-0.570019938162312,1.0012425098755349,-0.6956521739130435,0.8109965635738832,-0.27094866971244286,-0.3666666666666666,-0.5454545454545454,-1.0,0.8740216496142839,0.0,0.0,0.0,1.0,0.0,0.0,0.0,0.0,0.0,0.0,0.0,0.0,0.0,0.0,0.0,0.0,0.0,0.0,0.0,0.0,1.0,0.0,0.0,0.0,0.0,0.0,0.0,0.0,0.0,0.0,0.0,0.0,0.0,0.0,-0.92,0
0.9340083866354887,-0.8737899644414985,0.3313760290435377,0.9192177603629976,-0.43478260869565216,0.28865979381443296,-0.36457941413598494,3.066666666666667,0.0,0.0,0.6264557937071813,-1.0,0.0,0.0,1.0,0.0,0.0,0.0,0.0,0.0,0.0,0.0,0.0,0.0,0.0,0.0,0.0,0.0,0.0,0.0,1.0,0.0,0.0,0.0,0.0,0.0,0.0,0.0,0.0,0.0,0.0,0.0,0.0,0.0,0.0,0.7,0
-0.9345649191288705,1.4672957172027639,0.7603589672221328,-0.9475518683943126,-0.6086956521739131,1.8419243986254294,-0.09819940876108572,-0.1666666666666666,0.36363636363636365,0.6666666666666666,-0.10874092278214224,0.0,0.0,0.0,0.0,0.0,0.0,0.0,0.0,0.0,0.0,0.0,0.0,0.0,0.0,1.0,0.0,0.0,0.0,0.0,0.0,0.0,0.0,0.0,0.0,0.0,0.0,0.0,0.0,1.0,0.0,0.0,0.0,0.0,0.0,2.02,0
0.03539397585354576,-0.014887103401616038,-0.5115222618158817,0.0214707547537232,0.0,0.7835051546391752,-0.2754635850577802,-0.5333333333333332,0.6363636363636364,-1.0,-0.14952943767379698,-1.0,0.0,0.0,0.0,1.0,0.0,0.0,0.0,0.0,0.0,0.0,0.0,0.0,0.0,0.0,0.0,0.0,0.0,0.0,0.0,0.0,0.0,0.0,0.0,1.0,0.0,0.0,0.0,0.0,0.0,0.0,0.0,0.0,0.0,1.07,0
-0.8660186670273808,-0.8732518213439648,-0.6506758211669652,-0.8790717819061565,-0.043478260869565216,-0.3711340206185567,-0.3441655468959957,-0.23333333333333328,-0.18181818181818182,0.3333333333333333,0.44891376644631303,0.0,0.0,0.0,0.0,0.0,1.0,0.0,0.0,0.0,0.0,0.0,0.0,0.0,0.0,0.0,0.0,0.0,0.0,0.0,0.0,0.0,0.0,1.0,0.0,0.0,0.0,0.0,0.0,0.0,0.0,0.0,0.0,0.0,0.0,2.17,0
-0.5969800382616094,6.6375064090475,0.23387990673022066,-0.6102928479499041,0.8260869565217391,0.15120274914089346,13.212416017199676,1.2333333333333334,0.9090909090909091,-0.3333333333333333,-0.11013625985363407,0.0,0.0,0.0,0.0,0.0,0.0,0.0,1.0,0.0,0.0,0.0,0.0,0.0,0.0,0.0,0.0,0.0,0.0,0.0,0.0,0.0,0.0,0.0,0.0,0.0,0.0,0.0,0.0,0.0,0.0,0.0,1.0,0.0,0.0,4.6,1
-2.0224359891012376,7.2149242484911875,10.414424998686789,-1.5229405824621531,0.043478260869565216,0.10996563573883161,11.77194302606826,1.4333333333333331,0.6363636363636364,-1.0,-0.12138127544697978,0.0,0.0,-1.0,0.0,0.0,0.0,0.0,0.0,0.0,0.0,0.0,0.0,0.0,1.0,0.0,0.0,0.0,0.0,0.0,0.0,0.0,0.0,0.0,0.0,0.0,0.0,0.0,0.0,0.0,0.0,0.0,1.0,0.0,0.0,4.4,0
-0.09579315542329575,0.1192957789568807,-0.5398847730836503,-0.10958974557341201,-0.13043478260869565,-0.28865979381443296,-0.30814297231926896,-0.29999999999999993,1.0,0.6666666666666666,0.8272011408730927,0.0,0.0,0.0,0.0,1.0,0.0,0.0,0.0,0.0,0.0,0.0,0.0,0.0,0.0,0.0,0.0,0.0,0.0,0.0,0.0,0.0,1.0,0.0,0.0,0.0,0.0,0.0,0.0,0.0,0.0,0.0,0.0,0.0,0.0,0.69,0
1.0338595914896886,-0.7511198042557062,5.392311105489361,1.0189725818846485,6.695652173913044,-0.21993127147766323,2.322870196183821,2.3999999999999995,0.09090909090909091,1.0,1.2762725920741904,-1.0,0.0,0.0,1.0,0.0,0.0,0.0,0.0,0.0,0.0,0.0,0.0,0.0,0.0,0.0,0.0,0.0,0.0,0.0,1.0,0.0,0.0,0.0,0.0,0.0,0.0,0.0,0.0,0.0,0.0,0.0,0.0,0.0,0.0,3.4,0
-0.1626157027188938,0.15913160120204947,-0.6364945670123009,-0.17634779109552456,0.08695652173913043,-0.17869415807560138,0.9877452297769415,-0.19999999999999996,-0.36363636363636365,0.6666666666666666,0.2673712917858473,0.0,0.0,0.0,0.0,1.0,0.0,0.0,0.0,0.0,0.0,0.0,0.0,0.0,0.0,0.0,0.0,0.0,0.0,0.0,0.0,0.0,1.0,0.0,0.0,0.0,0.0,0.0,0.0,0.0,0.0,0.0,0.0,0.0,0.0,1.17,0
-2.8991787280913623,7.9952970228614655,45.31590959873111,-0.6470441365848197,1.7391304347826086,-0.2611683848797251,27.633270626175754,1.4999999999999998,0.8181818181818182,-1.0,-0.12942337918783764,0.0,0.0,-1.0,0.0,0.0,0.0,0.0,0.0,0.0,0.0,0.0,0.0,1.0,0.0,0.0,0.0,0.0,0.0,0.0,0.0,0.0,0.0,0.0,0.0,0.0,0.0,0.0,0.0,0.0,0.0,0.0,1.0,0.0,0.0,5.0,1
-2.0470393630794788,7.13136562287337,6.603035678943826,-1.4983609573728658,0.5652173913043478,0.9484536082474226,17.549959688255846,2.0,0.5454545454545454,0.6666666666666666,-0.12310119266314262,0.0,0.0,-1.0,0.0,0.0,0.0,0.0,0.0,0.0,0.0,0.0,0.0,0.0,1.0,0.0,0.0,0.0,0.0,0.0,0.0,0.0,0.0,0.0,0.0,0.0,0.0,0.0,0.0,0.0,0.0,0.0,1.0,0.0,0.0,4.6,1
0.6493188274169533,-1.4476004807280503,-0.2801905563763603,0.6348030033213559,-0.43478260869565216,2.075601374570447,0.6136522440204245,0.03333333333333336,0.6363636363636364,-0.3333333333333333,0.3968104064951917,0.0,0.0,0.0,1.0,0.0,0.0,0.0,0.0,0.0,0.0,0.0,0.0,0.0,0.0,0.0,0.0,0.0,0.0,0.0,0.0,1.0,0.0,0.0,0.0,0.0,0.0,0.0,0.0,0.0,0.0,0.0,0.0,0.0,0.0,1.65,0
0.6306657133471162,7.4640968534787175,1.9601817015451994,0.6161678945354719,4.260869565217392,-0.563573883161512,9.81547970975544,1.6999999999999997,0.45454545454545453,0.3333333333333333,1.2779120027373876,0.0,0.0,0.0,0.0,0.0,0.0,0.0,0.0,0.0,0.0,0.0,0.0,0.0,0.0,0.0,1.0,0.0,0.0,0.0,0.0,0.0,0.0,0.0,0.0,0.0,0.0,0.0,0.0,0.0,0.0,0.0,1.0,0.0,0.0,5.8,1
-2.0662258207888065,6.6815115169959185,11.768380239103365,-1.4791930197678926,-0.13043478260869565,0.19243986254295534,34.088524590163935,3.733333333333333,0.2727272727272727,0.6666666666666666,-0.025505649140784747,0.0,0.0,-1.0,0.0,0.0,0.0,0.0,0.0,0.0,0.0,0.0,0.0,1.0,0.0,0.0,0.0,0.0,0.0,0.0,0.0,0.0,0.0,0.0,0.0,0.0,0.0,0.0,0.0,0.0,0.0,0.0,1.0,0.0,0.0,4.4,0
0.7091383408375008,-1.2149153451667238,-0.28550852668435944,0.6945647747841238,-0.6086956521739131,1.5670103092783505,-0.21144853533996236,0.19999999999999996,0.45454545454545453,-1.0,0.3836181077576505,0.0,0.0,0.0,1.0,0.0,0.0,0.0,0.0,0.0,0.0,0.0,0.0,0.0,0.0,0.0,0.0,0.0,0.0,0.0,0.0,1.0,0.0,0.0,0.0,0.0,0.0,0.0,0.0,0.0,0.0,0.0,0.0,0.0,0.0,0.38,0
-0.8787880032158675,-0.8751572307710406,1.721138997059979,-0.8918287922426108,0.43478260869565216,1.4845360824742269,0.19763504434291854,-0.16666668333333326,-0.45454545454545453,0.0,-0.14763534223999283,-1.0,0.0,0.0,0.0,0.0,1.0,0.0,0.0,0.0,0.0,0.0,0.0,0.0,0.0,0.0,0.0,0.0,0.0,0.0,0.0,0.0,0.0,1.0,0.0,0.0,0.0,0.0,0.0,0.0,0.0,0.0,0.0,0.0,0.0,1.7,0
-0.008881251309659588,0.008081090979243848,0.13017947896208854,-0.02276173487867734,-0.21739130434782608,0.3161512027491409,-0.1513034130610051,-0.33333333333333326,0.7272727272727273,-1.0,-0.14949717573546176,-1.0,0.0,0.0,0.0,1.0,0.0,0.0,0.0,0.0,0.0,0.0,0.0,0.0,0.0,0.0,0.0,0.0,0.0,0.0,0.0,0.0,0.0,0.0,0.0,1.0,0.0,0.0,0.0,0.0,0.0,0.0,0.0,0.0,0.0,1.57,0
-0.22973197549711338,0.16504235325701955,0.2817416395022126,-0.24339927857597954,0.9565217391304348,-0.6460481099656358,0.018167159365761857,0.16666666666666669,-0.18181818181818182,0.6666666666666666,1.5470360998031967,0.0,0.0,0.0,0.0,1.0,0.0,0.0,0.0,0.0,0.0,0.0,0.0,0.0,0.0,0.0,0.0,0.0,0.0,0.0,0.0,0.0,1.0,0.0,0.0,0.0,0.0,0.0,0.0,0.0,0.0,0.0,0.0,0.0,0.0,0.96,0
-0.8659413708477476,-0.8732650543709533,-0.6391535521663004,-0.8789945603381756,-0.5652173913043478,0.7560137457044673,-0.34961031980650364,-0.33333333333333326,0.9090909090909091,0.0,1.137727899524922,0.0,0.0,0.0,0.0,0.0,1.0,0.0,0.0,0.0,0.0,0.0,0.0,0.0,0.0,0.0,0.0,0.0,0.0,0.0,0.0,0.0,0.0,1.0,0.0,0.0,0.0,0.0,0.0,0.0,0.0,0.0,0.0,0.0,0.0,1.96,0
-0.24398539102204936,0.1803088553930419,0.18335918880422905,-0.25763893571221597,0.4782608695652174,-0.7147766323024055,-0.19575382961569468,0.16666666666666669,1.0909090909090908,-0.3333333333333333,0.7718694615572705,0.0,0.0,0.0,0.0,1.0,0.0,0.0,0.0,0.0,0.0,0.0,0.0,0.0,0.0,0.0,0.0,0.0,0.0,0.0,0.0,0.0,1.0,0.0,0.0,0.0,0.0,0.0,0.0,0.0,0.0,0.0,0.0,0.0,0.0,1.54,0
-0.8763067885369783,-0.8786508963553785,2.2476179966925516,-0.8893499726048217,0.6086956521739131,0.041237113402061855,-0.12937382424079547,-0.1666666666666666,-0.45454545454545453,1.0,2.250644325323801,0.0,0.0,0.0,0.0,0.0,1.0,0.0,0.0,0.0,0.0,0.0,0.0,0.0,0.0,0.0,0.0,0.0,0.0,0.0,0.0,0.0,0.0,1.0,0.0,0.0,0.0,0.0,0.0,0.0,0.0,0.0,0.0,0.0,0.0,1.56,0
1.018346248236679,-0.8150265025934271,-0.6152226857803045,1.0034742131902723,-0.6956521739130435,0.2611683848797251,-0.2901370599301263,-0.4333333333333333,1.0909090909090908,0.3333333333333333,0.05694423249205015,0.0,0.0,0.0,1.0,0.0,0.0,0.0,0.0,0.0,0.0,0.0,0.0,0.0,0.0,0.0,0.0,0.0,0.0,0.0,0.0,1.0,0.0,0.0,0.0,0.0,0.0,0.0,0.0,0.0,0.0,0.0,0.0,0.0,0.0,-0.82,0
1.0174805310247503,-0.8153749723041134,-0.7818524220976101,1.0026093316288505,-0.6956521739130435,1.2783505154639174,-0.18570276807309863,-0.33333333333333326,-0.09090909090909091,1.0,1.6458875356656206,0.0,0.0,0.0,1.0,0.0,0.0,0.0,0.0,0.0,0.0,0.0,0.0,0.0,0.0,0.0,0.0,0.0,0.0,0.0,0.0,1.0,0.0,0.0,0.0,0.0,0.0,0.0,0.0,0.0,0.0,0.0,0.0,0.0,0.0,-0.4,0
0.032789051196188204,-0.011728873190271048,-0.4813871043446377,0.01886834455094715,-0.08695652173913043,0.20618556701030927,-0.2889545821015856,-0.46666666666666656,0.6363636363636364,-0.6666666666666666,-0.0911634060709463,-1.0,0.0,0.0,0.0,1.0,0.0,0.0,0.0,0.0,0.0,0.0,0.0,0.0,0.0,0.0,0.0,0.0,0.0,0.0,0.0,0.0,0.0,0.0,0.0,1.0,0.0,0.0,0.0,0.0,0.0,0.0,0.0,0.0,0.0,1.27,0
-0.29991690660689163,0.48394507065911346,0.0483802391033649,-0.3135164623053936,0.17391304347826086,-0.43986254295532645,-0.36457941413598494,-0.2666666666666666,-0.7272727272727273,0.0,0.12136657797558291,0.0,0.0,0.0,0.0,0.0,0.0,0.0,0.0,0.0,0.0,0.0,0.0,0.0,0.0,0.0,0.0,1.0,0.0,0.0,0.0,0.0,0.0,0.0,0.0,0.0,0.0,0.0,0.0,0.0,0.0,1.0,0.0,0.0,0.0,2.4,0
-0.18840170824557084,0.14604854851914584,0.7940394458394606,-0.20210890617496644,0.5652173913043478,0.06872852233676977,-0.17747917226552,-0.1666666666666666,0.2727272727272727,0.0,0.020684301828112935,0.0,0.0,0.0,0.0,1.0,0.0,0.0,0.0,0.0,0.0,0.0,0.0,0.0,0.0,0.0,0.0,0.0,0.0,0.0,0.0,0.0,1.0,0.0,0.0,0.0,0.0,0.0,0.0,0.0,0.0,0.0,0.0,0.0,0.0,0.83,0
-0.21460511314228367,0.15393102159546732,-0.3980722315370073,-0.2282870177215213,3.260869565217391,-0.852233676975945,0.2583714055361462,0.03333333333333336,-0.2727272727272727,0.3333333333333333,0.3316296912599646,0.0,0.0,0.0,0.0,1.0,0.0,0.0,0.0,0.0,0.0,0.0,0.0,0.0,0.0,0.0,0.0,0.0,0.0,0.0,0.0,0.0,1.0,0.0,0.0,0.0,0.0,0.0,0.0,0.0,0.0,0.0,0.0,0.0,0.0,1.96,0
1.0160969294092619,-0.8139678604343259,-0.6019277600103067,1.0012270655619395,-0.7391304347826086,1.1546391752577319,-0.2491803278688524,-0.3666666666666666,-0.9090909090909091,0.0,1.0926140769802393,0.0,0.0,0.0,1.0,0.0,0.0,0.0,0.0,0.0,0.0,0.0,0.0,0.0,0.0,0.0,0.0,0.0,0.0,0.0,0.0,1.0,0.0,0.0,0.0,0.0,0.0,0.0,0.0,0.0,0.0,0.0,0.0,0.0,0.0,-0.61,0
-0.2998241511913281,0.4743114270112971,-0.03455350784988125,-0.3134237964238129,1.434782608695652,-0.16494845360824742,0.17291050792797635,0.06666666666666672,-0.2727272727272727,-0.3333333333333333,1.2770393321347073,0.0,0.0,0.0,0.0,0.0,0.0,0.0,0.0,0.0,0.0,1.0,0.0,0.0,0.0,0.0,0.0,0.0,0.0,0.0,0.0,0.0,0.0,0.0,0.0,0.0,0.0,0.0,0.0,0.0,0.0,1.0,0.0,0.0,0.0,3.3,0
0.40698757463912044,0.008830880663728965,-0.4388433372316672,0.39270566553491054,0.0,0.6185567010309279,-0.35012093523246435,-0.29999999999999993,-0.18181818181818182,-0.6666666666666666,0.3792475872553926,0.0,0.0,0.0,0.0,0.0,0.0,0.0,0.0,0.0,0.0,0.0,0.0,0.0,0.0,0.0,0.0,0.0,0.0,1.0,0.0,0.0,0.0,0.0,0.0,0.0,0.0,0.0,0.0,0.0,0.0,0.0,0.0,0.0,1.0,-0.14,0
-0.8658718042860748,-0.8732297662989655,-0.6409262089356335,-0.8789250609269901,-0.08695652173913043,-0.3711340206185567,-0.3420639613007256,-0.23333333333333328,0.0,0.0,0.5678782635136918,0.0,0.0,0.0,0.0,0.0,1.0,0.0,0.0,0.0,0.0,0.0,0.0,0.0,0.0,0.0,0.0,0.0,0.0,0.0,0.0,0.0,0.0,1.0,0.0,0.0,0.0,0.0,0.0,0.0,0.0,0.0,0.0,0.0,0.0,1.86,0
-0.1904114089161137,0.1467454879405713,0.5635940658261658,-0.20411666694254732,2.4347826086956523,-0.7835051546391752,0.044074173609244816,-0.033333333333333263,0.45454545454545453,-1.0,-0.04655875534364617,0.0,0.0,0.0,0.0,1.0,0.0,0.0,0.0,0.0,0.0,0.0,0.0,0.0,0.0,0.0,0.0,0.0,0.0,0.0,0.0,0.0,1.0,0.0,0.0,0.0,0.0,0.0,0.0,0.0,0.0,0.0,0.0,0.0,0.0,1.71,0
-0.9324392741888733,1.4660606346838123,0.5777753199808301,-0.9454282752747559,-0.6086956521739131,0.7560137457044673,-0.2873958613276001,-0.3666666666666666,-0.6363636363636364,-1.0,-0.13983299512054254,0.0,0.0,0.0,0.0,0.0,0.0,0.0,0.0,0.0,0.0,0.0,0.0,0.0,0.0,1.0,0.0,0.0,0.0,0.0,0.0,0.0,0.0,0.0,0.0,0.0,0.0,0.0,0.0,1.0,0.0,0.0,0.0,0.0,0.0,2.09,0
0.147666621577226,0.2797285871595855,0.4412807487421861,0.1336350271055974,-0.21739130434782608,-0.013745704467353952,0.40725611394786343,-0.13333333333333325,0.7272727272727273,0.6666666666666666,2.372087949685316,0.0,0.0,0.0,0.0,0.0,0.0,0.0,0.0,0.0,0.0,0.0,0.0,0.0,0.0,0.0,0.0,0.0,1.0,0.0,0.0,0.0,0.0,0.0,0.0,0.0,0.0,0.0,0.0,0.0,0.0,0.0,0.0,1.0,0.0,1.13,0
0.03401809300511841,-0.014776855099373551,-0.4610015392409125,0.02009620000318232,-0.043478260869565216,0.24742268041237114,-0.3273797366299382,-0.5333333333333332,-0.09090909090909091,0.6666666666666666,-0.14952665306318483,-1.0,0.0,0.0,0.0,1.0,0.0,0.0,0.0,0.0,0.0,0.0,0.0,0.0,0.0,0.0,0.0,0.0,0.0,0.0,0.0,0.0,0.0,0.0,0.0,1.0,0.0,0.0,0.0,0.0,0.0,0.0,0.0,0.0,0.0,1.08,0
0.932106900616435,-0.8720740819419653,-0.49290936869632485,0.9173181097905926,-0.5217391304347826,-0.06872852233676977,-0.07266863746304758,0.13333333333333333,0.36363636363636365,-1.0,0.40145296203417824,0.0,0.0,0.0,1.0,0.0,0.0,0.0,0.0,0.0,0.0,0.0,0.0,0.0,0.0,0.0,0.0,0.0,0.0,0.0,0.0,1.0,0.0,0.0,0.0,0.0,0.0,0.0,0.0,0.0,0.0,0.0,0.0,0.0,0.0,-0.26,0
0.9169877678795705,-0.8921838719558736,2.4851540037831783,0.9022135710929343,-0.6521739130434783,1.0034364261168385,0.7104004299919376,0.3999999999999999,-0.5454545454545454,1.0,-0.1482038971144543,-1.0,0.0,0.0,1.0,0.0,0.0,0.0,0.0,0.0,0.0,0.0,0.0,0.0,0.0,0.0,0.0,0.0,0.0,0.0,1.0,0.0,0.0,0.0,0.0,0.0,0.0,0.0,0.0,0.0,0.0,0.0,0.0,0.0,0.0,1.3,0
-1.5887951457999183,1.235829784527992,0.23387990673022066,-1.6011505865162856,0.0,0.5223367697594502,8.326632625638268,2.133333333333333,0.9090909090909091,-0.6666666666666666,-0.1198127817309706,0.0,0.0,0.0,0.0,0.0,0.0,0.0,0.0,0.0,0.0,0.0,0.0,1.0,0.0,0.0,0.0,0.0,0.0,0.0,0.0,0.0,0.0,0.0,0.0,0.0,0.0,0.0,0.0,0.0,0.0,0.0,1.0,0.0,0.0,4.5,1
-0.14025391795010447,0.08402976203183908,-0.05151783313239841,-0.15400759147776977,1.2173913043478262,-0.6460481099656358,-0.2424617038430529,0.30000000000000004,1.0909090909090908,-1.0,-0.14768205449493685,-1.0,0.0,0.0,0.0,1.0,0.0,0.0,0.0,0.0,0.0,0.0,0.0,0.0,0.0,0.0,0.0,0.0,0.0,0.0,0.0,0.0,1.0,0.0,0.0,0.0,0.0,0.0,0.0,0.0,0.0,0.0,0.0,0.0,0.0,1.77,0
-0.865825426578293,-0.8729871608041899,-0.6515621495516317,-0.8788787279861997,-0.391304347826087,0.3024054982817869,-0.3229884439666756,0.03333333333333336,-0.6363636363636364,0.3333333333333333,5.21366642235828,0.0,0.0,0.0,0.0,0.0,1.0,0.0,0.0,0.0,0.0,0.0,0.0,0.0,0.0,0.0,0.0,0.0,0.0,0.0,0.0,0.0,0.0,1.0,0.0,0.0,0.0,0.0,0.0,0.0,0.0,0.0,0.0,0.0,0.0,1.4,0
-0.0027440143770888913,0.25478433128577527,-0.4636605320023297,-0.016630422034344415,-0.4782608695652174,0.27491408934707906,1.1371674281107227,-0.1666666666666666,0.9090909090909091,1.0,1.040122189702282,0.0,0.0,0.0,0.0,0.0,0.0,0.0,0.0,0.0,0.0,0.0,0.0,0.0,0.0,0.0,0.0,0.0,1.0,0.0,0.0,0.0,0.0,0.0,0.0,0.0,0.0,0.0,0.0,0.0,0.0,0.0,0.0,1.0,0.0,1.22,0
1.1782333958144098,-0.6286878385557113,-0.014292040976404621,1.1632070265650478,-0.2608695652173913,0.39862542955326463,0.17291050792797635,1.7333333333333332,-0.7272727272727273,0.0,-0.1493999615188234,-1.0,0.0,0.0,1.0,0.0,0.0,0.0,0.0,0.0,0.0,0.0,0.0,0.0,0.0,0.0,0.0,0.0,0.0,0.0,1.0,0.0,0.0,0.0,0.0,0.0,0.0,0.0,0.0,0.0,0.0,0.0,0.0,0.0,0.0,1.4,0
-0.9109849465690159,1.4526608715549951,-0.1206514471363869,-0.923994656865134,0.17391304347826086,1.168384879725086,1.1801666218758395,0.3666666666666666,-0.09090909090909091,0.6666666666666666,0.35637805813012247,0.0,0.0,0.0,0.0,0.0,0.0,0.0,0.0,0.0,0.0,0.0,0.0,0.0,0.0,1.0,0.0,0.0,0.0,0.0,0.0,0.0,0.0,0.0,0.0,0.0,0.0,0.0,0.0,1.0,0.0,0.0,0.0,0.0,0.0,3.85,0
0.9309938356296719,-0.8792684376148451,-0.2092842856030388,0.9162061192116238,-0.5652173913043478,1.1958762886597938,-0.36457941413598494,-0.2666666666666666,-0.7272727272727273,-1.0,1.0025274584129427,-1.0,0.0,0.0,1.0,0.0,0.0,0.0,0.0,0.0,0.0,0.0,0.0,0.0,0.0,0.0,0.0,0.0,0.0,0.0,1.0,0.0,0.0,0.0,0.0,0.0,0.0,0.0,0.0,0.0,0.0,0.0,0.0,0.0,0.0,1.0,0
0.9336837426810158,-0.9040141980838238,-0.6524484779362982,0.9188934297774648,2.260869565217391,-0.2611683848797251,1.2478903520558988,2.3999999999999995,0.09090909090909091,0.0,5.229464589365277,-1.0,0.0,0.0,1.0,0.0,0.0,0.0,0.0,0.0,0.0,0.0,0.0,0.0,0.0,0.0,0.0,0.0,0.0,0.0,1.0,0.0,0.0,0.0,0.0,0.0,0.0,0.0,0.0,0.0,0.0,0.0,0.0,0.0,0.0,2.9,0
1.0383041218187756,-0.8051017323518582,-0.3989585599216739,1.0234128220437235,-0.6086956521739131,1.388316151202749,-0.2929320075248589,0.30000000000000004,0.8181818181818182,0.0,0.2726449488376614,0.0,0.0,0.0,1.0,0.0,0.0,0.0,0.0,0.0,0.0,0.0,0.0,0.0,0.0,0.0,0.0,0.0,0.0,0.0,0.0,1.0,0.0,0.0,0.0,0.0,0.0,0.0,0.0,0.0,0.0,0.0,0.0,0.0,0.0,-0.71,0
1.0859881350364238,-0.6434294306211888,-0.40427653022967297,1.0710508073330163,0.8260869565217391,-0.5360824742268041,2.322870196183821,2.3999999999999995,0.2727272727272727,-0.6666666666666666,-0.14887765754370155,-1.0,0.0,0.0,1.0,0.0,0.0,0.0,0.0,0.0,0.0,0.0,0.0,0.0,0.0,0.0,0.0,0.0,0.0,0.0,1.0,0.0,0.0,0.0,0.0,0.0,0.0,0.0,0.0,0.0,0.0,0.0,0.0,0.0,0.0,2.0,0
-0.8656321861292007,-0.8819282760395851,-0.7827387504822766,-0.8786856740662383,-0.08695652173913043,-0.21993127147766323,-0.2152647137866165,0.30000000000000004,-0.36363636363636365,-0.3333333333333333,7.8588988701388915,0.0,0.0,0.0,0.0,0.0,1.0,0.0,0.0,0.0,0.0,0.0,0.0,0.0,0.0,0.0,0.0,0.0,0.0,0.0,0.0,0.0,0.0,1.0,0.0,0.0,0.0,0.0,0.0,0.0,0.0,0.0,0.0,0.0,0.0,1.75,0
0.03391760419736235,-0.013978463547946615,-0.41136715477119923,0.01999580819421751,-0.391304347826087,0.0,-0.3416070948669712,-0.5333333333333332,-0.45454545454545453,-0.3333333333333333,-0.1495246758248803,-1.0,0.0,0.0,0.0,1.0,0.0,0.0,0.0,0.0,0.0,0.0,0.0,0.0,0.0,0.0,0.0,0.0,0.0,0.0,0.0,0.0,0.0,0.0,0.0,1.0,0.0,0.0,0.0,0.0,0.0,0.0,0.0,0.0,0.0,1.09,0
0.6483758140253918,-1.4266349549688517,-0.312098378224355,0.6338609001919535,-0.6521739130434783,1.8556701030927836,-0.22703574307981722,0.33333333333333337,0.9090909090909091,-0.6666666666666666,0.16268314731042846,0.0,0.0,0.0,1.0,0.0,0.0,0.0,0.0,0.0,0.0,0.0,0.0,0.0,0.0,0.0,0.0,0.0,0.0,0.0,0.0,1.0,0.0,0.0,0.0,0.0,0.0,0.0,0.0,0.0,0.0,0.0,0.0,0.0,0.0,0.48,0
0.3012927786044147,0.30545800263473716,0.07699978264424685,0.287112893473674,-0.34782608695652173,0.865979381443299,0.03724805159903247,-0.19999999999999996,-0.7272727272727273,-1.0,0.45672913038460133,0.0,0.0,0.0,0.0,0.0,0.0,0.0,0.0,1.0,0.0,0.0,0.0,0.0,0.0,0.0,0.0,0.0,0.0,0.0,0.0,0.0,0.0,0.0,0.0,0.0,0.0,0.0,0.0,0.0,0.0,0.0,0.0,1.0,0.0,0.53,0
-0.8660186670273808,-0.8732429993259547,-0.6763793443222942,-0.8790717819061565,0.043478260869565216,-0.3711340206185567,-0.3427089492072023,-0.2666666666666666,-0.18181818181818182,0.0,0.8160641813530883,0.0,0.0,0.0,0.0,0.0,1.0,0.0,0.0,0.0,0.0,0.0,0.0,0.0,0.0,0.0,0.0,0.0,0.0,0.0,0.0,0.0,0.0,1.0,0.0,0.0,0.0,0.0,0.0,0.0,0.0,0.0,0.0,0.0,0.0,2.15,0
-0.20895476241087016,0.146211755852016,0.3783514334308633,-0.22264212110189702,0.6086956521739131,-0.6460481099656358,-0.30733673743617307,-0.1666666666666666,0.0,1.0,-0.05448583324613921,0.0,0.0,0.0,0.0,1.0,0.0,0.0,0.0,0.0,0.0,0.0,0.0,0.0,0.0,0.0,0.0,0.0,0.0,0.0,0.0,0.0,1.0,0.0,0.0,0.0,0.0,0.0,0.0,0.0,0.0,0.0,0.0,0.0,0.0,0.64,0
0.03485278701037598,-0.014613703765656613,-0.4964546830802592,0.02093008830369148,-0.34782608695652173,0.15120274914089346,-0.35148615963450686,-0.5666666666666665,0.6363636363636364,-0.6666666666666666,-0.14952515365747054,-1.0,0.0,0.0,0.0,1.0,0.0,0.0,0.0,0.0,0.0,0.0,0.0,0.0,0.0,0.0,0.0,0.0,0.0,0.0,0.0,0.0,0.0,0.0,0.0,1.0,0.0,0.0,0.0,0.0,0.0,0.0,0.0,0.0,0.0,0.44,0
-0.10974511584765027,0.12502126863400842,-0.2606913319136969,-0.12352823859451133,-0.43478260869565216,0.46735395189003437,0.31319537758667015,-0.1666666666666666,0.5454545454545454,1.0,-0.12216470669418376,0.0,0.0,0.0,0.0,1.0,0.0,0.0,0.0,0.0,0.0,0.0,0.0,0.0,0.0,0.0,0.0,0.0,0.0,0.0,0.0,0.0,1.0,0.0,0.0,0.0,0.0,0.0,0.0,0.0,0.0,0.0,0.0,0.0,0.0,0.36,0
-0.934526271039054,1.465037280596681,0.1869045023428952,-0.9475132576103221,-0.5217391304347826,1.429553264604811,-0.15345337274926094,0.26666666666666666,-0.2727272727272727,1.0,-0.11597909790537271,0.0,0.0,0.0,0.0,0.0,0.0,0.0,0.0,0.0,0.0,0.0,0.0,0.0,0.0,1.0,0.0,0.0,0.0,0.0,0.0,0.0,0.0,0.0,0.0,0.0,0.0,0.0,0.0,1.0,0.0,0.0,0.0,0.0,0.0,2.17,0
0.034358127315864316,-0.014057818095172208,-0.4751828010029945,0.020435906089145174,-0.391304347826087,-0.09621993127147767,-0.3210051061542596,-0.5666666666666665,-0.5454545454545454,-0.6666666666666666,-0.14951162605207052,-1.0,0.0,0.0,0.0,1.0,0.0,0.0,0.0,0.0,0.0,0.0,0.0,0.0,0.0,0.0,0.0,0.0,0.0,0.0,0.0,0.0,0.0,0.0,0.0,1.0,0.0,0.0,0.0,0.0,0.0,0.0,0.0,0.0,0.0,0.94,0
-0.20878471081566857,0.14629997603193196,0.4554620028968504,-0.22247223365233065,0.08695652173913043,-0.41237113402061853,-0.31854340231120665,-0.2666666666666666,-1.0,-0.6666666666666666,-0.14763239285952193,-1.0,0.0,0.0,0.0,1.0,0.0,0.0,0.0,0.0,0.0,0.0,0.0,0.0,0.0,0.0,0.0,0.0,0.0,0.0,0.0,0.0,1.0,0.0,0.0,0.0,0.0,0.0,0.0,0.0,0.0,0.0,0.0,0.0,0.0,0.5,0
0.1018114359697762,0.07128106383086892,-0.0861732729728593,0.08782410411480762,-0.4782608695652174,2.584192439862543,0.47390486428379464,0.2396666666666667,0.2727272727272727,1.0,-0.14870665938433328,-1.0,0.0,0.0,0.0,0.0,0.0,0.0,0.0,0.0,1.0,0.0,0.0,0.0,0.0,0.0,0.0,0.0,0.0,0.0,0.0,0.0,0.0,0.0,0.0,0.0,0.0,1.0,0.0,0.0,0.0,0.0,0.0,0.0,0.0,1.56,0
1.0864982898220235,-0.7696989741479233,0.20729005519022503,1.07156046968171,-0.6521739130434783,3.3539518900343643,0.7104004299919376,1.0666666666666664,-0.2727272727272727,-0.3333333333333333,-0.15021817568320087,-1.0,0.0,0.0,1.0,0.0,0.0,0.0,0.0,0.0,0.0,0.0,0.0,0.0,0.0,0.0,0.0,0.0,0.0,0.0,1.0,0.0,0.0,0.0,0.0,0.0,0.0,0.0,0.0,0.0,0.0,0.0,0.0,0.0,0.0,0.7,0
0.8258555720883477,-0.9918285651812255,0.579547976750163,0.8111693424398716,-0.08695652173913043,1.3745704467353952,0.7104004299919376,1.7333333333333332,-0.45454545454545453,0.3333333333333333,0.9039160428037,-1.0,0.0,0.0,1.0,0.0,0.0,0.0,0.0,0.0,0.0,0.0,0.0,0.0,0.0,0.0,0.0,0.0,0.0,0.0,1.0,0.0,0.0,0.0,0.0,0.0,0.0,0.0,0.0,0.0,0.0,0.0,0.0,0.0,0.0,2.2,0
-0.8657635896345809,-0.8732209442809825,-0.6710613740142951,-0.8788169507318094,-0.30434782608695654,-0.35738831615120276,-0.3346627250739048,-0.19999999999999996,-0.8181818181818182,-0.3333333333333333,3.7379153985617912,0.0,0.0,0.0,0.0,0.0,1.0,0.0,0.0,0.0,0.0,0.0,0.0,0.0,0.0,0.0,0.0,0.0,0.0,0.0,0.0,0.0,0.0,1.0,0.0,0.0,0.0,0.0,0.0,0.0,0.0,0.0,0.0,0.0,0.0,1.88,0
0.03362392211836248,-0.01325498430447877,-0.39984489675902635,0.019702409597600497,-0.34782608695652173,-0.39862542955326463,-0.31547970975544204,-0.5333333333333332,-0.36363636363636365,0.0,-0.1495469362327919,-1.0,0.0,0.0,0.0,1.0,0.0,0.0,0.0,0.0,0.0,0.0,0.0,0.0,0.0,0.0,0.0,0.0,0.0,0.0,0.0,0.0,0.0,0.0,0.0,1.0,0.0,0.0,0.0,0.0,0.0,0.0,0.0,0.0,0.0,0.71,0
-0.8730371419748897,-0.8782316641958938,2.178484430023604,-0.8860834821331616,0.13043478260869565,-0.27491408934707906,-0.18930395055092716,-0.20000000999999995,0.7272727272727273,0.6666666666666666,-0.14765808048049467,-1.0,0.0,0.0,0.0,0.0,1.0,0.0,0.0,0.0,0.0,0.0,0.0,0.0,0.0,0.0,0.0,0.0,0.0,0.0,0.0,0.0,0.0,1.0,0.0,0.0,0.0,0.0,0.0,0.0,0.0,0.0,0.0,0.0,0.0,1.83,0
-0.2144505207830125,0.15415598305427616,-0.3608464393810135,-0.22813257458555486,1.1304347826086956,-0.23367697594501718,0.2900833109379199,0.16666666666666669,-1.0,0.3333333333333333,3.5498447420992725,0.0,0.0,0.0,0.0,1.0,0.0,0.0,0.0,0.0,0.0,0.0,0.0,0.0,0.0,0.0,0.0,0.0,0.0,0.0,0.0,0.0,1.0,0.0,0.0,0.0,0.0,0.0,0.0,0.0,0.0,0.0,0.0,0.0,0.0,1.02,0
1.072909621441958,-0.6579592942548452,-0.2092842856030388,1.057984918030134,-0.08695652173913043,-0.16494845360824742,1.2478903520558988,1.3999999999999997,-0.2727272727272727,0.6666666666666666,-0.14969450411825175,-1.0,0.0,0.0,1.0,0.0,0.0,0.0,0.0,0.0,0.0,0.0,0.0,0.0,0.0,0.0,0.0,0.0,0.0,0.0,1.0,0.0,0.0,0.0,0.0,0.0,0.0,0.0,0.0,0.0,0.0,0.0,0.0,0.0,0.0,1.6,0
0.6140022029411182,-1.4214255533442854,0.8808996275367795,0.5995204689094947,0.6521739130434783,1.8831615120274914,2.8603601182477827,2.066666666666667,-0.45454545454545453,0.3333333333333333,0.24811585769547348,0.0,0.0,0.0,1.0,0.0,0.0,0.0,0.0,0.0,0.0,0.0,0.0,0.0,0.0,0.0,0.0,0.0,0.0,0.0,1.0,0.0,0.0,0.0,0.0,0.0,0.0,0.0,0.0,0.0,0.0,0.0,0.0,0.0,0.0,4.0,0
1.004688013294941,-0.8104566972732997,8.1576556656489,0.9898291621275105,0.30434782608695654,0.15120274914089346,0.17291050792797635,0.3999999999999999,-0.45454545454545453,0.0,-0.1494922326397005,-1.0,0.0,-1.0,1.0,0.0,0.0,0.0,0.0,0.0,0.0,0.0,0.0,0.0,0.0,0.0,0.0,0.0,0.0,0.0,1.0,0.0,0.0,0.0,0.0,0.0,0.0,0.0,0.0,0.0,0.0,0.0,0.0,0.0,0.0,1.5,0
0.37619277667200995,0.002703989167933805,-0.4867050700036592,0.3619405928501096,-0.391304347826087,-0.08247422680412371,-0.3564579414135985,-0.3999999999999999,-0.18181818181818182,-1.0,0.5293745133908403,0.0,0.0,0.0,0.0,0.0,0.0,0.0,0.0,0.0,0.0,0.0,0.0,0.0,0.0,0.0,0.0,0.0,0.0,1.0,0.0,0.0,0.0,0.0,0.0,0.0,0.0,0.0,0.0,0.0,0.0,0.0,0.0,0.0,1.0,0.12,0
-0.07854069436275332,0.0347852085984375,-0.08785730704694926,-0.09235393778905303,-0.5652173913043478,0.4261168384879725,0.04482665950013437,0.5333333333333333,-0.09090909090909091,-0.3333333333333333,-0.14951459190952732,-1.0,0.0,0.0,0.0,1.0,0.0,0.0,0.0,0.0,0.0,0.0,0.0,0.0,0.0,0.0,0.0,0.0,0.0,0.0,0.0,0.0,0.0,0.0,0.0,1.0,0.0,0.0,0.0,0.0,0.0,0.0,0.0,0.0,0.0,1.25,0
0.03453592881550309,-0.014071144813023998,-0.5283625061961573,0.020613535962401546,-0.5652173913043478,0.39862542955326463,-0.30271432410642296,-0.5666666666666665,0.9090909090909091,0.0,-0.14951548166676434,-1.0,0.0,0.0,0.0,1.0,0.0,0.0,0.0,0.0,0.0,0.0,0.0,0.0,0.0,0.0,0.0,0.0,0.0,0.0,0.0,0.0,0.0,0.0,0.0,1.0,0.0,0.0,0.0,0.0,0.0,0.0,0.0,0.0,0.0,0.22,0
-0.9345958376007266,1.4647593870299167,0.019388437640923087,-0.9475827570215076,-0.5652173913043478,1.8694158075601375,-0.1150765923138941,0.13333333333333333,-0.5454545454545454,1.0,-0.1279715425317945,0.0,0.0,0.0,0.0,0.0,0.0,0.0,0.0,0.0,0.0,0.0,0.0,0.0,0.0,1.0,0.0,0.0,0.0,0.0,0.0,0.0,0.0,0.0,0.0,0.0,0.0,0.0,0.0,1.0,0.0,0.0,0.0,0.0,0.0,2.19,0
-0.2122012019555957,0.15433683442311386,-0.4308663817696685,-0.2258854269572224,0.9130434782608695,-0.20618556701030927,0.3083579682880946,0.16666666666666669,0.45454545454545453,0.3333333333333333,-0.14773020024765163,-1.0,0.0,0.0,0.0,1.0,0.0,0.0,0.0,0.0,0.0,0.0,0.0,0.0,0.0,0.0,0.0,0.0,0.0,0.0,0.0,0.0,1.0,0.0,0.0,0.0,0.0,0.0,0.0,0.0,0.0,0.0,0.0,0.0,0.0,0.84,0
-0.09265493053005941,0.6101440379536881,0.38012409020019633,-0.10645454991326245,-0.391304347826087,1.5945017182130585,0.5591844880408492,-0.23333333333333328,-0.09090909090909091,1.0,1.630300339985715,0.0,0.0,0.0,0.0,0.0,0.0,0.0,0.0,0.0,0.0,0.0,1.0,0.0,0.0,0.0,0.0,0.0,0.0,0.0,0.0,0.0,0.0,0.0,0.0,0.0,0.0,0.0,1.0,0.0,0.0,0.0,0.0,0.0,0.0,0.75,0
0.03731859552841511,0.05835327866464233,0.3136494613502074,0.02339351665172923,0.782608695652174,-0.6323024054982818,-0.02080085998387529,-0.23333333333333328,-0.09090909090909091,0.3333333333333333,3.6369634271095865,0.0,0.0,0.0,0.0,1.0,0.0,0.0,0.0,0.0,0.0,0.0,0.0,0.0,0.0,0.0,0.0,0.0,0.0,0.0,0.0,0.0,0.0,0.0,0.0,1.0,0.0,0.0,0.0,0.0,0.0,0.0,0.0,0.0,0.0,3.27,0
0.0339793482007187,-0.013881340043603106,-0.4175714475469847,0.02005749259796445,0.0,-0.4536082474226804,-0.35439935501209346,-0.5666666666666665,0.9090909090909091,-0.6666666666666666,-0.1495498691362769,-1.0,0.0,0.0,0.0,1.0,0.0,0.0,0.0,0.0,0.0,0.0,0.0,0.0,0.0,0.0,0.0,0.0,0.0,0.0,0.0,0.0,0.0,0.0,0.0,1.0,0.0,0.0,0.0,0.0,0.0,0.0,0.0,0.0,0.0,1.04,0
-0.8653693791184356,-0.8817341916437593,3.0719033944324146,-0.8784231207350913,0.6521739130434783,-0.5498281786941581,-0.1678581026605751,0.2333333333333333,0.5454545454545454,1.0,1.55630381118409,0.0,0.0,0.0,0.0,0.0,1.0,0.0,0.0,0.0,0.0,0.0,0.0,0.0,0.0,0.0,0.0,0.0,0.0,0.0,0.0,0.0,0.0,1.0,0.0,0.0,0.0,0.0,0.0,0.0,0.0,0.0,0.0,0.0,0.0,2.54,0
-0.8669539508009818,-0.8727269112733933,-0.6010414316256402,-0.8800061628787638,0.4782608695652174,-0.4948453608247423,-0.33440472991131415,-0.13333333333333325,-0.45454545454545453,0.0,-0.06917671384863931,0.0,0.0,0.0,0.0,0.0,1.0,0.0,0.0,0.0,0.0,0.0,0.0,0.0,0.0,0.0,0.0,0.0,0.0,0.0,0.0,0.0,0.0,1.0,0.0,0.0,0.0,0.0,0.0,0.0,0.0,0.0,0.0,0.0,0.0,2.11,0
0.033909819853099,-0.012549274018129216,-0.5292488337355546,0.019988031363945034,-0.6086956521739131,0.6460481099656358,-0.2937919914001612,-0.4999999999999999,0.18181818181818182,-0.6666666666666666,-0.14950511764265154,-1.0,0.0,0.0,0.0,1.0,0.0,0.0,0.0,0.0,0.0,0.0,0.0,0.0,0.0,0.0,0.0,0.0,0.0,0.0,0.0,0.0,0.0,0.0,0.0,1.0,0.0,0.0,0.0,0.0,0.0,0.0,0.0,0.0,0.0,0.83,0
-0.20487352412607235,0.14657345858971738,0.695656995141477,-0.21856482231234503,0.21739130434782608,-0.32989690721649484,-0.10438054286482128,-0.23333333333333328,-0.9090909090909091,-1.0,0.5700494853728587,0.0,0.0,0.0,0.0,1.0,0.0,0.0,0.0,0.0,0.0,0.0,0.0,0.0,0.0,0.0,0.0,0.0,0.0,0.0,0.0,0.0,1.0,0.0,0.0,0.0,0.0,0.0,0.0,0.0,0.0,0.0,0.0,0.0,0.0,0.35,0
-0.11027072986917559,0.12526828513781618,0.01584312410225701,-0.12405334525680044,-0.2608695652173913,0.27491408934707906,0.24977156678312276,-0.09999999999999998,-0.8181818181818182,0.0,0.47736124959846105,0.0,0.0,0.0,0.0,1.0,0.0,0.0,0.0,0.0,0.0,0.0,0.0,0.0,0.0,0.0,0.0,0.0,0.0,0.0,0.0,0.0,1.0,0.0,0.0,0.0,0.0,0.0,0.0,0.0,0.0,0.0,0.0,0.0,0.0,0.57,0
-0.08672631355195512,0.868064556070807,-0.1729448218317115,-0.10053165564889598,-0.17391304347826086,-0.563573883161512,-0.13824240795485082,-0.2666666666666666,-0.09090909090909091,-0.3333333333333333,1.4953597244639334,0.0,0.0,0.0,0.0,0.0,0.0,0.0,0.0,0.0,0.0,0.0,0.0,1.0,0.0,0.0,0.0,0.0,0.0,0.0,0.0,0.0,0.0,0.0,0.0,0.0,1.0,0.0,0.0,0.0,0.0,0.0,0.0,0.0,0.0,1.65,0
0.819269937583333,-1.0038441536870186,7.1738311586690635,0.80459006484764,0.4782608695652174,1.2783505154639174,2.322870196183821,2.066666666666667,0.7272727272727273,-0.3333333333333333,-0.06578682116048841,-1.0,0.0,-1.0,1.0,0.0,0.0,0.0,0.0,0.0,0.0,0.0,0.0,0.0,0.0,0.0,0.0,0.0,0.0,0.0,1.0,0.0,0.0,0.0,0.0,0.0,0.0,0.0,0.0,0.0,0.0,0.0,0.0,0.0,0.0,2.4,0
-2.759920384934973,-1.3757689636276706,0.23387990673022066,-0.786168057896042,1.4782608695652173,-0.21993127147766323,112.66955119591506,1.2,-0.5454545454545454,-1.0,-0.1312616341165253,0.0,0.0,0.0,0.0,0.0,0.0,0.0,0.0,0.0,0.0,0.0,0.0,1.0,0.0,0.0,0.0,0.0,0.0,0.0,0.0,0.0,0.0,0.0,0.0,0.0,0.0,0.0,0.0,0.0,0.0,0.0,1.0,0.0,0.0,5.0,1
-0.20339716709501574,0.14695280536338626,0.8241746109181223,-0.21708989036384896,0.13043478260869565,-0.3161512027491409,-0.26992743886052134,-0.13333333333333325,-0.18181818181818182,1.0,0.27323742829560743,0.0,0.0,0.0,0.0,1.0,0.0,0.0,0.0,0.0,0.0,0.0,0.0,0.0,0.0,0.0,0.0,0.0,0.0,0.0,0.0,0.0,1.0,0.0,0.0,0.0,0.0,0.0,0.0,0.0,0.0,0.0,0.0,0.0,0.0,0.18,0
-0.3003343059769278,0.47687863424711646,-0.02092177729371016,-0.3139334587725069,0.17391304347826086,-0.20618556701030927,0.17291050792797635,0.06666666666666672,0.36363636363636365,0.0,-0.10270064100871255,0.0,0.0,0.0,0.0,0.0,0.0,0.0,0.0,0.0,0.0,0.0,0.0,0.0,0.0,0.0,0.0,1.0,0.0,0.0,0.0,0.0,0.0,0.0,0.0,0.0,0.0,0.0,0.0,0.0,0.0,1.0,0.0,0.0,0.0,1.6,0
0.31056059054281254,0.29540972414126415,0.20197208488222604,0.296371759474951,-0.2608695652173913,-0.08247422680412371,-0.2761623219564633,-0.19999999999999996,-0.2727272727272727,-0.6666666666666666,0.2548216284512433,0.0,0.0,0.0,0.0,0.0,0.0,0.0,0.0,1.0,0.0,0.0,0.0,0.0,0.0,0.0,0.0,0.0,0.0,0.0,0.0,0.0,0.0,0.0,0.0,0.0,0.0,0.0,0.0,0.0,0.0,0.0,0.0,1.0,0.0,0.55,0
-0.18803068658331637,0.14476053389225743,0.4767338841288469,-0.20173824264864343,1.1304347826086956,-0.7835051546391752,-0.32846546627250733,-0.06666666666666662,-0.6363636363636364,0.3333333333333333,3.2883110157296853,0.0,0.0,0.0,0.0,1.0,0.0,0.0,0.0,0.0,0.0,0.0,0.0,0.0,0.0,0.0,0.0,0.0,0.0,0.0,0.0,0.0,1.0,0.0,0.0,0.0,0.0,0.0,0.0,0.0,0.0,0.0,0.0,0.0,0.0,0.79,0
0.03413397358448413,-0.012716867591139361,-0.4610015392409125,0.020211968726547572,-0.4782608695652174,0.5223367697594502,-0.33014780972856755,-0.5666666666666665,0.18181818181818182,0.3333333333333333,-0.14954804019084525,-1.0,0.0,0.0,0.0,1.0,0.0,0.0,0.0,0.0,0.0,0.0,0.0,0.0,0.0,0.0,0.0,0.0,0.0,0.0,0.0,0.0,0.0,0.0,0.0,1.0,0.0,0.0,0.0,0.0,0.0,0.0,0.0,0.0,0.0,0.71,0
-0.3035807455216533,0.48050448364203635,0.08814093043950501,-0.3171767646278323,0.0,-0.23367697594501718,-0.36457941413598494,-0.2666666666666666,0.45454545454545453,-0.3333333333333333,1.2150004156113725,0.0,0.0,0.0,0.0,0.0,0.0,0.0,0.0,0.0,0.0,0.0,0.0,0.0,0.0,0.0,0.0,1.0,0.0,0.0,0.0,0.0,0.0,0.0,0.0,0.0,0.0,0.0,0.0,0.0,0.0,1.0,0.0,0.0,0.0,1.5,0
1.0787995903302459,-0.7815822323838288,7.581542215615663,1.06386920151051,4.086956521739131,-0.865979381443299,-0.36457941413598494,1.7333333333333332,0.45454545454545453,-1.0,0.06920861329328538,-1.0,0.0,-1.0,1.0,0.0,0.0,0.0,0.0,0.0,0.0,0.0,0.0,0.0,0.0,0.0,0.0,0.0,0.0,0.0,1.0,0.0,0.0,0.0,0.0,0.0,0.0,0.0,0.0,0.0,0.0,0.0,0.0,0.0,0.0,2.9,0
0.03272713027591548,-0.013837321490687235,-0.3892089451545363,0.01880648340105636,0.30434782608695654,-0.12371134020618557,-0.32475141091104537,-0.5333333333333332,-1.0,-0.3333333333333333,-0.0918323222663475,-1.0,0.0,0.0,0.0,1.0,0.0,0.0,0.0,0.0,0.0,0.0,0.0,0.0,0.0,0.0,0.0,0.0,0.0,0.0,0.0,0.0,0.0,0.0,0.0,1.0,0.0,0.0,0.0,0.0,0.0,0.0,0.0,0.0,0.0,1.33,0
-0.20429380277880013,0.14559862560152778,0.9136937777694408,-0.2179856605524657,0.2608695652173913,-0.43986254295532645,-0.018382155334587508,-0.33333333333333326,-0.7272727272727273,0.6666666666666666,0.4693061784697229,0.0,0.0,0.0,0.0,1.0,0.0,0.0,0.0,0.0,0.0,0.0,0.0,0.0,0.0,0.0,0.0,0.0,0.0,0.0,0.0,0.0,1.0,0.0,0.0,0.0,0.0,0.0,0.0,0.0,0.0,0.0,0.0,0.0,0.0,0.51,0
-0.20634215153915947,0.13973639464550794,0.3969643295088601,-0.22003203210403688,0.13043478260869565,-0.4261168384879725,-0.3065842515452835,-0.29999999999999993,0.09090909090909091,0.3333333333333333,0.0129485217315811,0.0,0.0,0.0,0.0,1.0,0.0,0.0,0.0,0.0,0.0,0.0,0.0,0.0,0.0,0.0,0.0,0.0,0.0,0.0,0.0,0.0,1.0,0.0,0.0,0.0,0.0,0.0,0.0,0.0,0.0,0.0,0.0,0.0,0.0,0.47,0
1.1214207037817134,-0.7305292142611981,0.9518058983101011,1.1064491740968534,-0.4782608695652174,1.0584192439862543,0.7104004299919376,1.7333333333333332,1.0,-1.0,-0.1498816826777452,-1.0,0.0,0.0,1.0,0.0,0.0,0.0,0.0,0.0,0.0,0.0,0.0,0.0,0.0,0.0,0.0,0.0,0.0,0.0,1.0,0.0,0.0,0.0,0.0,0.0,0.0,0.0,0.0,0.0,0.0,0.0,0.0,0.0,0.0,1.4,0
1.071425534792941,-0.7379397093749029,3.5576113492296666,1.0565022639248425,0.21739130434782608,0.3711340206185567,0.7104004299919376,1.7333333333333332,0.7272727272727273,0.3333333333333333,-0.14943055928158566,-1.0,0.0,0.0,1.0,0.0,0.0,0.0,0.0,0.0,0.0,0.0,0.0,0.0,0.0,0.0,0.0,0.0,0.0,0.0,1.0,0.0,0.0,0.0,0.0,0.0,0.0,0.0,0.0,0.0,0.0,0.0,0.0,0.0,0.0,1.6,0
-0.07513343253009805,5.130058199806869,8.663483274778082,-0.08894996488266338,-0.043478260869565216,0.3848797250859107,10.309970438054284,2.0,0.45454545454545453,0.0,2.5707440315197823,0.0,0.0,-1.0,0.0,0.0,0.0,0.0,0.0,0.0,0.0,0.0,0.0,1.0,0.0,0.0,0.0,0.0,0.0,0.0,0.0,0.0,0.0,0.0,0.0,0.0,0.0,0.0,0.0,0.0,0.0,0.0,1.0,0.0,0.0,4.2,0
0.08296817329803369,7.025649616865574,2.449700868396518,0.06899903027168316,2.4782608695652173,0.5223367697594502,9.584359043267938,2.3999999999999995,0.5454545454545454,0.0,-0.1195815437112583,0.0,0.0,0.0,0.0,0.0,0.0,0.0,1.0,0.0,0.0,0.0,0.0,0.0,0.0,0.0,0.0,0.0,0.0,0.0,0.0,0.0,0.0,0.0,0.0,0.0,0.0,0.0,0.0,0.0,0.0,0.0,1.0,0.0,0.0,5.1,1
-0.8660263966453459,-0.8732077112539933,-0.6258586263963027,-0.8790795040629563,1.2173913043478262,-0.6735395189003437,-0.3362536952432142,-0.23333333333333328,0.5454545454545454,0.3333333333333333,1.277023794337031,0.0,0.0,0.0,0.0,0.0,1.0,0.0,0.0,0.0,0.0,0.0,0.0,0.0,0.0,0.0,0.0,0.0,0.0,0.0,0.0,0.0,0.0,1.0,0.0,0.0,0.0,0.0,0.0,0.0,0.0,0.0,0.0,0.0,0.0,3.49,0
-0.21334518541421002,0.15261212990556988,0.5237092885161723,-0.2270283061633815,-0.13043478260869565,0.5085910652920962,0.009782316581564107,-0.09999999999999998,0.2727272727272727,0.0,0.03663155260326963,0.0,0.0,0.0,0.0,1.0,0.0,0.0,0.0,0.0,0.0,0.0,0.0,0.0,0.0,0.0,0.0,0.0,0.0,0.0,0.0,0.0,1.0,0.0,0.0,0.0,0.0,0.0,0.0,0.0,0.0,0.0,0.0,0.0,0.0,0.45,0
1.0111808923843921,-0.8018552297306069,7.076335036355747,0.9963157738381613,2.0,-0.10996563573883161,0.7104004299919376,1.0666666666666664,0.5454545454545454,-0.3333333333333333,-0.14750126900596125,-1.0,0.0,-1.0,1.0,0.0,0.0,0.0,0.0,0.0,0.0,0.0,0.0,0.0,0.0,0.0,0.0,0.0,0.0,0.0,1.0,0.0,0.0,0.0,0.0,0.0,0.0,0.0,0.0,0.0,0.0,0.0,0.0,0.0,0.0,2.0,0
-0.19593808576011223,0.11938399913679702,0.18335918880422905,-0.20963800905340046,1.1304347826086956,-0.6048109965635738,-0.1624294544477291,-0.033333333333333263,-0.18181818181818182,-1.0,0.11866735110418275,0.0,0.0,0.0,0.0,1.0,0.0,0.0,0.0,0.0,0.0,0.0,0.0,0.0,0.0,0.0,0.0,0.0,0.0,0.0,0.0,0.0,1.0,0.0,0.0,0.0,0.0,0.0,0.0,0.0,0.0,0.0,0.0,0.0,0.0,0.89,0
-0.8659181819938567,-0.8732253552899871,-0.6985375539389572,-0.8789713938677806,-0.30434782608695654,-0.3711340206185567,-0.34208546089760816,-0.2666666666666666,0.0,0.0,0.5405182284750518,0.0,0.0,0.0,0.0,0.0,1.0,0.0,0.0,0.0,0.0,0.0,0.0,0.0,0.0,0.0,0.0,0.0,0.0,0.0,0.0,0.0,0.0,1.0,0.0,0.0,0.0,0.0,0.0,0.0,0.0,0.0,0.0,0.0,0.0,1.81,0
0.7434655742139928,-1.1564253658764105,-0.20130733014104013,0.7288588731257923,-0.5652173913043478,-0.24742268041237114,-0.2981994087610857,0.30000000000000004,-0.2727272727272727,0.6666666666666666,1.8262526967316384,0.0,0.0,0.0,1.0,0.0,0.0,0.0,0.0,0.0,0.0,0.0,0.0,0.0,0.0,0.0,0.0,0.0,0.0,0.0,0.0,1.0,0.0,0.0,0.0,0.0,0.0,0.0,0.0,0.0,0.0,0.0,0.0,0.0,0.0,-0.59,0
0.7250582619953991,-1.0967082438833313,2.449700868396518,0.7104693289260973,2.0434782608695654,1.1134020618556701,4.849072829884439,2.166666666666666,0.2727272727272727,0.0,0.22655804493840032,0.0,0.0,0.0,1.0,0.0,0.0,0.0,0.0,0.0,0.0,0.0,0.0,0.0,0.0,0.0,0.0,0.0,0.0,0.0,0.0,0.0,0.0,0.0,0.0,0.0,0.0,0.0,0.0,0.0,0.0,0.0,1.0,0.0,0.0,4.8,1
-0.21330653732439353,0.14540895221470668,0.2781963259635466,-0.2269896953793912,0.8695652173913043,-0.6597938144329897,-0.2581564095673206,-0.033333333333333263,0.0,-0.6666666666666666,-3.793002147485101e-05,0.0,0.0,0.0,0.0,1.0,0.0,0.0,0.0,0.0,0.0,0.0,0.0,0.0,0.0,0.0,0.0,0.0,0.0,0.0,0.0,0.0,1.0,0.0,0.0,0.0,0.0,0.0,0.0,0.0,0.0,0.0,0.0,0.0,0.0,0.61,0
-0.16594716806121781,0.11447895713297288,0.03977399048825298,-0.17967604067563084,0.0,-0.12371134020618557,-0.041816715936576196,0.03333333333333336,0.2727272727272727,0.0,0.005572879115229675,0.0,0.0,0.0,0.0,1.0,0.0,0.0,0.0,0.0,0.0,0.0,0.0,0.0,0.0,0.0,0.0,0.0,0.0,0.0,0.0,0.0,1.0,0.0,0.0,0.0,0.0,0.0,0.0,0.0,0.0,0.0,0.0,0.0,0.0,1.03,0
-0.03681625528090077,0.0035112382752469375,-0.03556391882732686,-0.05066977403981483,-0.4782608695652174,0.16494845360824742,-0.23789303950550925,-0.33333333333333326,-0.18181818181818182,1.0,-0.117585356872998,-1.0,0.0,0.0,0.0,1.0,0.0,0.0,0.0,0.0,0.0,0.0,0.0,0.0,0.0,0.0,0.0,0.0,0.0,0.0,0.0,0.0,0.0,0.0,0.0,1.0,0.0,0.0,0.0,0.0,0.0,0.0,0.0,0.0,0.0,1.15,0
-0.23478714564532888,0.1547911683497366,0.07611345425958035,-0.24844956912212915,1.7826086956521738,-0.7697594501718213,-0.04928782585326527,0.0,0.36363636363636365,0.0,-0.01809838718854705,0.0,0.0,0.0,0.0,1.0,0.0,0.0,0.0,0.0,0.0,0.0,0.0,0.0,0.0,0.0,0.0,0.0,0.0,0.0,0.0,0.0,1.0,0.0,0.0,0.0,0.0,0.0,0.0,0.0,0.0,0.0,0.0,0.0,0.0,1.64,0
-0.1644012444684931,0.09118882963275744,-0.5372257879296508,-0.17813160931595381,0.2608695652173913,-0.4536082474226804,0.12163396936307441,0.2333333333333333,-0.45454545454545453,-0.3333333333333333,0.7009570125860323,0.0,0.0,0.0,0.0,1.0,0.0,0.0,0.0,0.0,0.0,0.0,0.0,0.0,0.0,0.0,0.0,0.0,0.0,0.0,0.0,0.0,1.0,0.0,0.0,0.0,0.0,0.0,0.0,0.0,0.0,0.0,0.0,0.0,0.0,1.17,0
1.013407022357918,-0.7981499821737548,7.634721918695654,0.9985397549960985,5.3478260869565215,-0.41237113402061853,1.2478903520558988,2.3999999999999995,-0.7272727272727273,0.0,-0.10639216140021628,-1.0,0.0,-1.0,1.0,0.0,0.0,0.0,0.0,0.0,0.0,0.0,0.0,0.0,0.0,0.0,0.0,0.0,0.0,0.0,1.0,0.0,0.0,0.0,0.0,0.0,0.0,0.0,0.0,0.0,0.0,0.0,0.0,0.0,0.0,3.0,0
0.03453592881550309,-0.013930002755764618,-0.4672058531484135,0.020613535962401546,0.13043478260869565,-0.4536082474226804,-0.30986294006987364,-0.5333333333333332,-0.36363636363636365,0.0,-0.08970374284661445,-1.0,0.0,0.0,0.0,1.0,0.0,0.0,0.0,0.0,0.0,0.0,0.0,0.0,0.0,0.0,0.0,0.0,0.0,0.0,0.0,0.0,0.0,0.0,0.0,1.0,0.0,0.0,0.0,0.0,0.0,0.0,0.0,0.0,0.0,1.45,0
0.029125200486963272,0.2598702246584638,0.2232439661142225,0.015208030445430037,-0.08695652173913043,-0.24742268041237114,0.21698468153722117,-0.2666666666666666,0.7272727272727273,0.6666666666666666,2.5110162923736024,0.0,0.0,0.0,0.0,0.0,0.0,0.0,0.0,0.0,0.0,0.0,0.0,0.0,0.0,0.0,0.0,0.0,1.0,0.0,0.0,0.0,0.0,0.0,0.0,0.0,0.0,0.0,0.0,0.0,0.0,0.0,0.0,1.0,0.0,1.93,0
1.0152157529614079,-0.814532469585838,3.3980722399896934,1.0003467396869226,-0.6521739130434783,1.127147766323024,-0.36457941413598494,0.3999999999999999,1.0909090909090908,0.0,-0.1503838188221611,-1.0,0.0,0.0,1.0,0.0,0.0,0.0,0.0,0.0,0.0,0.0,0.0,0.0,0.0,0.0,0.0,0.0,0.0,0.0,1.0,0.0,0.0,0.0,0.0,0.0,0.0,0.0,0.0,0.0,0.0,0.0,0.0,0.0,0.0,1.0,0
1.026346402829038,-0.8147441980176576,10.728007981181804,1.01146664547661,1.4782608695652173,0.43986254295532645,0.7104004299919376,1.0666666666666664,-0.9090909090909091,1.0,-0.14762212769732433,-1.0,0.0,-1.0,1.0,0.0,0.0,0.0,0.0,0.0,0.0,0.0,0.0,0.0,0.0,0.0,0.0,0.0,0.0,0.0,1.0,0.0,0.0,0.0,0.0,0.0,0.0,0.0,0.0,0.0,0.0,0.0,0.0,0.0,0.0,2.2,0
-0.8762140331214145,-0.8745574800068471,2.97617992888843,-0.8892573067232409,0.5217391304347826,1.429553264604811,0.04428916957807039,-0.23333333333333328,0.2727272727272727,0.0,0.4342589704428702,0.0,0.0,0.0,0.0,0.0,1.0,0.0,0.0,0.0,0.0,0.0,0.0,0.0,0.0,0.0,0.0,0.0,0.0,0.0,0.0,0.0,0.0,1.0,0.0,0.0,0.0,0.0,0.0,0.0,0.0,0.0,0.0,0.0,0.0,1.97,0
1.018091170843879,-0.813910517317366,-0.5859738490863093,1.003219382015925,-0.6521739130434783,0.3436426116838488,-0.2534264982531577,-0.33333333333333326,0.36363636363636365,-0.3333333333333333,0.5404959845441261,0.0,0.0,0.0,1.0,0.0,0.0,0.0,0.0,0.0,0.0,0.0,0.0,0.0,0.0,0.0,0.0,0.0,0.0,0.0,0.0,1.0,0.0,0.0,0.0,0.0,0.0,0.0,0.0,0.0,0.0,0.0,0.0,0.0,0.0,-0.4,0
0.034095405697001126,-0.012707983112580028,-0.4663195256090153,0.020173438067473886,-0.043478260869565216,0.5498281786941581,-0.32554152109647944,-0.5333333333333332,-0.7272727272727273,0.3333333333333333,-0.14953540234268226,-1.0,0.0,0.0,0.0,1.0,0.0,0.0,0.0,0.0,0.0,0.0,0.0,0.0,0.0,0.0,0.0,0.0,0.0,0.0,0.0,0.0,0.0,0.0,0.0,1.0,0.0,0.0,0.0,0.0,0.0,0.0,0.0,0.0,0.0,1.09,0
0.6833059576030421,-1.2617293836439467,0.40316862820152577,0.6687573267638917,-0.7391304347826086,2.4192439862542954,-0.20317119054017735,-0.13333333333333325,-0.8181818181818182,0.6666666666666666,1.5534264351414533,0.0,0.0,0.0,1.0,0.0,0.0,0.0,0.0,0.0,0.0,0.0,0.0,0.0,0.0,0.0,0.0,0.0,0.0,0.0,0.0,1.0,0.0,0.0,0.0,0.0,0.0,0.0,0.0,0.0,0.0,0.0,0.0,0.0,0.0,0.72,0
-0.26327851745927533,0.548178183662548,-0.1915399913420151,-0.2769134390810071,0.13043478260869565,-0.3024054982817869,-0.36457941413598494,0.06666666666666672,-0.5454545454545454,0.3333333333333333,0.02733064009584628,0.0,0.0,0.0,0.0,0.0,0.0,0.0,0.0,0.0,0.0,0.0,0.0,0.0,0.0,0.0,0.0,1.0,0.0,0.0,0.0,0.0,0.0,0.0,0.0,0.0,0.0,0.0,0.0,0.0,0.0,1.0,0.0,0.0,0.0,0.8,0
1.1134437380432451,-0.7395012065595764,3.610791052309658,1.0984799082809111,1.434782608695652,-0.7010309278350515,2.322870196183821,2.066666666666667,0.45454545454545453,-1.0,-0.1468535751683618,-1.0,0.0,0.0,1.0,0.0,0.0,0.0,0.0,0.0,0.0,0.0,0.0,0.0,0.0,0.0,0.0,0.0,0.0,0.0,1.0,0.0,0.0,0.0,0.0,0.0,0.0,0.0,0.0,0.0,0.0,0.0,0.0,0.0,0.0,2.3,0
-0.15889775647838525,0.0726625918484953,-0.3315976026870184,-0.17263343367549563,0.5652173913043478,-0.6048109965635738,0.3674818597151302,0.09999999999999998,-0.2727272727272727,1.0,0.16638664647066032,0.0,0.0,0.0,0.0,1.0,0.0,0.0,0.0,0.0,0.0,0.0,0.0,0.0,0.0,0.0,0.0,0.0,0.0,0.0,0.0,0.0,1.0,0.0,0.0,0.0,0.0,0.0,0.0,0.0,0.0,0.0,0.0,0.0,0.0,1.16,0
1.2841600803880249,-0.8726519241204658,-0.1915577179097084,1.2690314633302364,0.5652173913043478,-0.5085910652920962,3.3978500403117433,3.733333333333333,0.9090909090909091,0.6666666666666666,-0.1115899913630524,-1.0,0.0,0.0,1.0,0.0,0.0,0.0,0.0,0.0,0.0,0.0,0.0,0.0,0.0,0.0,0.0,0.0,0.0,0.0,1.0,0.0,0.0,0.0,0.0,0.0,0.0,0.0,0.0,0.0,0.0,0.0,0.0,0.0,0.0,2.7,0
-0.20066861195385496,0.09454560747889734,-0.663970746936963,-0.2143639690140173,0.08695652173913043,2.020618556701031,1.0011824778285405,0.4333333333333333,0.0,0.6666666666666666,1.5944093455124133,0.0,0.0,0.0,0.0,1.0,0.0,0.0,0.0,0.0,0.0,0.0,0.0,0.0,0.0,0.0,0.0,0.0,0.0,0.0,0.0,0.0,1.0,0.0,0.0,0.0,0.0,0.0,0.0,0.0,0.0,0.0,0.0,0.0,0.0,1.9,0
-0.014397186419062326,4.191082303765523,0.23387990673022066,-0.028272345623604513,0.17391304347826086,-0.6185567010309279,1.215640956732061,2.166666666666666,1.0,1.0,-0.0176557000091534,0.0,0.0,0.0,0.0,0.0,0.0,0.0,0.0,0.0,0.0,0.0,0.0,1.0,0.0,0.0,0.0,0.0,0.0,0.0,0.0,0.0,0.0,0.0,0.0,0.0,0.0,0.0,0.0,0.0,0.0,0.0,1.0,0.0,0.0,4.2,0
0.3117200332373576,0.2997281019486048,-0.09406159559639135,0.29753008299471034,-0.34782608695652173,0.7010309278350515,-0.040257995162590716,0.03333333333333336,-0.45454545454545453,0.6666666666666666,3.2253074705455242,0.0,0.0,0.0,0.0,0.0,0.0,0.0,0.0,1.0,0.0,0.0,0.0,0.0,0.0,0.0,0.0,0.0,0.0,0.0,0.0,0.0,0.0,0.0,0.0,0.0,0.0,0.0,0.0,0.0,0.0,0.0,0.0,1.0,0.0,0.52,0
0.6923016869891189,7.442511139854654,8.129647688693439,0.6777443728458641,1.9130434782608696,0.21993127147766323,0.5276538564901908,1.7999999999999998,0.45454545454545453,0.3333333333333333,1.416675097734375,0.0,0.0,-1.0,0.0,0.0,0.0,0.0,0.0,0.0,0.0,0.0,0.0,0.0,0.0,0.0,1.0,0.0,0.0,0.0,0.0,0.0,0.0,0.0,0.0,0.0,0.0,0.0,0.0,0.0,0.0,0.0,1.0,0.0,0.0,4.6,1
-0.9536246111035962,6.476219629503112,0.23387990673022066,-0.9665931626277935,2.5217391304347827,0.09621993127147767,28.719000268744956,1.9666666666666666,0.8181818181818182,-0.6666666666666666,-0.12508564788746282,0.0,0.0,0.0,0.0,0.0,0.0,0.0,0.0,0.0,0.0,0.0,0.0,1.0,0.0,0.0,0.0,0.0,0.0,0.0,0.0,0.0,0.0,0.0,0.0,0.0,0.0,0.0,0.0,0.0,0.0,0.0,1.0,0.0,0.0,4.7,1
-0.027169683570274286,0.09030229597714699,-0.39275425531212804,-0.0410325138716029,-0.34782608695652173,0.5360824742268041,0.13942488578339157,-0.4999999999999999,-0.7272727272727273,-0.3333333333333333,-0.10383246164517099,-1.0,0.0,0.0,0.0,1.0,0.0,0.0,0.0,0.0,0.0,0.0,0.0,0.0,0.0,0.0,0.0,0.0,0.0,0.0,0.0,0.0,0.0,0.0,0.0,1.0,0.0,0.0,0.0,0.0,0.0,0.0,0.0,0.0,0.0,1.32,0
-0.42824402403911244,0.616751729518295,0.11490804765643384,-0.4417197094723273,0.08695652173913043,-0.013745704467353952,0.17291050792797635,0.3999999999999999,-0.45454545454545453,-0.6666666666666666,1.2200903377937402,0.0,0.0,0.0,0.0,0.0,0.0,0.0,0.0,0.0,0.0,0.0,0.0,0.0,0.0,0.0,0.0,1.0,0.0,0.0,0.0,0.0,0.0,0.0,0.0,0.0,0.0,0.0,0.0,0.0,0.0,1.0,0.0,0.0,0.0,1.8,0
-0.27751647374828586,0.5380946170971139,0.14170175472490276,-0.29113765190364854,0.391304347826087,-0.32989690721649484,-0.36457941413598494,-0.2666666666666666,-0.18181818181818182,1.0,2.0432952988065765,0.0,0.0,0.0,0.0,0.0,0.0,0.0,0.0,0.0,0.0,0.0,0.0,0.0,0.0,0.0,0.0,1.0,0.0,0.0,0.0,0.0,0.0,0.0,0.0,0.0,0.0,0.0,0.0,0.0,0.0,1.0,0.0,0.0,0.0,1.1,0
-0.9333281802546926,1.4635860586369143,0.37480611989219714,-0.9463163233065727,-0.782608695652174,1.4845360824742269,-0.06036011824778287,-0.4333333333333333,0.5454545454545454,-1.0,-0.14276243843853098,0.0,0.0,0.0,0.0,0.0,0.0,0.0,0.0,0.0,0.0,0.0,0.0,0.0,0.0,1.0,0.0,0.0,0.0,0.0,0.0,0.0,0.0,0.0,0.0,0.0,0.0,0.0,0.0,1.0,0.0,0.0,0.0,0.0,0.0,1.31,0
-0.20058358615625646,0.14522368983686393,0.0512962594889178,-0.21427902528923642,-0.043478260869565216,0.054982817869415807,0.00940607363611933,-0.1666666666666666,-0.6363636363636364,-0.6666666666666666,-0.14781695157826194,-1.0,0.0,0.0,0.0,1.0,0.0,0.0,0.0,0.0,0.0,0.0,0.0,0.0,0.0,0.0,0.0,0.0,0.0,0.0,0.0,0.0,1.0,0.0,0.0,0.0,0.0,0.0,0.0,0.0,0.0,0.0,0.0,0.0,0.0,0.11,0
0.03207023777029174,-0.012200760154257513,-0.6551074630308649,0.01815022497379864,-0.21739130434782608,-0.15120274914089346,-0.3206664875033593,-0.3999999999999999,-0.5454545454545454,1.0,-0.14950096544221206,-1.0,0.0,0.0,0.0,1.0,0.0,0.0,0.0,0.0,0.0,0.0,0.0,0.0,0.0,0.0,0.0,0.0,0.0,0.0,0.0,0.0,0.0,0.0,0.0,1.0,0.0,0.0,0.0,0.0,0.0,0.0,0.0,0.0,0.0,1.06,0
-0.26573653597171026,0.5328014063016104,0.06380235299656228,-0.2793690849428962,0.9130434782608695,-0.32989690721649484,-0.36457941413598494,0.06666666666666672,-0.9090909090909091,0.0,0.598662628140953,0.0,0.0,0.0,0.0,0.0,0.0,0.0,0.0,0.0,0.0,0.0,0.0,0.0,0.0,0.0,0.0,1.0,0.0,0.0,0.0,0.0,0.0,0.0,0.0,0.0,0.0,0.0,0.0,0.0,0.0,1.0,0.0,0.0,0.0,1.0,0
0.6404374963767401,-1.448632656833173,-0.8093286020222721,0.6259302451600015,-0.43478260869565216,0.6735395189003437,-0.12227895726955118,0.16666666666666669,0.0,0.3333333333333333,0.6917023180239769,0.0,0.0,0.0,1.0,0.0,0.0,0.0,0.0,0.0,0.0,0.0,0.0,0.0,0.0,0.0,0.0,0.0,0.0,0.0,0.0,1.0,0.0,0.0,0.0,0.0,0.0,0.0,0.0,0.0,0.0,0.0,0.0,0.0,0.0,1.79,0
-0.883928235724512,-0.8755542054271209,2.1660757176817382,-0.8969640630410788,0.43478260869565216,1.8419243986254294,0.4620800859983874,0.16666668,-1.0,0.3333333333333333,-0.1476279275963509,-1.0,0.0,0.0,0.0,0.0,1.0,0.0,0.0,0.0,0.0,0.0,0.0,0.0,0.0,0.0,0.0,0.0,0.0,0.0,0.0,0.0,0.0,1.0,0.0,0.0,0.0,0.0,0.0,0.0,0.0,0.0,0.0,0.0,0.0,1.78,0
1.0205955670640958,-0.8156705099068706,12.1549966804949,1.0057213608186046,1.173913043478261,0.7422680412371134,0.17291050792797635,0.7333333333333333,-1.0,0.3333333333333333,-0.14715668580044297,-1.0,0.0,-1.0,1.0,0.0,0.0,0.0,0.0,0.0,0.0,0.0,0.0,0.0,0.0,0.0,0.0,0.0,0.0,0.0,1.0,0.0,0.0,0.0,0.0,0.0,0.0,0.0,0.0,0.0,0.0,0.0,0.0,0.0,0.0,1.9,0
1.0884461535488588,-0.6389566674989882,0.14524706826356876,1.0735064531949055,0.34782608695652173,0.5223367697594502,2.322870196183821,2.066666666666667,-0.5454545454545454,-0.3333333333333333,-0.1493941286658251,-1.0,0.0,0.0,1.0,0.0,0.0,0.0,0.0,0.0,0.0,0.0,0.0,0.0,0.0,0.0,0.0,0.0,0.0,0.0,1.0,0.0,0.0,0.0,0.0,0.0,0.0,0.0,0.0,0.0,0.0,0.0,0.0,0.0,0.0,1.6,0
0.6255734410326753,7.466502617785273,0.23387990673022066,0.6110805376366901,3.0,0.5773195876288659,10.465842515452835,1.7666666666666664,0.6363636363636364,0.3333333333333333,-0.13027518992640588,0.0,0.0,0.0,0.0,0.0,0.0,0.0,0.0,0.0,0.0,0.0,0.0,0.0,0.0,0.0,1.0,0.0,0.0,0.0,0.0,0.0,0.0,0.0,0.0,0.0,0.0,0.0,0.0,0.0,0.0,0.0,1.0,0.0,0.0,5.0,1
-1.1282088542773772,0.7847450071405857,3.0239530288219556,-1.1410088849390352,1.173913043478261,1.429553264604811,13.341413598495027,3.833333333333333,-0.2727272727272727,-0.6666666666666666,0.07049744312810766,0.0,0.0,0.0,0.0,0.0,0.0,0.0,0.0,0.0,0.0,0.0,0.0,1.0,0.0,0.0,0.0,0.0,0.0,0.0,0.0,0.0,0.0,0.0,0.0,0.0,0.0,0.0,0.0,0.0,0.0,0.0,1.0,0.0,0.0,4.5,1
-0.4293570890258755,0.6181014982711485,0.06263239952880252,-0.442831700051296,0.0,-0.041237113402061855,0.7104004299919376,0.3999999999999999,0.18181818181818182,-1.0,-0.04349266838183029,0.0,0.0,0.0,0.0,0.0,0.0,0.0,0.0,0.0,0.0,0.0,0.0,0.0,0.0,0.0,0.0,1.0,0.0,0.0,0.0,0.0,0.0,0.0,0.0,0.0,0.0,0.0,0.0,0.0,0.0,1.0,0.0,0.0,0.0,1.9,0
0.03422667804797684,-0.014009357302990211,-0.4450476435317505,0.020304583705239906,-0.5652173913043478,0.3711340206185567,-0.3373824240795485,-0.5666666666666665,-0.45454545454545453,-0.6666666666666666,-0.1494941604470474,-1.0,0.0,0.0,0.0,1.0,0.0,0.0,0.0,0.0,0.0,0.0,0.0,0.0,0.0,0.0,0.0,0.0,0.0,0.0,0.0,0.0,0.0,0.0,0.0,1.0,0.0,0.0,0.0,0.0,0.0,0.0,0.0,0.0,0.0,0.9,0
-0.2983864422500924,0.47645517738347604,0.04269887415765253,-0.3119874752593116,0.7391304347826086,0.5498281786941581,-0.36457941413598494,-0.2666666666666666,0.8181818181818182,0.6666666666666666,2.469528428293643,0.0,0.0,0.0,0.0,0.0,0.0,0.0,0.0,0.0,0.0,1.0,0.0,0.0,0.0,0.0,0.0,0.0,0.0,0.0,0.0,0.0,0.0,0.0,0.0,0.0,0.0,0.0,0.0,0.0,0.0,1.0,0.0,0.0,0.0,2.5,0
0.03436591166012767,-0.013982905787239446,-0.4946820280014637,0.02044368291941765,0.2608695652173913,-0.5360824742268041,-0.3265842515452835,-0.5333333333333332,-0.36363636363636365,-1.0,-0.14764358073292827,-1.0,0.0,0.0,0.0,1.0,0.0,0.0,0.0,0.0,0.0,0.0,0.0,0.0,0.0,0.0,0.0,0.0,0.0,0.0,0.0,0.0,0.0,0.0,0.0,1.0,0.0,0.0,0.0,0.0,0.0,0.0,0.0,0.0,0.0,1.3,0
-0.183725289377575,0.10921221239144663,0.5086417059768414,-0.1974370013119398,-0.43478260869565216,1.745704467353952,-0.1009406073636119,-0.2666666666666666,0.6363636363636364,-1.0,-0.12451666461136869,0.0,0.0,0.0,0.0,1.0,0.0,0.0,0.0,0.0,0.0,0.0,0.0,0.0,0.0,0.0,0.0,0.0,0.0,0.0,0.0,0.0,1.0,0.0,0.0,0.0,0.0,0.0,0.0,0.0,0.0,0.0,0.0,0.0,0.0,0.74,0
1.0181530077875867,-0.8141839998751247,-0.6294039399349688,1.003281159270311,-0.6956521739130435,1.2371134020618557,-0.2743348562214458,-0.33333333333333326,-0.9090909090909091,0.0,1.0724978192400259,0.0,0.0,0.0,1.0,0.0,0.0,0.0,0.0,0.0,0.0,0.0,0.0,0.0,0.0,0.0,0.0,0.0,0.0,0.0,0.0,1.0,0.0,0.0,0.0,0.0,0.0,0.0,0.0,0.0,0.0,0.0,0.0,0.0,0.0,-0.59,0
-0.30014879514580056,0.4839980027670684,0.04611123843861862,-0.31374812700934535,-0.08695652173913043,-0.41237113402061853,-0.36457941413598494,-0.2666666666666666,-0.6363636363636364,0.0,0.22207864451350753,0.0,0.0,0.0,0.0,0.0,0.0,0.0,0.0,0.0,0.0,0.0,0.0,0.0,0.0,0.0,0.0,1.0,0.0,0.0,0.0,0.0,0.0,0.0,0.0,0.0,0.0,0.0,0.0,0.0,0.0,1.0,0.0,0.0,0.0,1.7,0
0.03431955942838131,-0.013577046652600084,-0.4973410106196574,0.020397375430071484,-0.4782608695652174,-0.041237113402061855,-0.307874227358237,-0.5666666666666665,-0.36363636363636365,0.3333333333333333,-0.14953902727957386,-1.0,0.0,0.0,0.0,1.0,0.0,0.0,0.0,0.0,0.0,0.0,0.0,0.0,0.0,0.0,0.0,0.0,0.0,0.0,0.0,0.0,0.0,0.0,0.0,1.0,0.0,0.0,0.0,0.0,0.0,0.0,0.0,0.0,0.0,0.71,0
1.2700148795145776,-0.6727008863203228,-0.2092842856030388,1.2548999163891756,-0.21739130434782608,-0.041237113402061855,1.2478903520558988,0.7333333333333333,0.2727272727272727,-1.0,-0.14940615686551087,-1.0,0.0,0.0,1.0,0.0,0.0,0.0,0.0,0.0,0.0,0.0,0.0,0.0,0.0,0.0,0.0,0.0,0.0,0.0,1.0,0.0,0.0,0.0,0.0,0.0,0.0,0.0,0.0,0.0,0.0,0.0,0.0,0.0,0.0,1.2,0
-0.23316392587296597,0.1690740154795856,-0.337801901379684,-0.24682791619446628,0.5652173913043478,-0.4261168384879725,0.0829884439666756,0.09999999999999998,-0.5454545454545454,0.0,0.2917136492471602,0.0,0.0,0.0,0.0,1.0,0.0,0.0,0.0,0.0,0.0,0.0,0.0,0.0,0.0,0.0,0.0,0.0,0.0,0.0,0.0,0.0,1.0,0.0,0.0,0.0,0.0,0.0,0.0,0.0,0.0,0.0,0.0,0.0,0.0,0.95,0
0.936791049102396,-0.8652414290067609,-0.2092842856030388,0.9219977368104192,-0.30434782608695654,0.6597938144329897,-0.36457941413598494,0.06666666666666672,0.6363636363636364,-1.0,-0.15046804917393317,-1.0,0.0,0.0,1.0,0.0,0.0,0.0,0.0,0.0,0.0,0.0,0.0,0.0,0.0,0.0,0.0,0.0,0.0,0.0,1.0,0.0,0.0,0.0,0.0,0.0,0.0,0.0,0.0,0.0,0.0,0.0,0.0,0.0,0.0,1.0,0
-0.426991825929004,0.6172281184898903,-0.2178196279473774,-0.4404687200709874,-0.17391304347826086,0.027491408934707903,0.17291050792797635,0.3999999999999999,-0.5454545454545454,-0.6666666666666666,3.0908456432791795,0.0,0.0,0.0,0.0,0.0,0.0,0.0,0.0,0.0,0.0,0.0,0.0,0.0,0.0,0.0,0.0,1.0,0.0,0.0,0.0,0.0,0.0,0.0,0.0,0.0,0.0,0.0,0.0,0.0,0.0,1.0,0.0,0.0,0.0,1.5,0
-0.22512512319078562,0.1460617815461343,0.5130733479001741,-0.23879687312413383,0.391304347826087,-0.5498281786941581,0.20623488309594193,-0.09999999999999998,-0.5454545454545454,-1.0,0.3367133521877012,0.0,0.0,0.0,0.0,1.0,0.0,0.0,0.0,0.0,0.0,0.0,0.0,0.0,0.0,0.0,0.0,0.0,0.0,0.0,0.0,0.0,1.0,0.0,0.0,0.0,0.0,0.0,0.0,0.0,0.0,0.0,0.0,0.0,0.0,0.23,0
-0.1287135983304035,0.11878851292230305,-0.049745176363065406,-0.14247841137776965,1.3043478260869565,-0.6735395189003437,-0.03773179252889007,-0.1666666666666666,-0.6363636363636364,1.0,0.4447338846705814,0.0,0.0,0.0,0.0,1.0,0.0,0.0,0.0,0.0,0.0,0.0,0.0,0.0,0.0,0.0,0.0,0.0,0.0,0.0,0.0,0.0,1.0,0.0,0.0,0.0,0.0,0.0,0.0,0.0,0.0,0.0,0.0,0.0,0.0,2.08,0
-0.08592237572676814,0.034604490227528754,-0.22435187490451894,-0.09972849384045178,-0.6086956521739131,1.9243986254295533,1.523622682074711,-0.1666666666666666,1.0909090909090908,-0.6666666666666666,-0.14956128768748544,-1.0,0.0,0.0,0.0,1.0,0.0,0.0,0.0,0.0,0.0,0.0,0.0,0.0,0.0,0.0,0.0,0.0,0.0,0.0,0.0,0.0,0.0,0.0,0.0,1.0,0.0,0.0,0.0,0.0,0.0,0.0,0.0,0.0,0.0,2.49,0
-0.036166970202623674,0.0053374024611443655,-0.2004210102090596,-0.0500211156966854,-0.4782608695652174,0.6048109965635738,-0.22676699811878528,-0.33333333333333326,0.2727272727272727,0.0,-0.1495101760773139,-1.0,0.0,0.0,0.0,1.0,0.0,0.0,0.0,0.0,0.0,0.0,0.0,0.0,0.0,0.0,0.0,0.0,0.0,0.0,0.0,0.0,0.0,0.0,0.0,1.0,0.0,0.0,0.0,0.0,0.0,0.0,0.0,0.0,0.0,1.06,0
1.1666389688689616,-0.7487113933437519,10.985043212735096,1.151623791367457,4.434782608695652,-0.7697594501718213,3.3978500403117433,2.3999999999999995,0.09090909090909091,0.0,5.305359135123343,-1.0,0.0,-1.0,1.0,0.0,0.0,0.0,0.0,0.0,0.0,0.0,0.0,0.0,0.0,0.0,0.0,0.0,0.0,0.0,1.0,0.0,0.0,0.0,0.0,0.0,0.0,0.0,0.0,0.0,0.0,0.0,0.0,0.0,0.0,2.9,0
0.45648031846025866,0.08504870510997346,-0.6019277600103067,0.44215063551502753,-0.391304347826087,-0.3848797250859107,1.3532383767804352,0.03333333333333336,-0.2727272727272727,0.6666666666666666,2.4808591242135174,0.0,0.0,0.0,0.0,0.0,0.0,0.0,0.0,0.0,0.0,0.0,0.0,0.0,0.0,0.0,0.0,0.0,0.0,1.0,0.0,0.0,0.0,0.0,0.0,0.0,0.0,0.0,0.0,0.0,0.0,0.0,0.0,0.0,1.0,1.09,0
-1.1592865562619568,6.424870191575933,0.23387990673022066,-1.1720565885626573,1.3478260869565217,0.16494845360824742,41.634883095941944,3.066666666666667,-0.9090909090909091,-0.3333333333333333,0.10203647018524216,0.0,0.0,0.0,0.0,0.0,0.0,0.0,0.0,0.0,0.0,0.0,0.0,1.0,0.0,0.0,0.0,0.0,0.0,0.0,0.0,0.0,0.0,0.0,0.0,0.0,0.0,0.0,0.0,0.0,0.0,0.0,1.0,0.0,0.0,4.8,1
-3.4024835262517126,2.8109172879189646,0.23387990673022066,-0.14422516324556636,5.086956521739131,-0.7972508591065293,18.608814834721848,2.0,0.18181818181818182,-0.6666666666666666,1.5274578650826256,0.0,0.0,0.0,0.0,0.0,0.0,0.0,0.0,0.0,0.0,0.0,0.0,1.0,0.0,0.0,0.0,0.0,0.0,0.0,0.0,0.0,0.0,0.0,0.0,0.0,0.0,0.0,0.0,0.0,0.0,0.0,1.0,0.0,0.0,5.5,1
0.03411079746861079,-0.0136564011998253,-0.39629956546971995,0.020188814981874324,-0.4782608695652174,0.013745704467353952,-0.3282235958075786,-0.5666666666666665,0.2727272727272727,-0.6666666666666666,-0.1495151521270469,-1.0,0.0,0.0,0.0,1.0,0.0,0.0,0.0,0.0,0.0,0.0,0.0,0.0,0.0,0.0,0.0,0.0,0.0,0.0,0.0,0.0,0.0,0.0,0.0,1.0,0.0,0.0,0.0,0.0,0.0,0.0,0.0,0.0,0.0,0.87,0
-0.2120620688322503,0.14677636500352728,-0.27487258606836124,-0.22574642813485132,-0.34782608695652173,-0.2611683848797251,-0.10147809728567589,-0.29999999999999993,0.6363636363636364,-0.3333333333333333,0.037055785558487854,0.0,0.0,0.0,0.0,1.0,0.0,0.0,0.0,0.0,0.0,0.0,0.0,0.0,0.0,0.0,0.0,0.0,0.0,0.0,0.0,0.0,1.0,0.0,0.0,0.0,0.0,0.0,0.0,0.0,0.0,0.0,0.0,0.0,0.0,0.36,0
1.075653635819049,-0.7954592666860317,-0.34755151361101577,1.0607262836935651,-0.5217391304347826,0.6048109965635738,-0.21655468959957003,-0.29999999999999993,0.8181818181818182,-0.6666666666666666,0.21160216497213846,0.0,0.0,0.0,1.0,0.0,0.0,0.0,0.0,0.0,0.0,0.0,0.0,0.0,0.0,0.0,0.0,0.0,0.0,0.0,0.0,1.0,0.0,0.0,0.0,0.0,0.0,0.0,0.0,0.0,0.0,0.0,0.0,0.0,0.0,-0.65,0
-0.8774121203674399,-0.8790962854966478,2.2024151679287756,-0.8904542374920698,0.9130434782608695,0.32989690721649484,-0.14979844127922598,-0.13333332999999992,-0.2727272727272727,-0.6666666666666666,-0.14779039067703806,-1.0,0.0,0.0,0.0,0.0,1.0,0.0,0.0,0.0,0.0,0.0,0.0,0.0,0.0,0.0,0.0,0.0,0.0,0.0,0.0,0.0,0.0,1.0,0.0,0.0,0.0,0.0,0.0,0.0,0.0,0.0,0.0,0.0,0.0,1.94,0
-0.8653152717926933,-0.8879934134094416,0.40582761335552525,-0.8783690656375057,0.34782608695652173,0.43986254295532645,0.14130610051061537,0.30000000000000004,0.45454545454545453,-0.3333333333333333,0.2959000559092966,0.0,0.0,0.0,0.0,0.0,1.0,0.0,0.0,0.0,0.0,0.0,0.0,0.0,0.0,0.0,0.0,0.0,0.0,0.0,0.0,0.0,0.0,1.0,0.0,0.0,0.0,0.0,0.0,0.0,0.0,0.0,0.0,0.0,0.0,2.44,0
-0.17154341146688906,0.09279884791638114,0.2595834298855496,-0.18526688219766949,1.6521739130434783,-0.6872852233676976,0.18796022574576726,0.09999999999999998,-0.09090909090909091,-0.3333333333333333,0.4144211078559316,0.0,0.0,0.0,0.0,1.0,0.0,0.0,0.0,0.0,0.0,0.0,0.0,0.0,0.0,0.0,0.0,0.0,0.0,0.0,0.0,0.0,1.0,0.0,0.0,0.0,0.0,0.0,0.0,0.0,0.0,0.0,0.0,0.0,0.0,1.64,0
1.2458984714680457,-0.6666930920674263,-0.20042100175637365,1.2308067871781871,-0.34782608695652173,-0.3024054982817869,0.7104004299919376,1.7333333333333332,1.0909090909090908,-0.6666666666666666,-0.14959995917332447,-1.0,0.0,0.0,1.0,0.0,0.0,0.0,0.0,0.0,0.0,0.0,0.0,0.0,0.0,0.0,0.0,0.0,0.0,0.0,1.0,0.0,0.0,0.0,0.0,0.0,0.0,0.0,0.0,0.0,0.0,0.0,0.0,0.0,0.0,1.1,0
1.2703859011768317,-0.7322495077697366,-0.2092842856030388,1.2552705799154982,-0.43478260869565216,-0.06872852233676977,1.7853802741198601,1.0666666666666664,-0.36363636363636365,0.6666666666666666,-0.14941818506519663,-1.0,0.0,0.0,1.0,0.0,0.0,0.0,0.0,0.0,0.0,0.0,0.0,0.0,0.0,0.0,0.0,0.0,0.0,0.0,1.0,0.0,0.0,0.0,0.0,0.0,0.0,0.0,0.0,0.0,0.0,0.0,0.0,0.0,0.0,1.2,0
1.0715182902085043,-0.7503522886903583,3.7171504584696398,1.056594929806423,2.4347826086956523,-0.7422680412371134,0.7104004299919376,1.7333333333333332,0.5454545454545454,-0.3333333333333333,3.793002147482466e-05,-1.0,0.0,0.0,1.0,0.0,0.0,0.0,0.0,0.0,0.0,0.0,0.0,0.0,0.0,0.0,0.0,0.0,0.0,0.0,1.0,0.0,0.0,0.0,0.0,0.0,0.0,0.0,0.0,0.0,0.0,0.0,0.0,0.0,0.0,2.4,0
-0.11270555952771981,0.11128979762868187,-0.4858187416189927,-0.12648582464829458,0.17391304347826086,-0.27491408934707906,0.37124428916957797,-0.1666666666666666,0.9090909090909091,0.6666666666666666,0.8449447950328249,0.0,0.0,0.0,0.0,1.0,0.0,0.0,0.0,0.0,0.0,0.0,0.0,0.0,0.0,0.0,0.0,0.0,0.0,0.0,0.0,0.0,1.0,0.0,0.0,0.0,0.0,0.0,0.0,0.0,0.0,0.0,0.0,0.0,0.0,0.84,0
1.1804131480801539,-0.5677100501915116,0.9961223175434271,1.1653846747821945,-0.6086956521739131,1.3058419243986255,0.7104004299919376,2.066666666666667,0.36363636363636365,0.0,-0.1476517203639485,-1.0,0.0,0.0,1.0,0.0,0.0,0.0,0.0,0.0,0.0,0.0,0.0,0.0,0.0,0.0,0.0,0.0,0.0,0.0,1.0,0.0,0.0,0.0,0.0,0.0,0.0,0.0,0.0,0.0,0.0,0.0,0.0,0.0,0.0,1.1,0
-0.9561939361147076,0.7523029181749452,15.10079769977254,-0.9691600075475797,0.0,0.7560137457044673,10.546466003762427,4.199999999999999,-0.6363636363636364,-0.3333333333333333,-0.1383450573884562,0.0,0.0,-1.0,0.0,0.0,0.0,0.0,0.0,0.0,0.0,0.0,0.0,1.0,0.0,0.0,0.0,0.0,0.0,0.0,0.0,0.0,0.0,0.0,0.0,0.0,0.0,0.0,0.0,0.0,0.0,0.0,1.0,0.0,0.0,4.2,0
0.03400252431659171,-0.013996030585138047,-0.4157987924681883,0.020080646342637367,-0.391304347826087,-0.3848797250859107,-0.34519752754635846,-0.5666666666666665,0.9090909090909091,-0.6666666666666666,-0.1495109010646922,-1.0,0.0,0.0,0.0,1.0,0.0,0.0,0.0,0.0,0.0,0.0,0.0,0.0,0.0,0.0,0.0,0.0,0.0,0.0,0.0,0.0,0.0,0.0,0.0,1.0,0.0,0.0,0.0,0.0,0.0,0.0,0.0,0.0,0.0,0.77,0
0.033268319119089874,-0.01353302809968459,-0.34134721576361843,0.01934714985109269,-0.43478260869565216,-0.3436426116838488,-0.35296425692018274,-0.5333333333333332,0.5454545454545454,-0.6666666666666666,-0.14952665306318483,-1.0,0.0,0.0,0.0,1.0,0.0,0.0,0.0,0.0,0.0,0.0,0.0,0.0,0.0,0.0,0.0,0.0,0.0,0.0,0.0,0.0,0.0,0.0,0.0,1.0,0.0,0.0,0.0,0.0,0.0,0.0,0.0,0.0,0.0,0.75,0
-0.10091789213318361,0.12187621921968891,0.16385996434156574,-0.11470953553074686,0.08695652173913043,-0.5910652920962199,-0.13512496640687988,-0.09999999999999998,0.09090909090909091,0.6666666666666666,1.3655031982715216,0.0,0.0,0.0,0.0,1.0,0.0,0.0,0.0,0.0,0.0,0.0,0.0,0.0,0.0,0.0,0.0,0.0,0.0,0.0,0.0,0.0,1.0,0.0,0.0,0.0,0.0,0.0,0.0,0.0,0.0,0.0,0.0,0.0,0.0,0.6,0
0.2947071440994,0.29873562492444766,-0.1924440462943749,0.2805336158814424,-0.391304347826087,0.48109965635738833,0.261058855146466,0.06666666666666672,-0.9090909090909091,0.3333333333333333,0.7367553404907962,0.0,0.0,0.0,0.0,0.0,0.0,0.0,0.0,1.0,0.0,0.0,0.0,0.0,0.0,0.0,0.0,0.0,0.0,0.0,0.0,0.0,0.0,0.0,0.0,0.0,0.0,0.0,0.0,0.0,0.0,0.0,0.0,1.0,0.0,0.84,0
-0.2053218419679601,0.14745124937995419,0.6291823662914882,-0.21901270740664897,-0.391304347826087,0.09621993127147767,-0.09922063961300727,-0.3666666666666666,0.2727272727272727,0.6666666666666666,1.2943911141394715,0.0,0.0,0.0,0.0,1.0,0.0,0.0,0.0,0.0,0.0,0.0,0.0,0.0,0.0,0.0,0.0,0.0,0.0,0.0,0.0,0.0,1.0,0.0,0.0,0.0,0.0,0.0,0.0,0.0,0.0,0.0,0.0,0.0,0.0,1.05,0
-0.8657868214203113,-0.8731590307728668,-0.6604254337152726,-0.8788401600926034,0.08695652173913043,-0.39862542955326463,-0.32590163934426225,-0.20000000999999995,0.0,0.0,0.4866068488643159,-1.0,0.0,0.0,0.0,0.0,1.0,0.0,0.0,0.0,0.0,0.0,0.0,0.0,0.0,0.0,0.0,0.0,0.0,0.0,0.0,0.0,0.0,1.0,0.0,0.0,0.0,0.0,0.0,0.0,0.0,0.0,0.0,0.0,0.0,2.07,0
1.0755145026957036,-0.7953754575151204,-0.3227343188403532,1.0605872848711941,-0.6086956521739131,0.5910652920962199,-0.224832034399355,-0.06666666666666662,-0.45454545454545453,-0.3333333333333333,0.9177542064334089,0.0,0.0,0.0,1.0,0.0,0.0,0.0,0.0,0.0,0.0,0.0,0.0,0.0,0.0,0.0,0.0,0.0,0.0,0.0,0.0,1.0,0.0,0.0,0.0,0.0,0.0,0.0,0.0,0.0,0.0,0.0,0.0,0.0,0.0,-0.81,0
-0.8659413708477476,-0.8729827497951844,-0.6373808953969674,-0.8789945603381756,-0.13043478260869565,-0.16494845360824742,-0.3105616769685568,-0.2666666666666666,0.2727272727272727,0.3333333333333333,4.673601080316876,0.0,0.0,0.0,0.0,0.0,1.0,0.0,0.0,0.0,0.0,0.0,0.0,0.0,0.0,0.0,0.0,0.0,0.0,0.0,0.0,0.0,0.0,1.0,0.0,0.0,0.0,0.0,0.0,0.0,0.0,0.0,0.0,0.0,0.0,1.82,0
0.7351716941390171,-1.1731166239182138,0.22058498096022283,0.7205729988811173,-0.6521739130434783,2.515463917525773,-0.09701693093254503,0.06666666666666672,-0.09090909090909091,-0.6666666666666666,0.6295189971964699,0.0,0.0,0.0,1.0,0.0,0.0,0.0,0.0,0.0,0.0,0.0,0.0,0.0,0.0,0.0,0.0,0.0,0.0,0.0,0.0,1.0,0.0,0.0,0.0,0.0,0.0,0.0,0.0,0.0,0.0,0.0,0.0,0.0,0.0,0.14,0
1.0109953815532646,-0.8143207411540175,2.2901617591565446,0.9961304420749996,-0.6956521739130435,1.140893470790378,0.17291050792797635,-0.5999999999999999,1.0909090909090908,0.0,-0.14825230649894303,-1.0,0.0,0.0,1.0,0.0,0.0,0.0,0.0,0.0,0.0,0.0,0.0,0.0,0.0,0.0,0.0,0.0,0.0,0.0,1.0,0.0,0.0,0.0,0.0,0.0,0.0,0.0,0.0,0.0,0.0,0.0,0.0,0.0,0.0,0.4,0
-0.3026531913660175,0.4837068761733158,0.01998227765864969,-0.31625010581202506,0.17391304347826086,-0.32989690721649484,-0.36457941413598494,0.06666666666666672,-0.36363636363636365,0.0,-0.038292696410830974,0.0,0.0,0.0,0.0,0.0,0.0,0.0,0.0,0.0,0.0,0.0,0.0,0.0,0.0,0.0,0.0,1.0,0.0,0.0,0.0,0.0,0.0,0.0,0.0,0.0,0.0,0.0,0.0,0.0,0.0,1.0,0.0,0.0,0.0,1.6,0
-0.8900686003594275,1.4408755377188067,-0.2092842856030388,-0.9030985005686806,-0.4782608695652174,1.3608247422680413,3.187153990862671,0.8666666666666666,0.09090909090909091,0.3333333333333333,-0.10110486140410115,0.0,0.0,0.0,0.0,0.0,0.0,0.0,0.0,0.0,0.0,0.0,0.0,1.0,0.0,0.0,0.0,0.0,0.0,0.0,0.0,0.0,0.0,0.0,0.0,0.0,0.0,0.0,0.0,1.0,0.0,0.0,0.0,0.0,0.0,2.96,0
-0.866180992307067,-0.8732607984364834,-0.6577664481254315,-0.879233950498185,0.5652173913043478,-0.7010309278350515,-0.33127653856490186,0.13333333,-0.18181818181818182,0.0,-0.10691823860510256,-1.0,0.0,0.0,0.0,0.0,1.0,0.0,0.0,0.0,0.0,0.0,0.0,0.0,0.0,0.0,0.0,0.0,0.0,0.0,0.0,0.0,0.0,1.0,0.0,0.0,0.0,0.0,0.0,0.0,0.0,0.0,0.0,0.0,0.0,2.24,0
0.03459006539150785,-0.014115163365939492,-0.4955683555408619,0.020667620282015253,-0.13043478260869565,-0.3024054982817869,-0.2937919914001612,-0.5333333333333332,0.36363636363636365,-0.6666666666666666,-0.1494995319444413,-1.0,0.0,0.0,0.0,1.0,0.0,0.0,0.0,0.0,0.0,0.0,0.0,0.0,0.0,0.0,0.0,0.0,0.0,0.0,0.0,0.0,0.0,0.0,0.0,1.0,0.0,0.0,0.0,0.0,0.0,0.0,0.0,0.0,0.0,0.85,0
-0.29634582310769353,0.4698121978351191,-0.20722800375061246,-0.3099488258645356,0.7391304347826086,-0.24742268041237114,-0.36457941413598494,0.06666666666666672,0.6363636363636364,0.0,1.0428046265250797,0.0,0.0,0.0,0.0,0.0,0.0,0.0,0.0,0.0,0.0,1.0,0.0,0.0,0.0,0.0,0.0,0.0,0.0,0.0,0.0,0.0,0.0,0.0,0.0,0.0,0.0,0.0,0.0,0.0,0.0,1.0,0.0,0.0,0.0,2.4,0
0.018180061450460295,0.24845012236716513,-0.3227343188403532,0.004273456418904564,-0.13043478260869565,-0.3024054982817869,-0.328933082504703,-0.29999999999999993,0.9090909090909091,1.0,1.1325679666295891,0.0,0.0,0.0,0.0,0.0,0.0,0.0,0.0,0.0,0.0,0.0,0.0,0.0,0.0,0.0,0.0,0.0,1.0,0.0,0.0,0.0,0.0,0.0,0.0,0.0,0.0,0.0,0.0,0.0,0.0,0.0,0.0,1.0,0.0,1.51,0
1.020363678525187,-0.8047400296141565,9.238976294942052,1.005489696114653,2.0434782608695654,-0.5223367697594502,-0.36457941413598494,1.7333333333333332,0.8181818181818182,0.0,-0.14733096287999956,-1.0,0.0,-1.0,1.0,0.0,0.0,0.0,0.0,0.0,0.0,0.0,0.0,0.0,0.0,0.0,0.0,0.0,0.0,0.0,1.0,0.0,0.0,0.0,0.0,0.0,0.0,0.0,0.0,0.0,0.0,0.0,0.0,0.0,0.0,2.1,0
-0.4277802469612946,0.6167781955722726,0.08507423422855875,-0.44125638006442375,-0.30434782608695654,0.0,0.17291050792797635,0.3999999999999999,0.36363636363636365,0.3333333333333333,0.0052477387530390895,0.0,0.0,0.0,0.0,0.0,0.0,0.0,0.0,0.0,0.0,0.0,0.0,0.0,0.0,0.0,0.0,1.0,0.0,0.0,0.0,0.0,0.0,0.0,0.0,0.0,0.0,0.0,0.0,0.0,0.0,1.0,0.0,0.0,0.0,1.7,0
0.03935921467081386,0.18371680094355544,-0.2785331222970339,0.025432166046505045,-0.6086956521739131,1.6494845360824741,1.8552539639881749,-0.16699999999999998,0.18181818181818182,0.6666666666666666,3.0795333356755377,0.0,0.0,0.0,0.0,0.0,0.0,0.0,0.0,0.0,1.0,0.0,0.0,0.0,0.0,0.0,0.0,0.0,0.0,0.0,0.0,0.0,0.0,0.0,0.0,0.0,0.0,1.0,0.0,0.0,0.0,0.0,0.0,0.0,0.0,3.29,0
0.034234462392235245,-0.013868215245704505,-0.508863279197688,0.020312360535507445,-0.21739130434782608,-0.27491408934707906,-0.34508465466272503,-0.5333333333333332,-0.9090909090909091,1.0,-0.1495523571611434,-1.0,0.0,0.0,0.0,1.0,0.0,0.0,0.0,0.0,0.0,0.0,0.0,0.0,0.0,0.0,0.0,0.0,0.0,0.0,0.0,0.0,0.0,0.0,0.0,1.0,0.0,0.0,0.0,0.0,0.0,0.0,0.0,0.0,0.0,1.08,0
-0.0994106166302754,0.10241043651922493,-0.3643917529196796,-0.11320371495506013,0.5652173913043478,-0.3436426116838488,0.5561408223595807,0.06666666666666672,0.36363636363636365,1.0,-0.07371065309676487,0.0,0.0,0.0,0.0,1.0,0.0,0.0,0.0,0.0,0.0,0.0,0.0,0.0,0.0,0.0,0.0,0.0,0.0,0.0,0.0,0.0,1.0,0.0,0.0,0.0,0.0,0.0,0.0,0.0,0.0,0.0,0.0,0.0,0.0,2.23,0
0.9313648572919264,-0.8751397331943522,-0.2092842856030388,0.9165767827379468,-0.5217391304347826,0.013745704467353952,-0.36457941413598494,0.06666666666666672,1.0,0.3333333333333333,0.1545286870029169,-1.0,0.0,0.0,1.0,0.0,0.0,0.0,0.0,0.0,0.0,0.0,0.0,0.0,0.0,0.0,0.0,0.0,0.0,0.0,1.0,0.0,0.0,0.0,0.0,0.0,0.0,0.0,0.0,0.0,0.0,0.0,0.0,0.0,0.0,0.8,0
0.03459006539150785,-0.013572604413307253,-0.4574562290833207,0.020667620282015253,-0.2608695652173913,-0.2611683848797251,-0.32549314700349363,-0.5666666666666665,-0.8181818181818182,-0.6666666666666666,-0.149512334562463,-1.0,0.0,0.0,0.0,1.0,0.0,0.0,0.0,0.0,0.0,0.0,0.0,0.0,0.0,0.0,0.0,0.0,0.0,0.0,0.0,0.0,0.0,0.0,0.0,1.0,0.0,0.0,0.0,0.0,0.0,0.0,0.0,0.0,0.0,0.74,0
-0.2118997468550139,0.14677636500352728,-0.2934854821463581,-0.22558426284208494,-0.6086956521739131,0.9347079037800687,-0.12023649556570813,-0.33333333333333326,0.6363636363636364,-0.3333333333333333,0.04049903072688877,0.0,0.0,0.0,0.0,1.0,0.0,0.0,0.0,0.0,0.0,0.0,0.0,0.0,0.0,0.0,0.0,0.0,0.0,0.0,0.0,0.0,1.0,0.0,0.0,0.0,0.0,0.0,0.0,0.0,0.0,0.0,0.0,0.0,0.0,0.11,0
-0.21240217202264855,0.1541824491082538,-0.3448925284570162,-0.22608620303397908,0.34782608695652173,-0.13745704467353953,0.2793335124966407,0.13333333333333333,-0.9090909090909091,-1.0,0.5516065644097511,0.0,0.0,0.0,0.0,1.0,0.0,0.0,0.0,0.0,0.0,0.0,0.0,0.0,0.0,0.0,0.0,0.0,0.0,0.0,0.0,0.0,1.0,0.0,0.0,0.0,0.0,0.0,0.0,0.0,0.0,0.0,0.0,0.0,0.0,0.41,0
-0.865531701095672,-0.8732209442809825,-0.5354531311603177,-0.8785852860278577,-0.30434782608695654,1.5945017182130585,-0.31347487234614346,-0.09999999999999998,-0.8181818181818182,1.0,2.255357237592456,0.0,0.0,0.0,0.0,0.0,1.0,0.0,0.0,0.0,0.0,0.0,0.0,0.0,0.0,0.0,0.0,0.0,0.0,0.0,0.0,0.0,0.0,1.0,0.0,0.0,0.0,0.0,0.0,0.0,0.0,0.0,0.0,0.0,0.0,1.75,0
1.1661288140833617,-0.7486319951818198,10.160757814995232,1.151114129018763,0.5217391304347826,-0.10996563573883161,3.3978500403117433,1.0666666666666664,-1.0,-0.3333333333333333,-0.1490184204339967,-1.0,0.0,-1.0,1.0,0.0,0.0,0.0,0.0,0.0,0.0,0.0,0.0,0.0,0.0,0.0,0.0,0.0,0.0,0.0,1.0,0.0,0.0,0.0,0.0,0.0,0.0,0.0,0.0,0.0,0.0,0.0,0.0,0.0,0.0,1.9,0
0.021581010793232578,-0.009911593482932954,-0.6152226869425488,0.007671122928665813,-0.6521739130434783,1.4845360824742269,-0.1377049180327869,-0.4999999999999999,0.6363636363636364,-0.6666666666666666,-0.10671247400554672,-1.0,0.0,0.0,0.0,1.0,0.0,0.0,0.0,0.0,0.0,0.0,0.0,0.0,0.0,0.0,0.0,0.0,0.0,0.0,0.0,0.0,0.0,0.0,0.0,1.0,0.0,0.0,0.0,0.0,0.0,0.0,0.0,0.0,0.0,2.02,0
0.03442765566348401,-0.014141614881690258,-0.5097496067370861,0.020505367323164585,-0.2608695652173913,-0.35738831615120276,-0.3061005106154259,-0.5666666666666665,-0.8181818181818182,-0.3333333333333333,-0.1495024813249122,-1.0,0.0,0.0,0.0,1.0,0.0,0.0,0.0,0.0,0.0,0.0,0.0,0.0,0.0,0.0,0.0,0.0,0.0,0.0,0.0,0.0,0.0,0.0,0.0,1.0,0.0,0.0,0.0,0.0,0.0,0.0,0.0,0.0,0.0,0.96,0
-0.8788575624649769,-0.8752897075002336,1.8922003144412776,-0.8918982843482917,0.7391304347826086,1.4982817869415808,0.17344799785004025,-0.19999999999999996,0.7272727272727273,0.3333333333333333,-0.04581992729719473,0.0,0.0,0.0,0.0,0.0,1.0,0.0,0.0,0.0,0.0,0.0,0.0,0.0,0.0,0.0,0.0,0.0,0.0,0.0,0.0,0.0,0.0,1.0,0.0,0.0,0.0,0.0,0.0,0.0,0.0,0.0,0.0,0.0,0.0,1.5,0
-0.8660109374094203,-0.8732341773079709,-0.6852426281689594,-0.8790640597493612,-0.17391304347826086,-0.3848797250859107,-0.34161246976619186,-0.19999999999999996,-0.8181818181818182,0.6666666666666666,3.928014668570765,0.0,0.0,0.0,0.0,0.0,1.0,0.0,0.0,0.0,0.0,0.0,0.0,0.0,0.0,0.0,0.0,0.0,0.0,0.0,0.0,0.0,0.0,1.0,0.0,0.0,0.0,0.0,0.0,0.0,0.0,0.0,0.0,0.0,0.0,1.83,0
-0.8660650447351625,-0.8732650543709533,-0.6666297320909625,-0.8791181148469468,-0.2608695652173913,-0.3848797250859107,-0.3427304488040849,-0.23333333333333328,0.5454545454545454,0.6666666666666666,-0.08579671995690513,0.0,0.0,0.0,0.0,0.0,1.0,0.0,0.0,0.0,0.0,0.0,0.0,0.0,0.0,0.0,0.0,0.0,0.0,0.0,0.0,0.0,0.0,1.0,0.0,0.0,0.0,0.0,0.0,0.0,0.0,0.0,0.0,0.0,0.0,1.47,0
0.42558503545961957,-0.04678312076104484,1.558054513422,0.4112851747918461,-0.2608695652173913,1.4158075601374571,-0.02934694974469228,0.09999999999999998,-0.6363636363636364,-0.6666666666666666,-0.13860957891962772,0.0,0.0,0.0,0.0,0.0,0.0,0.0,0.0,0.0,0.0,0.0,0.0,0.0,0.0,0.0,0.0,0.0,0.0,1.0,0.0,0.0,0.0,0.0,0.0,0.0,0.0,0.0,0.0,0.0,0.0,0.0,0.0,0.0,1.0,1.02,0
-0.20501265724941775,0.1465028824457686,0.6451362772154855,-0.21870382113471615,1.1304347826086956,-0.6323024054982818,-0.0843859177640419,-0.033333333333333263,0.7272727272727273,1.0,-0.11768079157516229,0.0,0.0,0.0,0.0,1.0,0.0,0.0,0.0,0.0,0.0,0.0,0.0,0.0,0.0,0.0,0.0,0.0,0.0,0.0,0.0,0.0,1.0,0.0,0.0,0.0,0.0,0.0,0.0,0.0,0.0,0.0,0.0,0.0,0.0,1.05,0
1.1575953158515118,-0.7658349302672062,-0.2092842856030388,1.1425888679133362,-0.34782608695652173,-0.3024054982817869,2.322870196183821,1.0666666666666664,0.6363636363636364,0.3333333333333333,-0.14991140716025636,-1.0,0.0,0.0,1.0,0.0,0.0,0.0,0.0,0.0,0.0,0.0,0.0,0.0,0.0,0.0,0.0,0.0,0.0,0.0,1.0,0.0,0.0,0.0,0.0,0.0,0.0,0.0,0.0,0.0,0.0,0.0,0.0,0.0,0.0,1.5,0
0.03411858181287414,-0.012738876867596921,-0.47163749084540263,0.020196591812146805,-0.43478260869565216,0.46735395189003437,-0.3300241870464929,-0.5666666666666665,0.8181818181818182,-0.6666666666666666,-0.1494994660364978,-1.0,0.0,0.0,0.0,1.0,0.0,0.0,0.0,0.0,0.0,0.0,0.0,0.0,0.0,0.0,0.0,0.0,0.0,0.0,0.0,0.0,0.0,0.0,0.0,1.0,0.0,0.0,0.0,0.0,0.0,0.0,0.0,0.0,0.0,0.93,0
-2.00039730236333,7.24405543410424,13.718745849562039,-1.5449579959257336,1.565217391304348,0.17869415807560138,5.666057511421661,1.5333333333333332,0.0,1.0,-0.08309264885165897,0.0,0.0,-1.0,0.0,0.0,0.0,0.0,0.0,0.0,0.0,0.0,0.0,0.0,1.0,0.0,0.0,0.0,0.0,0.0,0.0,0.0,0.0,0.0,0.0,0.0,0.0,0.0,0.0,0.0,0.0,0.0,1.0,0.0,0.0,4.6,1
0.011073450694698256,3.85253118789052,0.2190782227062898,-0.002826294541537339,0.5652173913043478,-0.3024054982817869,5.074818597151302,1.2333333333333334,-0.5454545454545454,-0.3333333333333333,0.06690280741352486,0.0,0.0,0.0,0.0,0.0,0.0,0.0,0.0,0.0,0.0,0.0,0.0,1.0,0.0,0.0,0.0,0.0,0.0,0.0,0.0,0.0,0.0,0.0,0.0,0.0,0.0,0.0,0.0,0.0,0.0,0.0,1.0,0.0,0.0,4.6,1
-0.1126823706738288,0.11132949670964834,-0.4858187416189927,-0.12646265817789928,-0.043478260869565216,-0.27491408934707906,0.37715667831228167,-0.1666666666666666,0.9090909090909091,0.6666666666666666,0.8436789505932925,0.0,0.0,0.0,0.0,1.0,0.0,0.0,0.0,0.0,0.0,0.0,0.0,0.0,0.0,0.0,0.0,0.0,0.0,0.0,0.0,0.0,1.0,0.0,0.0,0.0,0.0,0.0,0.0,0.0,0.0,0.0,0.0,0.0,0.0,0.52,0
1.0174496125528991,-0.8145854016937926,-0.13306004452171813,1.0025784430016602,-0.6956521739130435,0.41237113402061853,-0.22848696586938996,-0.033333333333333263,0.09090909090909091,0.3333333333333333,0.6663582422066422,0.0,0.0,0.0,1.0,0.0,0.0,0.0,0.0,0.0,0.0,0.0,0.0,0.0,0.0,0.0,0.0,0.0,0.0,0.0,0.0,1.0,0.0,0.0,0.0,0.0,0.0,0.0,0.0,0.0,0.0,0.0,0.0,0.0,0.0,-0.91,0
-0.8852963342286808,1.4381213037015455,0.0512962594889178,-0.8983308409613522,-0.30434782608695654,1.745704467353952,3.0441816715936576,0.8666666666666666,0.09090909090909091,0.3333333333333333,-0.12495526549826635,0.0,0.0,0.0,0.0,0.0,0.0,0.0,0.0,0.0,0.0,0.0,0.0,1.0,0.0,0.0,0.0,0.0,0.0,0.0,0.0,0.0,0.0,0.0,0.0,0.0,0.0,0.0,0.0,1.0,0.0,0.0,0.0,0.0,0.0,3.13,0
0.7708516106591414,-0.9200790928481768,-0.2092842856030388,0.7562184746625015,0.391304347826087,2.1305841924398625,7.160279494759472,2.733333333333333,1.0,0.6666666666666666,-0.014109127662356032,-1.0,0.0,0.0,1.0,0.0,0.0,0.0,0.0,0.0,0.0,0.0,0.0,0.0,0.0,0.0,0.0,0.0,0.0,0.0,1.0,0.0,0.0,0.0,0.0,0.0,0.0,0.0,0.0,0.0,0.0,0.0,0.0,0.0,0.0,3.1,0
0.03406444523686476,-0.013497692105374865,-0.41313980984999477,0.020142507492528487,0.8695652173913043,-0.6460481099656358,-0.3034130610051061,-0.4999999999999999,0.8181818181818182,0.6666666666666666,-0.10247844885424337,-1.0,0.0,0.0,0.0,1.0,0.0,0.0,0.0,0.0,0.0,0.0,0.0,0.0,0.0,0.0,0.0,0.0,0.0,0.0,0.0,0.0,0.0,0.0,0.0,1.0,0.0,0.0,0.0,0.0,0.0,0.0,0.0,0.0,0.0,1.82,0
1.0237956289010397,-0.8235573939921709,2.263571907616549,1.0089183337331398,-0.6086956521739131,2.350515463917526,0.7104004299919376,0.7333333333333333,-0.9090909090909091,0.0,1.0576307172736366,-1.0,0.0,0.0,1.0,0.0,0.0,0.0,0.0,0.0,0.0,0.0,0.0,0.0,0.0,0.0,0.0,0.0,0.0,0.0,1.0,0.0,0.0,0.0,0.0,0.0,0.0,0.0,0.0,0.0,0.0,0.0,0.0,0.0,0.0,0.8,0
-0.21654524725115384,0.14938327132031276,0.022933751179589165,-0.23022527907791662,0.2608695652173913,-0.3024054982817869,0.07411986025262024,0.06666666666666672,0.18181818181818182,0.3333333333333333,2.7509034115092583,0.0,0.0,0.0,0.0,1.0,0.0,0.0,0.0,0.0,0.0,0.0,0.0,0.0,0.0,0.0,0.0,0.0,0.0,0.0,0.0,0.0,1.0,0.0,0.0,0.0,0.0,0.0,0.0,0.0,0.0,0.0,0.0,0.0,0.0,0.33,0
0.03442004823613737,-0.013519701381832425,-0.5576113361280031,0.020497767239036298,-0.4782608695652174,-0.013745704467353952,-0.31753829615694706,-0.5666666666666665,-0.2727272727272727,0.0,-0.14954888051712464,-1.0,0.0,0.0,0.0,1.0,0.0,0.0,0.0,0.0,0.0,0.0,0.0,0.0,0.0,0.0,0.0,0.0,0.0,0.0,0.0,0.0,0.0,0.0,0.0,1.0,0.0,0.0,0.0,0.0,0.0,0.0,0.0,0.0,0.0,0.23,0
0.2855181742642356,-0.18155179642175073,0.23387990673022066,0.27135351587951323,0.7391304347826086,2.4879725085910653,19.576296694436977,1.1333333333333333,0.6363636363636364,1.0,0.051208395986557215,0.0,0.0,0.0,0.0,0.0,0.0,0.0,0.0,0.0,0.0,0.0,0.0,1.0,0.0,0.0,0.0,0.0,0.0,0.0,0.0,0.0,0.0,0.0,0.0,0.0,0.0,0.0,0.0,0.0,0.0,0.0,1.0,0.0,0.0,3.2,0
1.0704516029295232,-0.7870342395031972,1.1556614267834002,1.0555292721682448,-0.5217391304347826,1.4845360824742269,-0.36457941413598494,2.733333333333333,0.5454545454545454,-1.0,-0.1483479224479519,-1.0,0.0,0.0,1.0,0.0,0.0,0.0,0.0,0.0,0.0,0.0,0.0,0.0,0.0,0.0,0.0,0.0,0.0,0.0,1.0,0.0,0.0,0.0,0.0,0.0,0.0,0.0,0.0,0.0,0.0,0.0,0.0,0.0,0.0,0.6,0
-0.8663510405998185,-0.8734723717937682,-0.6923332552462916,-0.8794038346484889,-0.043478260869565216,-0.41237113402061853,-0.30964794410104807,-0.1666666666666666,-0.18181818181818182,0.0,0.833415436094305,0.0,0.0,0.0,0.0,0.0,1.0,0.0,0.0,0.0,0.0,0.0,0.0,0.0,0.0,0.0,0.0,0.0,0.0,0.0,0.0,0.0,0.0,1.0,0.0,0.0,0.0,0.0,0.0,0.0,0.0,0.0,0.0,0.0,0.0,1.01,0
-0.42912520048696656,0.6179162358933057,-0.007130507628299149,-0.44260003534734427,0.2608695652173913,0.041237113402061855,0.7104004299919376,0.3999999999999999,0.5454545454545454,0.3333333333333333,4.362853530054376,0.0,0.0,0.0,0.0,0.0,0.0,0.0,0.0,0.0,0.0,0.0,0.0,0.0,0.0,0.0,0.0,1.0,0.0,0.0,0.0,0.0,0.0,0.0,0.0,0.0,0.0,0.0,0.0,0.0,0.0,1.0,0.0,0.0,0.0,2.6,0
0.9255676438192023,-0.8237955884779689,4.497119436976177,0.9107851651391515,-0.391304347826087,1.0584192439862543,2.322870196183821,0.3999999999999999,-0.36363636363636365,-1.0,-0.15012078021971795,-1.0,0.0,0.0,1.0,0.0,0.0,0.0,0.0,0.0,0.0,0.0,0.0,0.0,0.0,0.0,0.0,0.0,0.0,0.0,1.0,0.0,0.0,0.0,0.0,0.0,0.0,0.0,0.0,0.0,0.0,0.0,0.0,0.0,0.0,1.9,0
0.6387678988965955,7.455026936780621,2.789076006885328,0.6242622592915484,6.0,0.5498281786941581,8.364256920182745,1.3666666666666665,0.8181818181818182,0.3333333333333333,-0.11666444165568716,0.0,0.0,0.0,0.0,0.0,0.0,0.0,0.0,0.0,0.0,0.0,0.0,0.0,0.0,0.0,1.0,0.0,0.0,0.0,0.0,0.0,0.0,0.0,0.0,0.0,0.0,0.0,0.0,0.0,0.0,0.0,1.0,0.0,0.0,4.9,1
-1.2855452279271096,1.5843427231201324,0.21287392401362415,-1.2981933865703408,3.0869565217391304,-0.43986254295532645,2.0218758398280032,3.966666666666667,0.45454545454545453,0.3333333333333333,0.9200358735288685,0.0,0.0,0.0,0.0,0.0,0.0,0.0,0.0,0.0,0.0,0.0,0.0,1.0,0.0,0.0,0.0,0.0,0.0,0.0,0.0,0.0,0.0,0.0,0.0,0.0,0.0,0.0,0.0,0.0,0.0,0.0,1.0,0.0,0.0,5.0,1
1.0171713463062084,-0.8149162273685119,-0.7091734945549555,1.002300445356918,-0.6956521739130435,0.19243986254295534,-0.2058048911582908,-0.23333333333333328,-0.2727272727272727,-1.0,0.7379461322596865,0.0,0.0,0.0,1.0,0.0,0.0,0.0,0.0,0.0,0.0,0.0,0.0,0.0,0.0,0.0,0.0,0.0,0.0,0.0,0.0,1.0,0.0,0.0,0.0,0.0,0.0,0.0,0.0,0.0,0.0,0.0,0.0,0.0,0.0,-0.09,0
0.03242566385265225,-0.011239217269113637,-0.7020828676889405,0.018505307974166867,-0.6086956521739131,0.43986254295532645,-0.25014780972856754,-0.5333333333333332,0.7272727272727273,1.0,-0.14953983465188153,-1.0,0.0,0.0,0.0,1.0,0.0,0.0,0.0,0.0,0.0,0.0,0.0,0.0,0.0,0.0,0.0,0.0,0.0,0.0,0.0,0.0,0.0,0.0,0.0,1.0,0.0,0.0,0.0,0.0,0.0,0.0,0.0,0.0,0.0,0.94,0
-0.2982936868345289,0.4721147445311632,-0.1117970265735684,-0.3118948093777309,-0.08695652173913043,-0.10996563573883161,-0.36457941413598494,-0.2666666666666666,0.8181818181818182,1.0,0.9915297294235476,0.0,0.0,0.0,0.0,0.0,0.0,0.0,0.0,0.0,0.0,1.0,0.0,0.0,0.0,0.0,0.0,0.0,0.0,0.0,0.0,0.0,0.0,0.0,0.0,0.0,0.0,0.0,0.0,0.0,0.0,1.0,0.0,0.0,0.0,2.0,0
-0.19583760072658332,0.12643279151282685,-0.41136715730700507,-0.20953762101501966,1.2173913043478262,-0.41237113402061853,0.02080085998387529,0.06666666666666672,0.7272727272727273,0.3333333333333333,-0.1475902117756924,-1.0,0.0,0.0,0.0,1.0,0.0,0.0,0.0,0.0,0.0,0.0,0.0,0.0,0.0,0.0,0.0,0.0,0.0,0.0,0.0,0.0,1.0,0.0,0.0,0.0,0.0,0.0,0.0,0.0,0.0,0.0,0.0,0.0,0.0,1.21,0
-0.09313421685231964,0.05614773539788418,-0.2225792198257226,-0.1069333735950062,-0.6521739130434783,0.8109965635738832,-0.224832034399355,-0.5666666666666665,-1.0,-0.3333333333333333,-0.04124412002797119,-1.0,0.0,0.0,0.0,1.0,0.0,0.0,0.0,0.0,0.0,0.0,0.0,0.0,0.0,0.0,0.0,0.0,0.0,0.0,0.0,0.0,0.0,0.0,0.0,1.0,0.0,0.0,0.0,0.0,0.0,0.0,0.0,0.0,0.0,1.32,0
-0.18884229646949766,0.13473872145276203,-0.2996897808390237,-0.2025490691124747,1.4782608695652173,-0.7835051546391752,0.014995968825584523,-0.033333333333333263,0.0,-1.0,-0.05128682643930274,0.0,0.0,0.0,0.0,1.0,0.0,0.0,0.0,0.0,0.0,0.0,0.0,0.0,0.0,0.0,0.0,0.0,0.0,0.0,0.0,0.0,1.0,0.0,0.0,0.0,0.0,0.0,0.0,0.0,0.0,0.0,0.0,0.0,0.0,0.9,0
-0.8763299773908692,-0.879286081650839,2.291934415925877,-0.8893731390752169,0.5217391304347826,0.013745704467353952,-0.06621875839828005,-0.23333333333333328,0.0,0.6666666666666666,3.573044535929339,0.0,0.0,0.0,0.0,0.0,1.0,0.0,0.0,0.0,0.0,0.0,0.0,0.0,0.0,0.0,0.0,0.0,0.0,0.0,0.0,0.0,0.0,1.0,0.0,0.0,0.0,0.0,0.0,0.0,0.0,0.0,0.0,0.0,0.0,1.54,0
0.9315271792691627,-0.8736488121536272,-0.7729891382509447,0.9167389480307132,-0.7391304347826086,1.0721649484536082,-0.1495834453104004,-0.33333333333333326,-0.8181818181818182,-1.0,0.9944758309742512,0.0,0.0,0.0,1.0,0.0,0.0,0.0,0.0,0.0,0.0,0.0,0.0,0.0,0.0,0.0,0.0,0.0,0.0,0.0,0.0,1.0,0.0,0.0,0.0,0.0,0.0,0.0,0.0,0.0,0.0,0.0,0.0,0.0,0.0,-0.57,0
0.03275030639178849,-0.01322853278872838,-0.37768668714236336,0.01882963714572928,0.4782608695652174,-0.28865979381443296,-0.3499758129535071,-0.4999999999999999,1.0,0.0,-0.0309707687684187,-1.0,0.0,0.0,0.0,1.0,0.0,0.0,0.0,0.0,0.0,0.0,0.0,0.0,0.0,0.0,0.0,0.0,0.0,0.0,0.0,0.0,0.0,0.0,0.0,1.0,0.0,0.0,0.0,0.0,0.0,0.0,0.0,0.0,0.0,1.42,0
-0.10225511604089056,0.12149246143701496,-0.2571460183750308,-0.11604546865686757,0.17391304347826086,-0.3711340206185567,0.029561945713517893,-0.33333333333333326,0.9090909090909091,-0.6666666666666666,0.9169438188373202,0.0,0.0,0.0,0.0,1.0,0.0,0.0,0.0,0.0,0.0,0.0,0.0,0.0,0.0,0.0,0.0,0.0,0.0,0.0,0.0,0.0,1.0,0.0,0.0,0.0,0.0,0.0,0.0,0.0,0.0,0.0,0.0,0.0,0.0,1.44,0
0.057683047015400175,0.07486456753942487,0.20869045403799816,0.04373831095277734,0.13043478260869565,0.06872852233676977,0.46315506584251537,-0.07666666666666663,-0.45454545454545453,0.6666666666666666,3.677716434096689,0.0,0.0,0.0,0.0,0.0,0.0,0.0,0.0,0.0,1.0,0.0,0.0,0.0,0.0,0.0,0.0,0.0,0.0,0.0,0.0,0.0,0.0,0.0,0.0,0.0,0.0,1.0,0.0,0.0,0.0,0.0,0.0,0.0,0.0,1.56,0
0.17868248661809777,7.00399509150117,5.640305787519053,0.16462095347483383,0.0,0.7147766323024055,2.871109916689062,0.9999999999999998,-0.9090909090909091,-0.6666666666666666,-0.13587385552452355,0.0,0.0,-1.0,0.0,0.0,0.0,0.0,1.0,0.0,0.0,0.0,0.0,0.0,0.0,0.0,0.0,0.0,0.0,0.0,0.0,0.0,0.0,0.0,0.0,0.0,0.0,0.0,0.0,0.0,0.0,0.0,1.0,0.0,0.0,4.3,0
-0.42810489091576703,0.6169369918961378,0.00099712365909278,-0.4415807106499562,0.5217391304347826,-0.013745704467353952,0.17291050792797635,0.7333333333333333,-0.9090909090909091,0.3333333333333333,0.1660790046674646,0.0,0.0,0.0,0.0,0.0,0.0,0.0,0.0,0.0,0.0,0.0,0.0,0.0,0.0,0.0,0.0,1.0,0.0,0.0,0.0,0.0,0.0,0.0,0.0,0.0,0.0,0.0,0.0,0.0,0.0,1.0,0.0,0.0,0.0,1.9,0
-0.12886819068967434,0.11875322485034163,-0.0701307292103953,-0.14263285451373572,0.8695652173913043,-0.3711340206185567,-0.05503896801934963,-0.033333333333333263,0.5454545454545454,-0.6666666666666666,-0.0808771533314569,0.0,0.0,0.0,0.0,1.0,0.0,0.0,0.0,0.0,0.0,0.0,0.0,0.0,0.0,0.0,0.0,0.0,0.0,0.0,0.0,0.0,1.0,0.0,0.0,0.0,0.0,0.0,0.0,0.0,0.0,0.0,0.0,0.0,0.0,1.73,0
-0.10062416665056276,0.1220217825165652,0.07434079749024719,-0.11441609357240506,-0.21739130434782608,-0.4948453608247423,-0.17672668637463046,-0.19999999999999996,-0.09090909090909091,1.0,0.3503366559216535,0.0,0.0,0.0,0.0,1.0,0.0,0.0,0.0,0.0,0.0,0.0,0.0,0.0,0.0,0.0,0.0,0.0,0.0,0.0,0.0,0.0,1.0,0.0,0.0,0.0,0.0,0.0,0.0,0.0,0.0,0.0,0.0,0.0,0.0,0.68,0
-0.8809754777870089,1.5288204706824973,0.1860181739582287,-0.8940141553110484,-0.7391304347826086,3.0378006872852232,2.914109110454179,-0.09999999999999998,-0.2727272727272727,1.0,-0.10928383946658862,0.0,0.0,0.0,0.0,0.0,0.0,0.0,0.0,0.0,0.0,0.0,0.0,1.0,0.0,0.0,0.0,0.0,0.0,0.0,0.0,0.0,0.0,0.0,0.0,0.0,0.0,0.0,0.0,1.0,0.0,0.0,0.0,0.0,0.0,3.38,0
1.1889930240197857,-0.6752416275021645,-0.5726789233163115,1.1739562688284118,-0.13043478260869565,-0.041237113402061855,2.322870196183821,1.0666666666666664,-0.6363636363636364,0.6666666666666666,-0.14987329589193693,-1.0,0.0,0.0,1.0,0.0,0.0,0.0,0.0,0.0,0.0,0.0,0.0,0.0,0.0,0.0,0.0,0.0,0.0,0.0,1.0,0.0,0.0,0.0,0.0,0.0,0.0,0.0,0.0,0.0,0.0,0.0,0.0,0.0,0.0,1.6,0
-0.033005468704708545,0.21982708499048007,0.48382451120617903,-0.04686266590005593,-0.5652173913043478,0.9759450171821306,0.32932007524858903,-0.09999999999999998,1.0909090909090908,0.3333333333333333,3.600987032418516,0.0,0.0,0.0,0.0,0.0,0.0,0.0,0.0,0.0,0.0,0.0,0.0,0.0,0.0,0.0,0.0,0.0,1.0,0.0,0.0,0.0,0.0,0.0,0.0,0.0,0.0,0.0,0.0,0.0,0.0,0.0,0.0,1.0,0.0,1.2,0
-0.18891186303117036,0.12437285031155916,-0.25891867514436384,-0.20261856852366023,-0.17391304347826086,0.0,0.14522977694168235,-0.2666666666666666,0.5454545454545454,-0.3333333333333333,1.0243112530312353,0.0,0.0,0.0,0.0,1.0,0.0,0.0,0.0,0.0,0.0,0.0,0.0,0.0,0.0,0.0,0.0,0.0,0.0,0.0,0.0,0.0,1.0,0.0,0.0,0.0,0.0,0.0,0.0,0.0,0.0,0.0,0.0,0.0,0.0,0.88,0
0.6342383427699053,-1.49525261091457,0.37391979150753063,0.6197370754076879,-0.6956521739130435,1.0859106529209621,-0.3289223327062617,-0.3999999999999999,0.36363636363636365,0.0,0.11062641722932176,0.0,0.0,0.0,1.0,0.0,0.0,0.0,0.0,0.0,0.0,0.0,0.0,0.0,0.0,0.0,0.0,0.0,0.0,0.0,0.0,1.0,0.0,0.0,0.0,0.0,0.0,0.0,0.0,0.0,0.0,0.0,0.0,0.0,0.0,2.09,0
0.6832363910413695,-1.2596870864786724,-0.4397296656163337,0.6686878273527062,-0.6956521739130435,0.9896907216494846,-0.3189841440472991,0.8666666666666666,-0.36363636363636365,0.6666666666666666,1.8510207371229261,0.0,0.0,0.0,1.0,0.0,0.0,0.0,0.0,0.0,0.0,0.0,0.0,0.0,0.0,0.0,0.0,0.0,0.0,0.0,0.0,1.0,0.0,0.0,0.0,0.0,0.0,0.0,0.0,0.0,0.0,0.0,0.0,0.0,0.0,0.47,0
-0.1919032251830961,0.1412008496322813,0.784289833608129,-0.20560704320463874,1.173913043478261,-0.7560137457044673,-0.15608707336737437,-0.06666666666666662,-0.8181818181818182,-0.6666666666666666,-0.14775465209468405,-1.0,0.0,0.0,0.0,1.0,0.0,0.0,0.0,0.0,0.0,0.0,0.0,0.0,0.0,0.0,0.0,0.0,0.0,0.0,0.0,0.0,1.0,0.0,0.0,0.0,0.0,0.0,0.0,0.0,0.0,0.0,0.0,0.0,0.0,0.94,0
1.0183694370905696,-0.8145589356398149,-0.5265898473136525,1.0034973796606672,-0.6956521739130435,0.8247422680412371,-0.3087342112335394,0.0,-1.0,0.6666666666666666,1.534445606497604,0.0,0.0,0.0,1.0,0.0,0.0,0.0,0.0,0.0,0.0,0.0,0.0,0.0,0.0,0.0,0.0,0.0,0.0,0.0,0.0,1.0,0.0,0.0,0.0,0.0,0.0,0.0,0.0,0.0,0.0,0.0,0.0,0.0,0.0,-0.54,0
